"ViewName","ViewDefinition"
BAK_FACT_MDM_XSR_COMPONENTS_PERNR_V,"



CREATE VIEW [dbo].[FACT_MDM_XSR_COMPONENTS_PERNR_V] AS 

SELECT 
CAST(1 AS INT) SERIES_ID
,COALESCE(agt.[AGENT_SKILL_LOCATION_ID],-1) AS AGENT_SKILL_LOCATION_ID 
,COALESCE(agt.SK_PERSON_HIER_ID,-1) AS PERSON_HIER_ID
, COALESCE(agt.AGENT_TENURE_HIER_ID,-1) AS AGENT_TENURE_HIER_ID,

 Z.[FISCAL_PERIOD_INT],
      [DATEKEY],
     CAST( NULL AS DECIMAL(12,4)) AS [NRDP_AGENT_FISCAL_PERIOD_ID],
	   XSR_PERNR,
	   [ANY_XSR_NUMERATOR],
	    [TOTAL_XM_LINE_CONTRIBUTION_CNT],
      [FLEX_DEVICE_ACTIVATION_CNT],
	    [ADD_XSR_XI_SPEED_TIER_CNT],
	    [ADD_XSR_XTV_PREFER_TIER_CNT],
	  [ADD_XSR_XM_LINE_SOLD_CNT],
	    [XM_LINE_CONTRIBUTION_REFERRAL_CNT],
	   [ADD_XSR_XFI_COMPLETE_CNT],
        [ADD_XSR_XFI_GATEWAY_CNT],
        [XM_LINE_SOLD_CNT],
   XSR_COMPONENT_ID 
   FROM
(
select [FISCAL_PERIOD_INT],
      [DATEKEY],
     -- [NRDP_AGENT_FISCAL_PERIOD_ID],
	   PERNR_NUM AS XSR_PERNR,
	   CASE WHEN MAX( [ANY_XSR_NUMERATOR])>0 THEN 1 ELSE 0 END [ANY_XSR_NUMERATOR],
	   CASE WHEN MAX( [TOTAL_XM_LINE_CONTRIBUTION_CNT])>0 THEN 1 ELSE 0 END [TOTAL_XM_LINE_CONTRIBUTION_CNT],
       CASE WHEN MAX( [FLEX_DEVICE_ACTIVATION_CNT])>0 THEN 1 ELSE 0 END [FLEX_DEVICE_ACTIVATION_CNT],
	   CASE WHEN MAX( [ADD_XSR_XI_SPEED_TIER_CNT])>0 THEN 1 ELSE 0 END [ADD_XSR_XI_SPEED_TIER_CNT],
	   CASE WHEN MAX( [ADD_XSR_XTV_PREFER_TIER_CNT])>0 THEN 1 ELSE 0 END [ADD_XSR_XTV_PREFER_TIER_CNT],
	   CASE WHEN MAX( [ADD_XSR_XM_LINE_SOLD_CNT])>0 THEN 1 ELSE 0 END [ADD_XSR_XM_LINE_SOLD_CNT],
	   CASE WHEN MAX( [XM_LINE_CONTRIBUTION_REFERRAL_CNT])>0 THEN 1 ELSE 0 END [XM_LINE_CONTRIBUTION_REFERRAL_CNT],
	   CASE WHEN MAX( [ADD_XSR_XFI_COMPLETE_CNT])>0 THEN 1 ELSE 0 END [ADD_XSR_XFI_COMPLETE_CNT],
       CASE WHEN MAX( [ADD_XSR_XFI_GATEWAY_CNT])>0 THEN 1 ELSE 0 END [ADD_XSR_XFI_GATEWAY_CNT],
       CASE WHEN MAX( [XM_LINE_SOLD_CNT])>0 THEN 1 ELSE 0 END [XM_LINE_SOLD_CNT],

	   NRDP_DM.dbo.BinaryToInteger(REVERSE(CASE WHEN MAX( [ANY_XSR_NUMERATOR])>0 THEN '1' ELSE '0' END +
	   CASE WHEN MAX( [TOTAL_XM_LINE_CONTRIBUTION_CNT])>0 THEN '1' ELSE '0' END +
       CASE WHEN MAX( [FLEX_DEVICE_ACTIVATION_CNT])>0 THEN '1' ELSE '0' END +
	   CASE WHEN MAX( [ADD_XSR_XI_SPEED_TIER_CNT])>0 THEN '1' ELSE '0' END +
	   CASE WHEN MAX( [ADD_XSR_XTV_PREFER_TIER_CNT])>0 THEN '1' ELSE '0' END +
	   CASE WHEN MAX( [ADD_XSR_XM_LINE_SOLD_CNT])>0 THEN '1' ELSE '0' END +
	   CASE WHEN MAX( [XM_LINE_CONTRIBUTION_REFERRAL_CNT])>0 THEN '1' ELSE '0' END +
	   CASE WHEN MAX( [ADD_XSR_XFI_COMPLETE_CNT])>0 THEN '1' ELSE '0' END +
       CASE WHEN MAX( [ADD_XSR_XFI_GATEWAY_CNT])>0 THEN '1' ELSE '0' END +
       CASE WHEN MAX( [XM_LINE_SOLD_CNT])>0 THEN '1' ELSE '0' END ))  XSR_COMPONENT_ID 



	  FROM 
(SELECT [FISCAL_PERIOD_INT],
      [DATEKEY],
      [NRDP_AGENT_FISCAL_PERIOD_ID],
	  PERNR_NUM,
CAST(1 AS INT) AS [ANY_XSR_NUMERATOR],
CAST(0 AS INT) AS [TOTAL_XM_LINE_CONTRIBUTION_CNT],
CAST(1 AS INT) AS  [FLEX_DEVICE_ACTIVATION_CNT],
CAST(0 AS INT) AS [ADD_XSR_XI_SPEED_TIER_CNT],
CAST(0 AS INT) AS [ADD_XSR_XTV_PREFER_TIER_CNT],
CAST(0 AS INT) AS [ADD_XSR_XM_LINE_SOLD_CNT],
CAST(0 AS INT) AS [XM_LINE_CONTRIBUTION_REFERRAL_CNT],
CAST(0 AS INT) AS [ADD_XSR_XFI_COMPLETE_CNT],
CAST(0 AS INT) AS [ADD_XSR_XFI_GATEWAY_CNT],
CAST(0 AS INT) AS [XM_LINE_SOLD_CNT]
  FROM [NRDP_DM].[dbo].[FACT_DEVICE_ACTIVATION]
  where [PERNR_NUM] > 0
  and [FLEX_ACTIVATION] > 0 
union all

SELECT [FISCAL_PERIOD_INT],
      [DATEKEY],
      [NRDP_AGENT_FISCAL_PERIOD_ID],
	  PERNR_NUM,
CAST(1 AS INT) AS [ANY_XSR_NUMERATOR],
[XM_LINE_CONTRIBUTION_REFERRAL_CNT] AS [TOTAL_XM_LINE_CONTRIBUTION_CNT],
CAST(0 AS INT) AS [FLEX_DEVICE_ACTIVATION_CNT],
[ADD_XSR_XI_SPEED_TIER_CNT],
[ADD_XSR_XTV_PREFER_TIER_CNT],
[ADD_XSR_XM_LINE_SOLD_CNT],
[XM_LINE_CONTRIBUTION_REFERRAL_CNT],
[ADD_XSR_XFI_COMPLETE_CNT],
[ADD_XSR_XFI_GATEWAY_CNT],
CAST(0 AS INT) AS [XM_LINE_SOLD_CNT]
from [dbo].[FACT_XSR_ALL]
  where [PERNR_NUM] > 0
UNION ALL 

SELECT [FISCAL_PERIOD_INT],
      [DATEKEY],
      [NRDP_AGENT_FISCAL_PERIOD_ID],
	  PERNR_NUM,
CAST(1 AS INT) AS [ANY_XSR_NUMERATOR],
CAST(1 AS INT) AS [TOTAL_XM_LINE_CONTRIBUTION_CNT],
CAST(0 AS INT) AS [FLEX_DEVICE_ACTIVATION_CNT],
CAST(0 AS INT) AS [ADD_XSR_XI_SPEED_TIER_CNT],
CAST(0 AS INT) AS [ADD_XSR_XTV_PREFER_TIER_CNT],
CAST(0 AS INT) AS [ADD_XSR_XM_LINE_SOLD_CNT],
CAST(0 AS INT) AS [XM_LINE_CONTRIBUTION_REFERRAL_CNT],
CAST(0 AS INT) AS [ADD_XSR_XFI_COMPLETE_CNT],
CAST(0 AS INT) AS [ADD_XSR_XFI_GATEWAY_CNT],
CAST(1 AS INT) AS [XM_LINE_SOLD_CNT]
from dbo.FACT_XM_LINE_DETAIL
  where [PERNR_NUM] > 0

  ) X

  group by [FISCAL_PERIOD_INT]
      ,[DATEKEY]
      ,PERNR_NUM-- [NRDP_AGENT_FISCAL_PERIOD_ID]
	  ) Z LEFT JOIN 
[DIM_TABULAR_AGENT_SKILL_LOCATION_LKP]	   agt WITH (NOLOCK)
on Z.XSR_PERNR = AGT.PERNR_NUM
AND Z.FISCAL_PERIOD_INT = AGT.FISCAL_PERIOD_INT
"
DIM_MDM_ACCOUNT_PROMOTION_MONTHLY_SUMMARY_V,"



CREATE VIEW [dbo].[DIM_MDM_ACCOUNT_PROMOTION_MONTHLY_SUMMARY_V] AS

SELECT *
FROM [DIM_ACCOUNT_PROMOTION] With (NOLOCK)


"
DIM_MDM_AGENT_CHAT_CHARACTERISRICS_V,"CREATE VIEW DBO.DIM_MDM_AGENT_CHAT_CHARACTERISRICS
AS
SELECT [ChatRequestID]
      ,[RequestTypeGroup]
      ,[RequestType]
      ,[Status]
      ,[IsQueued]
      ,[IsSLAMet]
      ,[Queued]
      ,[SLAMet]
      ,[RequestDisposition]
      ,[IsEscalation]
      ,[IsDispositionValid]
      ,[DispositionValid]
      ,[Escalation]
  FROM [NRDP_DM].[dbo].[Dim_Agent_Chat_characteristics]"
DIM_MDM_AGENT_PERSON_DETAILS_V,"





CREATE VIEW [dbo].[DIM_MDM_AGENT_PERSON_DETAILS_V]
AS
SELECT 
[PERNR_NUM]
      ,nullif([FULL_NAME],'') AS [FULL_NAME]
      ,nullif([LAST_NAME],'') AS [LAST_NAME]
      ,nullif([FIRST_NAME],'') AS [FIRST_NAME]
      ,nullif([MIDDLE_NAME],'') AS [MIDDLE_NAME]
      ,nullif([NTLOGIN_ID],'') AS [NTLOGIN_ID]
      ,case when [EMPLOYMENT_TYPE] = 'Business Partner' then 'Vendor' 
		 when [EMPLOYMENT_TYPE] = 'Contractor'  then 'Vendor' 
		 when [EMPLOYMENT_TYPE] = 'Unknown Agent' then 'zUnknown'
		 else  [EMPLOYMENT_TYPE] end as [EMPLOYMENT_TYPE]
      ,case when [EMPLOYMENT_TYPE] = 'Business Partner' then 'Partner' 
		 when [EMPLOYMENT_TYPE] = 'Contractor'  then 'Partner' 
		 when [EMPLOYMENT_TYPE] = 'Employee'  then 'Internal' 
		 else  [EMPLOYMENT_TYPE] end as [AGENT_EMPLOYMENT_TYPE]
      ,[EMPLOYMENT_TYPE] AS [EMPLOYMENT_SUB_TYPE]
       ,case when [EMPLOYMENT_TYPE] = 'Business Partner' then 'Vendor' 
		 when [EMPLOYMENT_TYPE] = 'Contractor'  then 'Vendor' 
		 when [EMPLOYMENT_TYPE] = 'Employee'  then 'Employee' 
		 else  'Unknown' end as [EMPLOYMENT_TYPE_HIER]
      ,case when [EMPLOYMENT_TYPE] = 'Business Partner' then 'Partner' 
		 when [EMPLOYMENT_TYPE] = 'Contractor'  then 'Partner' 
		 when [EMPLOYMENT_TYPE] = 'Employee'  then 'Internal' 
		 else  null end as [AGENT_EMPLOYMENT_TYPE_HIER]
      ,nullif([EMPLOYMENT_TYPE],'Unknown Agent') AS [EMPLOYMENT_SUB_TYPE_HIER]

      ,nullif([EMAIL],'') AS [EMAIL]
      ,[HIRE_DATE]
      ,[TERMINATION_DATE]
FROM [dbo].[DIM_TABULAR_PERSON_DETAILS] WITH (NOLOCK)
"
DIM_MDM_AGENT_SKILL_LOCATION_CURRENT_V,"/****** Script for SelectTopNRows command from SSMS  ******/
CREATE VIEW DIM_MDM_AGENT_SKILL_LOCATION_CURRENT_V 
AS
SELECT * FROM 
(
select * ,
ROW_NUMBER () OVER (PARTITION BY PERNR_NUM ORDER BY FISCAL_PERIOD_INT DESC) RN 
FROM [DIM_TABULAR_AGENT_SKILL_LOCATION_LKP] ) L
WHERE RN = 1


"
DIM_MDM_AGENT_SKILL_LOCATION_V,"








CREATE   VIEW [dbo].[DIM_MDM_AGENT_SKILL_LOCATION_V] AS 
SELECT A.[AGENT_SKILL_LOCATION_ID]
      ,-1 [AGENT_SKILL_HIER_ID]
      ,[AGENT_SKILL]
      ,[SUB_QUEUE_NAME]
      ,[QUEUE_NAME]
/*,CASE  WHEN QUEUE_NAME IN ('Repair','Billing','Universal','Retention','Collections','Bulk/MDU','Social','Call Center Sales(Care)') THEN 'Care'
 WHEN QUEUE_NAME IN ('Comm Ops','Technical Operations') THEN 'Non-Care'
 WHEN QUEUE_NAME IN ('Call Center Sales','Direct Sales','Indirect Sales','Retail','Xfinity Communities')THEN 'Sales'
 WHEN QUEUE_NAME IN ('XMobile') THEN 'Care'
 WHEN QUEUE_NAME IN('CB Billing','CB Business Care','CB Collections','CB Repair','CB Retention') THEN 'CB Care'
 WHEN QUEUE_NAME IN('CB Admin','CB Technical Operations','CB Admin','CB Finance & Accounting',
 'CB Product Support','CB Technical Operations', 'CB Other') THEN 'CB Non-Care'
 WHEN QUEUE_NAME IN('CB Xfinity Communities','CB Marketing','CB Sales & Marketing') THEN 'CB Sales'
ELSE 'Other' END AS QUEUE_GROUP
*/
--DMRCXSO-1530
	--,CASE  
	--WHEN C.FISCAL_PERIOD_INT <=202212 THEN 
	--CASE
	--WHEN QUEUE_NAME IN ('Repair','Billing','Universal','Retention','Collections','Bulk/MDU','Social','Call Center Sales(Care)','XMobile') THEN 'Care'
	--WHEN QUEUE_NAME IN ('Comm Ops','Technical Operations') THEN 'Non-Care'
	--WHEN QUEUE_NAME IN ('Call Center Sales','Direct Sales','Indirect Sales','Retail','Xfinity Communities')THEN 'Sales'
	--WHEN QUEUE_NAME IN('CB Billing','CB Business Care','CB Collections','CB Repair','CB Retention') THEN 'CB Care'
	--WHEN QUEUE_NAME IN('CB Admin','CB Technical Operations','CB Admin','CB Finance & Accounting','CB Product Support','CB Technical Operations','CB Other') THEN 'CB Non-Care'
	--WHEN QUEUE_NAME IN('CB Xfinity Communities','CB Marketing','CB Sales & Marketing') THEN 'CB Sales'
	--ELSE 'Other' END
	--ELSE
	--CASE  
	--WHEN A.X2_PILLAR IN ('West Division (Payment Services)','Central Division (Collections)','Credit, Collections, Fraud') THEN 'Finance'
	--WHEN (QUEUE_NAME IN ('Repair','Billing','Universal','Retention','Collections','Bulk/MDU','Social','Call Center Sales(Care)','XMobile') OR A.X2_PILLAR IN('Repair','Account Management','Specialty')) THEN 'Care'
	--WHEN (QUEUE_NAME IN ('Comm Ops','Technical Operations') OR A.X2_PILLAR IN('Technical Support Center','Misc. Group')) THEN 'Non-Care'
	--WHEN (QUEUE_NAME IN ('Call Center Sales','Direct Sales','Indirect Sales','Retail','Xfinity Communities') OR A.X2_PILLAR = 'Sales') THEN 'Sales'
	--WHEN (QUEUE_NAME IN('CB Billing','CB Business Care','CB Collections','CB Repair','CB Retention') OR A.X2_PILLAR IN('Comcast Business','Enterprise Business (Built under Comcast Business)')) THEN 'CB Care'
	--WHEN QUEUE_NAME IN('CB Admin','CB Technical Operations','CB Admin','CB Finance & Accounting','CB Product Support','CB Technical Operations','CB Other') THEN 'CB Non-Care'
	--WHEN QUEUE_NAME IN('CB Xfinity Communities','CB Marketing','CB Sales & Marketing') THEN 'CB Sales'
	--ELSE 'Other' END END AS QUEUE_GROUP

		
----DMRCXSO-7248(QC logic Sprint 20)
,CASE  
WHEN C.FISCAL_PERIOD_INT <=202212 THEN 
CASE
WHEN QUEUE_NAME IN ('Repair','Billing','Universal','Retention','Collections','Bulk/MDU','Social','Call Center Sales(Care)','XMobile') THEN 'Care'
WHEN QUEUE_NAME IN ('Comm Ops','Technical Operations') THEN 'Non-Care'
WHEN QUEUE_NAME IN ('Call Center Sales','Direct Sales','Indirect Sales','Retail','Xfinity Communities')THEN 'Sales'
WHEN QUEUE_NAME IN('CB Billing','CB Business Care','CB Collections','CB Repair','CB Retention') THEN 'CB Care'
WHEN QUEUE_NAME IN('CB Admin','CB Technical Operations','CB Admin','CB Finance & Accounting','CB Product Support','CB Technical Operations','CB Other') THEN 'CB Non-Care'
WHEN QUEUE_NAME IN('CB Xfinity Communities','CB Marketing','CB Sales & Marketing') THEN 'CB Sales'
ELSE 'Other' END
WHEN C.FISCAL_PERIOD_INT > 202212 and C.FISCAL_PERIOD_INT <= 202412 THEN 
CASE  
WHEN A.X2_PILLAR IN ('West Division (Payment Services)','Central Division (Collections)','Credit, Collections, Fraud') THEN 'Finance'
WHEN A.X2_PILLAR = 'Specialty' AND A.X2_LOB='XUMO' THEN 'Non-Care' 
WHEN A.X2_PILLAR IN('Repair','Account Management','Specialty') THEN 'Care'
WHEN A.X2_PILLAR IN('Technical Support Center','Misc. Group') THEN 'Non-Care'
WHEN A.X2_PILLAR = 'Sales' THEN 'Sales'
WHEN A.X2_PILLAR IN('Comcast Business','Enterprise Business','Enterprise Business (Built under Comcast Business)') THEN 'CB Care'
WHEN QUEUE_NAME IN ('Repair','Billing','Universal','Retention','Collections','Bulk/MDU','Social','Call Center Sales(Care)','XMobile')  THEN 'Care'
WHEN QUEUE_NAME IN ('Comm Ops','Technical Operations')  THEN 'Non-Care'
WHEN QUEUE_NAME IN ('Call Center Sales','Direct Sales','Indirect Sales','Retail','Xfinity Communities')  THEN 'Sales'
WHEN QUEUE_NAME IN('CB Billing','CB Business Care','CB Collections','CB Repair','CB Retention') THEN 'CB Care'
WHEN QUEUE_NAME IN('CB Admin','CB Technical Operations','CB Admin','CB Finance & Accounting','CB Product Support','CB Technical Operations','CB Other') THEN 'CB Non-Care'
WHEN QUEUE_NAME IN('CB Xfinity Communities','CB Marketing','CB Sales & Marketing') THEN 'CB Sales'
ELSE 'Other' END
WHEN  C.FISCAL_PERIOD_INT > 202412 THEN
CASE  
WHEN A.X2_PILLAR IN ('West Division (Payment Services)','Central Division (Collections)','Credit, Collections, Fraud') THEN 'Finance'
WHEN A.X2_PILLAR = 'Specialty' AND A.X2_LOB='XUMO' THEN 'Non-Care' 
WHEN A.X2_PILLAR IN('Repair','Account Management','Specialty') THEN 'Care'
WHEN A.X2_PILLAR IN('Technical Support Center','Misc. Group') THEN 'Non-Care'
WHEN A.X2_PILLAR = 'Sales' THEN 'Sales'
WHEN A.X2_PILLAR IN('Comcast Business','Enterprise Business','Enterprise Business (Built under Comcast Business)') THEN 'CB Care'
WHEN QUEUE_NAME IN ('Comm Ops','Technical Operations')  THEN 'Non-Care'
WHEN QUEUE_NAME IN ('Call Center Sales','Direct Sales','Indirect Sales','Retail','Xfinity Communities')  THEN 'Sales'
WHEN QUEUE_NAME IN('CB Billing','CB Business Care','CB Collections','CB Repair','CB Retention') THEN 'CB Care'
WHEN QUEUE_NAME IN('CB Admin','CB Technical Operations','CB Admin','CB Finance & Accounting','CB Product Support','CB Technical Operations','CB Other') THEN 'CB Non-Care'
WHEN QUEUE_NAME IN('CB Xfinity Communities','CB Marketing','CB Sales & Marketing') THEN 'CB Sales'
ELSE 'Other' END
ELSE 'Other'
END AS QUEUE_GROUP


,CASE  WHEN QUEUE_NAME LIKE 'CB%' THEN 'Business' ELSE 'Residential' END AS QUEUE_BUSINESS
      ,[EWFM_JOB_TYPE]
      ,[JOB_CODE]
      ,[JOB_TITLE]
      ,[JOB_DESCRIPTION]
      ,[JOB_LEVEL]
,CASE WHEN [JOB_LEVEL] IN ('Director 1',
	'Director 2',
	'Director 3',
	'Manager 1',
	'Manager 2',
	'Supervisor',
	'Vice President 1',
	'Vice President 2',
	'Vice President 3',
	'Vice President 4',
	'BP Supervisor',
	'BP Manager',
	'BP Director') then 'Leader' else 'Non-Leader' end AS [LEADER_ROLE]
      ,[STAFFING_GROUP_NAME]
      ,[NED_STAFF_GROUP_NAME]
       ,-1 [AGENT_LOCATION_HIER_ID]
      ,coalesce(nullif(nullif(TRIM([DIVISION_NAME]),'Not Avaible'),'z Unknown Division'),'Not Available') as DIVISION_NAME
       ,rtrim(coalesce(nullif(nullif(nullif(nullif(REPLACE([REGION_NAME],' Region',''),'None'),''),'All'),'z Unknown Region'),'Not Available')) as REGION_NAME
     ,[CALL_CENTER_NAME]
      ,[COMPANY_NAME]
      ,[LOCATION_NAME]
      ,[GEO_SHORE]
      ,[GEO_REGION]
      ,[GEO_COUNTRY]
      ,[HR_ORG_UNIT]
      ,[NAT_TEAM]
      ,[NAT_CALLCENTER]
      ,[NAT_DEPARTMENT]
      ,[NAT_SITE]
	  ,'Known Agent' as KNOWN_AGENT_IND 
	  ,COALESCE(CA_LEVEL_CD,-1) AS CA_LEVEL_CD	  
	  ,IS_NEW_HIRE
	  ,ISNA_FLAG
	  ,CASE WHEN JOB_DESCRIPTION IS NULL THEN 'O'
			WHEN JOB_DESCRIPTION LIKE '%MANAGER%' OR JOB_DESCRIPTION LIKE '%MGR%' THEN 'M'
			WHEN JOB_DESCRIPTION LIKE '%SUPERVISOR%' THEN 'S'
			WHEN JOB_DESCRIPTION LIKE '%ANALYST%' THEN 'A'
			WHEN JOB_DESCRIPTION LIKE '%DIRECTOR%' OR JOB_DESCRIPTION LIKE 'DIR %' THEN 'D'
			ELSE 'O'
		END AS ROLE_CD 
	 --- DMRASSIST- 4988 (Below 5 X2 Columns) on 17/11/2023
	,CASE WHEN A.X2_EWFM_JOB_TYPE IS NULL THEN 'zUnknown X2 EWFM JOB TYPE' ELSE A.X2_EWFM_JOB_TYPE END AS X2_EWFM_JOB_TYPE
	,CASE WHEN A.X2_PILLAR IS NULL THEN 'zUnknown PILLAR' ELSE A.X2_PILLAR END AS X2_PILLAR
	,CASE WHEN A.X2_QUEUE_NAME IS NULL THEN 'Other' ELSE A.X2_QUEUE_NAME END AS X2_QUEUE_NAME
	,CASE WHEN A.X2_SUB_QUEUE_NAME IS NULL THEN 'Other Sub Queue' ELSE A.X2_SUB_QUEUE_NAME END AS X2_SUB_QUEUE_NAME
	,CASE WHEN A.X2_EWFM_LOB IS NULL THEN 'zUnknown LOB' ELSE A.X2_EWFM_LOB END AS X2_EWFM_LOB
	--DMRCXSO-2444
	,A.X2_Company
	,A.X2_Division
	,A.X2_LOB
	,A.X2_Language
	,A.X2_AGENT_TYPE
	,A.X2_SITE
	,A.X2_TRAINING_STATUS
	,A.X2_SUB_QUEUE_DETAIL
	  from [dbo].[DIM_TABULAR_AGENT_SKILL_LOCATION] A
	  LEFT JOIN DIM_TABULAR_AGENT_SKILL_LOCATION_FLAGS B
ON A.AGENT_SKILL_LOCATION_ID = B.AGENT_SKILL_LOCATION_ID
--DMRCXSO-1530
LEFT JOIN (
				SELECT AGENT_SKILL_LOCATION_ID, FISCAL_PERIOD_INT FROM (
				SELECT ROW_NUMBER() OVER (PARTITION BY AGENT_SKILL_LOCATION_ID ORDER BY FISCAL_PERIOD_INT DESC) AS RN,
				AGENT_SKILL_LOCATION_ID, FISCAL_PERIOD_INT FROM DIM_TABULAR_AGENT_SKILL_LOCATION_LKP
					)A
				WHERE RN=1 ) C
				ON A.AGENT_SKILL_LOCATION_ID = C.AGENT_SKILL_LOCATION_ID
UNION ALL
SELECT -1 [AGENT_SKILL_LOCATION_ID]
      ,-1 [AGENT_SKILL_HIER_ID]
      ,'Other Agent Skill' as [AGENT_SKILL]
      ,'Other' [SUB_QUEUE_NAME]
      ,'Other' [QUEUE_NAME]
      ,'Other' [QUEUE_GROUP]
      ,'Residential' [QUEUE_BUSINESS]
      ,'z No EWFM Job Type' [EWFM_JOB_TYPE]
	  ,'z Unknown Job Code' [JOB_CODE]
	  ,'z Unknown Job Title' [JOB_TITLE]
	  ,'Non-Leader'  [LEADER_ROLE]
	  ,'z Unknown Job Description'	[JOB_DESCRIPTION]
	  ,'z Unknown Job Level' [JOB_LEVEL]
	  ,'z Unknown Staffing Group Name' [STAFFING_GROUP_NAME]
	  ,'z Unknown NED Staff Group' [NED_STAFF_GROUP_NAME]

      ,-1 [AGENT_LOCATION_HIER_ID]
      ,'Not Available'[DIVISION_NAME]
      ,'Not Available'[REGION_NAME]
      ,'Unknown' [COMPANY_NAME]
      ,'zUnknown' [CALL_CENTER_NAME]
      ,'Unknown' [LOCATION_NAME]
	  ,'Unknown' [GEO_SHORE]
      ,'Unknown' [GEO_REGION]
      ,'Unknown' [GEO_COUNTRY]
      ,'Unknown' [HR_ORG_UNIT]
	,'zUnknown National Team' AS NAT_TEAM
	,'zUnknown National CallCenter' AS NAT_CALLCENTER
	,'zUnknown National Department' AS NAT_DEPARTMENT
	,'zUnknown National Site' AS NAT_SITE
	  ,'Unknown Agent' as KNOWN_AGENT_IND 
,-1 as CA_LEVEL_CD
	  ,'Not Available' as [IS_NEW_HIRE]
	  ,'Not Available' as [ISNA_FLAG]
	  ,'O' as [Role_CD] 
	 --- DMRASSIST- 4988 (Below 5 X2 Columns) on 15/11/2023 
	  ,'zUnknown X2 EWFM JOB TYPE' X2_EWFM_JOB_TYPE 
	  ,'zUnknown PILLAR' X2_PILLAR 
	  ,'Other' X2_QUEUE_NAME 
	  ,'Other Sub Queue' X2_SUB_QUEUE_NAME 
	  ,'zUnknown LOB' X2_EWFM_LOB
	  --DMRCXSO-2444
	,'zUnknown Company' as X2_Company
	,'zUnknown Division' as X2_Division
	,'zUnknown LOB' as X2_LOB
	,'zUnknown Language' as X2_Language
	,'zUnknown AGENT_TYPE' as X2_AGENT_TYPE
	,'zUnknown Site' as X2_SITE
	,'zUnknown TRAINING_STATUS' as X2_TRAINING_STATUS
	,'zUnknown SUB_QUEUE_DETAIL' as X2_SUB_QUEUE_DETAIL
  FROM DIM_DATE 
  WHERE CALENDAR_DATE = CAST(GETDATE() AS DATE)
"
DIM_MDM_AGENT_SUPERVISOR_V,"














CREATE VIEW [dbo].[DIM_MDM_AGENT_SUPERVISOR_V] AS 

SELECT   [SK_PERSON_HIER_ID] as [PERSON_HIER_ID]
      , [PERNR_NUM]
      ,[NTLOGIN_ID]
      ,nullif([FULL_NAME],'') as [FULL_NAME]
      ,[LAST_NAME]
      ,[FIRST_NAME]
      ,[EMAIL]
      ,case when [EMPLOYMENT_TYPE] = 'Business Partner' then 'Vendor' 
		 when [EMPLOYMENT_TYPE] = 'Contractor'  then 'Vendor' 
		 else  [EMPLOYMENT_TYPE] end as [EMPLOYMENT_TYPE]
      ,case when [EMPLOYMENT_TYPE] = 'Business Partner' then 'Partner' 
		 when [EMPLOYMENT_TYPE] = 'Contractor'  then 'Partner' 
		 when [EMPLOYMENT_TYPE] = 'Employee'  then 'Internal' 
		 else  [EMPLOYMENT_TYPE] end as [AGENT_EMPLOYMENT_TYPE]
      ,[EMPLOYMENT_TYPE] AS [EMPLOYMENT_SUB_TYPE]
      ,[JOB_LEVEL]
      ,[SUPV_PERNR_NUM]
      ,[MGR1_PERNR_NUM]
      ,[MGR2_PERNR_NUM]
      ,[DIR1_PERNR_NUM]
      ,[DIR2_PERNR_NUM]
      ,[DIR3_PERNR_NUM]
      ,[VP1_PERNR_NUM]
      ,[VP2_PERNR_NUM]
      ,[VP3_PERNR_NUM]
      ,[SVP_PERNR_NUM]
      ,nullif([SUPV_NTLOGIN_ID],'') as [SUPV_NTLOGIN_ID]
      ,[MGR1_NTLOGIN_ID]
      ,[MGR2_NTLOGIN_ID]
      ,[DIR1_NTLOGIN_ID]
      ,[DIR2_NTLOGIN_ID]
      ,[DIR3_NTLOGIN_ID]
      ,[VP1_NTLOGIN_ID]
      ,[VP2_NTLOGIN_ID]
      ,[VP3_NTLOGIN_ID]
      ,[SVP_NTLOGIN_ID]
      ,[SUPV_NAME]
      ,[MGR1_NAME]
      ,[MGR2_NAME]
      ,[DIR1_NAME]
      ,[DIR2_NAME]
      ,[DIR3_NAME]
      ,[VP1_NAME]
      ,[VP2_NAME]
      ,[VP3_NAME]
      ,[SVP_NAME]
	  ,coalesce([REPORT_TO_SUPERVISOR_NAME]+' (Supv)','zz No Supervisor') as [REPORT_TO_SUPERVISOR_NAME]
	  ,coalesce([REPORT_TO_MANAGER_NAME],'zz No Manager') as [REPORT_TO_MANAGER_NAME]
	  ,coalesce([REPORT_TO_DIRECTOR_NAME] ,'zz No Director') as [REPORT_TO_DIRECTOR_NAME] 


   --   ,CASE WHEN [REPORT_TO_SUPERVISOR_NAME] IS NULL AND [REPORT_TO_MANAGER_NAME] IS NOT NULL THEN 'No Supv - '+[REPORT_TO_MANAGER_NAME]
		 --WHEN [REPORT_TO_SUPERVISOR_NAME] IS NULL AND [REPORT_TO_MANAGER_NAME] IS  NULL AND [REPORT_TO_DIRECTOR_NAME] IS NOT NULL THEN 'No Supv - No Mgr - '+ [REPORT_TO_DIRECTOR_NAME]
		 --WHEN [REPORT_TO_SUPERVISOR_NAME] IS NULL AND [REPORT_TO_MANAGER_NAME] IS  NULL AND [REPORT_TO_DIRECTOR_NAME] IS  NULL THEN 'No Supv - No Mgr - '+coalesce([REPORT_TO_VP_NAME],'No VP')
		 --else [REPORT_TO_SUPERVISOR_NAME] end as [REPORT_TO_SUPERVISOR_NAME]
   --     ,CASE WHEN [REPORT_TO_MANAGER_NAME] IS  NULL and [REPORT_TO_DIRECTOR_NAME] is not null THEN 'No Mgr - '+[REPORT_TO_DIRECTOR_NAME]
		 --WHEN [REPORT_TO_MANAGER_NAME] IS NULL AND [REPORT_TO_DIRECTOR_NAME] IS  NULL THEN 'No Supv - No Mgr - '+coalesce([REPORT_TO_VP_NAME],'No VP')
		 --else [REPORT_TO_MANAGER_NAME] end as [REPORT_TO_MANAGER_NAME]
   --    ,CASE WHEN [REPORT_TO_DIRECTOR_NAME] IS  NULL THEN 'No Dir - '+COALESCE([REPORT_TO_VP_NAME],'No VP')
		 --else [REPORT_TO_DIRECTOR_NAME] end as [REPORT_TO_DIRECTOR_NAME]

      ,[REPORT_TO_VP_NAME]

	  ,coalesce([REPORT_TO_SUPERVISOR_NTLOGIN_ID],'zz No Supv ID') as [REPORT_TO_SUPERVISOR_NTLOGIN_ID]
	  ,coalesce([REPORT_TO_MANAGER_NTLOGIN_ID],'zz No Mgr ID') as [REPORT_TO_MANAGER_NTLOGIN_ID]
	  ,coalesce([REPORT_TO_DIRECTOR_NTLOGIN_ID] ,'zz No Dir ID') as [REPORT_TO_DIRECTOR_NTLOGIN_ID] 


	  --,CASE WHEN [REPORT_TO_SUPERVISOR_NAME] IS NULL AND [REPORT_TO_MANAGER_NAME] IS NOT NULL THEN 'No Supv - '+[REPORT_TO_MANAGER_NTLOGIN_ID]
		 --WHEN [REPORT_TO_SUPERVISOR_NAME] IS NULL AND [REPORT_TO_MANAGER_NAME] IS  NULL THEN 'No Supv - No Mgr - '+[REPORT_TO_DIRECTOR_NTLOGIN_ID]
		 --else [REPORT_TO_SUPERVISOR_NTLOGIN_ID] end as [REPORT_TO_SUPERVISOR_NTLOGIN_ID]
   --   ,CASE WHEN [REPORT_TO_MANAGER_NAME] IS  NULL THEN 'No Mgr - '+[REPORT_TO_DIRECTOR_NTLOGIN_ID]
		 --else [REPORT_TO_MANAGER_NTLOGIN_ID] end as [REPORT_TO_MANAGER_NTLOGIN_ID]

   --   ,[REPORT_TO_DIRECTOR_NTLOGIN_ID]

      ,[REPORT_TO_VP_NTLOGIN_ID]

      ,[REPORT_TO_SUPERVISOR_PERNR]
      ,[REPORT_TO_MANAGER_PERNR]
      ,[REPORT_TO_DIRECTOR_PERNR]
      ,[REPORT_TO_VP_PERNR]
  FROM [NRDP_DM].[dbo].[DIM_TABULAR_PERSON_HIER]




"
DIM_MDM_AGENT_TENURE_V,"



/****** Script for SelectTopNRows command from SSMS  ******/
CREATE VIEW [dbo].[DIM_MDM_AGENT_TENURE_V] AS 
SELECT [AGENT_TENURE_HIER_ID]
       ,CAST(-1 AS MONEY) AS [NRDP_AGENT_FISCAL_PERIOD_ID]
      ,[INTERACTION_PER_PERIOD_DESC]
	  ,CASE [INTERACTION_PER_PERIOD_DESC] 
		WHEN '200 Interactions or more' THEN 2 
		WHEN 'Between 150 and 199 Interactions' THEN 4
		WHEN 'Between 100 and 149 Interactions' THEN 6
		WHEN 'Between 50 and 99 Interactions' THEN 8
		WHEN 'Between 10 and 49 Interactions' THEN 10 
		WHEN 'Between 1 and 9 Interactions' THEN 12 
		ELSE 14 END AS [INTERACTION_PER_PERIOD_ORDER]
	  ,CASE [INTERACTION_PER_PERIOD_DESC] 
		WHEN '200 Interactions or more' THEN  '100 Interactions or more'
		WHEN 'Between 150 and 199 Interactions' THEN '100 Interactions or more'
		WHEN 'Between 100 and 149 Interactions' THEN '100 Interactions or more'
		WHEN 'Between 50 and 99 Interactions' THEN 'Less then 100 Interactions'
		WHEN 'Between 10 and 49 Interactions' THEN 'Less then 100 Interactions'
		WHEN 'Between 1 and 9 Interactions' THEN 'Less then 100 Interactions'
		ELSE 'Less then 100 Interactions' END AS [SHORT_INTERACTION_PER_PERIOD_DESC]

      ,case when [INTERACTION_PER_PERIOD_DESC]= 'Between 1 and 9 Interactions' 	then 'Less than 10 calls'
	     when [INTERACTION_PER_PERIOD_DESC]= 'No Interactions' 	then 'Less than 10 calls'
		 else replace([INTERACTION_PER_PERIOD_DESC],'Interactions','Calls') end [CALLS_CHATS_PER_PERIOD_DESC]
	  ,CASE [INTERACTION_PER_PERIOD_DESC] 
		WHEN '200 Interactions or more' THEN 2 
		WHEN 'Between 150 and 199 Interactions' THEN 4
		WHEN 'Between 100 and 149 Interactions' THEN 6
		WHEN 'Between 50 and 99 Interactions' THEN 8
		WHEN 'Between 10 and 49 Interactions' THEN 10 
		WHEN 'Between 1 and 9 Interactions' THEN 14 
		ELSE 14 END AS [CALLS_CHATS_PER_PERIOD_ORDER]

      ,[CALLS_PER_PERIOD_DESC]
      ,[CHATS_PER_PERIOD_DESC]
      ,[AGENT_INTERACTION_MEDIUM_USAGE]
      ,CASE WHEN [AGENT_INTERACTION_MEDIUM_USAGE] LIKE 'VOICE%' THEN 'Calls'
         WHEN [AGENT_INTERACTION_MEDIUM_USAGE] LIKE 'C-%' THEN 'Chats'
         else 'Unknown' end AGENT_PRIMARY_INTERACTION_MEDIUM 
      ,[AGENT_TENURE_DESC]
	  ,CASE [AGENT_TENURE_DESC]
	    WHEN '0-6 Months' THEN 0
	    WHEN '6-12 Months' THEN 2
	    WHEN '1-2 Years' THEN 4
	    WHEN '2-3 Years' THEN 6
	    WHEN '3-5 Years' THEN 8
	    WHEN '5-10 Years' THEN 10
	    WHEN '10-15 Years' THEN 12 
	    WHEN '15-20 Years' THEN 14
	    WHEN '20+ Years' THEN 16
	    WHEN 'UNKNOWN' THEN 18
	    ELSE 20 END [AGENT_TENURE_SORT_ID]
      ,[AGENT_SHORT_TENURE_DESC]
	  ,CASE [AGENT_SHORT_TENURE_DESC]
	    WHEN '0-30 Days' THEN 0
	    WHEN '31-60 Days' THEN 2
	    WHEN '61-90 Days' THEN 4
	    WHEN '91-120 Days' THEN 6
	    WHEN '121-180 Days' THEN 8
	    WHEN 'Over 180 Days' THEN 10
	    else  14
	    END [AGENT_SHORT_TENURE_SORT_ID]

      ,[AGENT_CALL_TENURE_DESC]
	  ,CASE [AGENT_CALL_TENURE_DESC]
	    WHEN '0-30 Days' THEN 0
	    WHEN '31-60 Days' THEN 2
	    WHEN '61-90 Days' THEN 4
	    WHEN '91-120 Days' THEN 6
	    WHEN '121-180 Days' THEN 8
	    WHEN 'Over 180 Days' THEN 10
	    WHEN 'No Calls Taken' THEN 12
	    WHEN 'UNKNOWN' THEN 14
	    else  16
	    END [AGENT_CALL_TENURE_SORT_ID]
      ,[AGENT_CHAT_TENURE_DESC]
	  ,CASE [AGENT_CHAT_TENURE_DESC]
	    WHEN '0-30 Days' THEN 0
	    WHEN '31-60 Days' THEN 2
	    WHEN '61-90 Days' THEN 4
	    WHEN '91-120 Days' THEN 6
	    WHEN '121-180 Days' THEN 8
	    WHEN 'Over 180 Days' THEN 10
	    WHEN 'No Chats Taken' THEN 12
	    WHEN 'UNKNOWN' THEN 14
	    else  16
	    END [AGENT_CHAT_TENURE_SORT_ID]

      ,[AGENT_INTERACTION_TENURE_DESC]
	  ,CASE [AGENT_INTERACTION_TENURE_DESC]
	    WHEN '0-30 Days' THEN 0
	    WHEN '31-60 Days' THEN 2
	    WHEN '61-90 Days' THEN 4
	    WHEN '91-120 Days' THEN 6
	    WHEN '121-180 Days' THEN 8
	    WHEN 'Over 180 Days' THEN 10
	    WHEN 'No Interactions Taken' THEN 12
	    WHEN 'UNKNOWN' THEN 14
	    else  16
	    END [AGENT_INTERACTION_TENURE_SORT_ID]

	  ,case when  [AGENT_TENURE_DESC] in ('10-15 Years','15-20 Years','20+ Years') then '10+ Years'
       else COALESCE([AGENT_TENURE_DESC] ,'UNKNOWN') end as [AGENT_TENURE_GROUP]

	  ,CASE [AGENT_TENURE_DESC]
	    WHEN '0-6 Months' THEN 0
	    WHEN '6-12 Months' THEN 2
	    WHEN '1-2 Years' THEN 4
	    WHEN '2-3 Years' THEN 6
	    WHEN '3-5 Years' THEN 8
	    WHEN '5-10 Years' THEN 10
	    WHEN '10-15 Years' THEN 12 
	    WHEN '15-20 Years' THEN 12
	    WHEN '20+ Years' THEN 12
	    WHEN 'UNKNOWN' THEN 18
	    ELSE 20 END [AGENT_TENURE_GROUP_SORT_ID]
		,CAST('nnn' as VARCHAR(3)) AS  CCS_OPS_ID 
  FROM [NRDP_DM].[dbo].[DIM_TABULAR_AGENT_TENURE]
  
"
DIM_MDM_AGENT_TRAINING_V,"

CREATE VIEW [dbo].[DIM_MDM_AGENT_TRAINING_V] AS 
SELECT  [AGENT_TRAINING_ID]
	  ,min([AGENT_TRAINING_ID]) over (partition by [TRAINING_CLASS_LOB]) as [TRAINING_CLASS_LOB_ID]
      ,[TRAINING_CLASS_LOB]
      ,min([AGENT_TRAINING_ID]) over (partition by [TRAINING_VIRTUAL_FLAG]) as [VIRTUAL_FLAG_ID]
	  ,[TRAINING_VIRTUAL_FLAG]
      ,min([AGENT_TRAINING_ID]) over (partition by [TRAINING_CLASS_ID]) as [TRAININGCLASS_ID]
      ,[TRAINING_CLASS_ID]
      ,min([AGENT_TRAINING_ID]) over (partition by [TRAINING_DURATION_TYPE]) as [TRAINING_DURATION_TYPE_ID]
      ,[TRAINING_DURATION_TYPE]
      ,min([AGENT_TRAINING_ID]) over (partition by [TRAINING_MODEL]) as [TRAINING_MODEL_ID]
      ,[TRAINING_MODEL]
	  ,min([AGENT_TRAINING_ID]) over (partition by [TRAINING_TYPE]) as [TRAINING_TYPE_ID]
      ,[TRAINING_TYPE]
      ,[TRAIN_STATUS_ORDER] as [TRAIN_STATUS_ID]
      ,[TRAINING_STATUS]
	  ,[TRAIN_STATUS_ORDER]
from [NRDP_DM].[dbo].[DIM_TRAINING_STATUS]
union all
select -1,
-1,
'No Training Associated',
-1,
'No Training Associated',
-1,
'No Training Associated',
-1,
'No Training Associated',
-1,
'No Training Associated',
-1,
'No Training Associated',
-1,
'No Training Associated',
10 
"
DIM_MDM_AUDIT_TRAIL_CHARACTERISTICS_V,"



CREATE   VIEW [dbo].[DIM_MDM_AUDIT_TRAIL_CHARACTERISTICS_V]
AS
select 
 CHARACTERISTIC_ID AS  [AUDIT_TRAIL_CHARACTERISTIC_KEY]

      ,[INFLOW_DESC]
      ,[OUTFLOW_DESC]
      ,[TOUCH_DESC]
      ,[TOUCH_RG]
      ,[TOUCH_4_CD]
      ,[TOUCH_8_CD]
      ,[TOUCH_9_CD]
      ,[TOUCH_12_CD]
      ,[TOUCH_18_CD]
      ,[TOUCH_24_CD]
	  ,[TOUCH_48_CD]--CAST('UNKNOWN' AS VARCHAR(50)) AS [TOUCH_48_CD]
	  ,[TOUCH_72_CD]--CAST('UNKNOWN' AS VARCHAR(50)) AS [TOUCH_72_CD]


	    FROM [NRDP_DM].[dbo].[DIM_AUDIT_TRAIL_CHARACTERISTICS]
"
DIM_MDM_AUX_CODE_PHONE_ACTIVITY_V,"
CREATE VIEW [dbo].[DIM_MDM_AUX_CODE_PHONE_ACTIVITY_V]
AS
SELECT DISTINCT AUX_CODE_dESCR
	 ,CASE WHEN AUX_CODE_dESCR = 'Accommodation' THEN 1
     WHEN AUX_CODE_DESCR = 'ACW Threshold' THEN 2
     WHEN AUX_CODE_DESCR =  'Break' THEN 3
     WHEN AUX_CODE_DESCR = 'Chat' THEN 4
     WHEN AUX_CODE_DESCR = 'Coaching' THEN 5
     WHEN AUX_CODE_DESCR = 'Default Time' THEN 6
WHEN AUX_CODE_DESCR = 'Emergency' THEN 7
WHEN AUX_CODE_DESCR = 'Follow-Up/Research' THEN 8
WHEN AUX_CODE_DESCR = 'Lunch' THEN 9
WHEN AUX_CODE_DESCR = 'Meeting' THEN 10
WHEN AUX_CODE_DESCR = 'New Hire' THEN 11
WHEN AUX_CODE_DESCR = 'NPS' THEN 12
WHEN AUX_CODE_DESCR = 'Personal' THEN 13
WHEN AUX_CODE_DESCR = 'Prep' THEN 14
WHEN AUX_CODE_DESCR = 'Special Project' THEN 15
WHEN AUX_CODE_DESCR = 'Staff Time' THEN 16
WHEN AUX_CODE_DESCR = 'System Problems' THEN 17
WHEN AUX_CODE_DESCR = 'Tasks' THEN 18
WHEN AUX_CODE_DESCR = 'Training' THEN 19
ELSE -1 END AS AUX_CODE_DESCR_ID
FROM  [NRDP_DM].[dbo].[FACT_PHONE_LOG_ACTIVITY_AGENT]
WHERE FISCAL_PERIOD_INT >= 202201
"
DIM_MDM_BASE_FISCAL_PERIOD_TODATE_V,"CREATE VIEW DIM_MDM_BASE_FISCAL_PERIOD_TODATE_V AS 
SELECT distinct [FISCAL_PERIOD_INT] as FISCAL_PERIOD_TODATE_INT
  FROM [DIM_MDM_FISCAL_CALENDAR_V]
union all
SELECT distinct [FISCAL_PERIOD_INT]*-1
  FROM [DIM_MDM_FISCAL_CALENDAR_V]"
DIM_MDM_BASE_RGU_V,"













CREATE VIEW [dbo].[DIM_MDM_BASE_RGU_V] AS 

SELECT 
[BASE_RGU_PROFILE_ID] AS PRODUCT_ATTRIBUTE_ID 
,[BASE_RGU_PROFILE_ID]
      ,[BEG_SUB_CNT]
      ,[END_SUB_CNT]

      ,[BEG_SUB_XTV_RGU_CNT]
      ,[END_SUB_XTV_RGU_CNT]
	  ,([END_SUB_XTV_RGU_CNT] - [BEG_SUB_XTV_RGU_CNT]) * [END_SUB_XTV_RGU_CNT] AS ADD_XTV_RGU_CNT
	  ,([BEG_SUB_XTV_RGU_CNT] - [END_SUB_XTV_RGU_CNT]) * [BEG_SUB_XTV_RGU_CNT] as DROP_XTV_RGU_CNT

      ,[BEG_SUB_XI_RGU_CNT]
      ,[END_SUB_XI_RGU_CNT]
	  ,([END_SUB_XI_RGU_CNT] - [BEG_SUB_XI_RGU_CNT]) * [END_SUB_XI_RGU_CNT] AS ADD_XI_RGU_CNT
	  ,([BEG_SUB_XI_RGU_CNT] - [END_SUB_XI_RGU_CNT]) * [BEG_SUB_XI_RGU_CNT] as DROP_XI_RGU_CNT

      ,[BEG_SUB_XV_RGU_CNT]
      ,[END_SUB_XV_RGU_CNT]
	  ,([END_SUB_XV_RGU_CNT] - [BEG_SUB_XV_RGU_CNT]) * [END_SUB_XV_RGU_CNT] AS ADD_XV_RGU_CNT
	  ,([BEG_SUB_XV_RGU_CNT] - [END_SUB_XV_RGU_CNT]) * [BEG_SUB_XV_RGU_CNT] as DROP_XV_RGU_CNT

      ,[BEG_SUB_XH_RGU_CNT]
      ,[END_SUB_XH_RGU_CNT]
 	  ,([END_SUB_XH_RGU_CNT] - [BEG_SUB_XH_RGU_CNT]) * [END_SUB_XH_RGU_CNT] AS ADD_XH_RGU_CNT
	  ,([BEG_SUB_XH_RGU_CNT] - [END_SUB_XH_RGU_CNT]) * [BEG_SUB_XH_RGU_CNT] as DROP_XH_RGU_CNT

      ,[BEG_SUB_XM_RGU_CNT]
      ,[END_SUB_XM_RGU_CNT]
 	  ,([END_SUB_XM_RGU_CNT] - [BEG_SUB_XM_RGU_CNT]) * [END_SUB_XM_RGU_CNT] AS ADD_XM_RGU_CNT
	  ,([BEG_SUB_XM_RGU_CNT] - [END_SUB_XM_RGU_CNT]) * [BEG_SUB_XM_RGU_CNT] as DROP_XM_RGU_CNT

	  ,[BEG_SUB_XTV_RGU_CNT] + [BEG_SUB_XI_RGU_CNT] +[BEG_SUB_XV_RGU_CNT] +[BEG_SUB_XH_RGU_CNT] AS BEG_SUB_RGU4_CNT
	  ,[END_SUB_XTV_RGU_CNT] + [END_SUB_XI_RGU_CNT] +[END_SUB_XV_RGU_CNT] +[END_SUB_XH_RGU_CNT] AS END_SUB_RGU4_CNT

	  ,[BEG_SUB_XTV_RGU_CNT] + [BEG_SUB_XI_RGU_CNT] +[BEG_SUB_XV_RGU_CNT] +[BEG_SUB_XH_RGU_CNT] + [BEG_SUB_XM_RGU_CNT] AS BEG_SUB_RGU5_CNT
	  ,[END_SUB_XTV_RGU_CNT] + [END_SUB_XI_RGU_CNT] +[END_SUB_XV_RGU_CNT] +[END_SUB_XH_RGU_CNT] + [END_SUB_XM_RGU_CNT] AS END_SUB_RGU5_CNT


     ,[BEG_SUB_X1_CNT]
      ,[END_SUB_X1_CNT]
	  ,([END_SUB_X1_CNT] - [BEG_SUB_X1_CNT]) * [END_SUB_X1_CNT] AS ADD_X1_CNT
	  ,([BEG_SUB_X1_CNT] - [END_SUB_X1_CNT]) * [BEG_SUB_X1_CNT] as DROP_X1_CNT

      ,[BEG_SUB_INST_TV_CNT]
      ,[END_SUB_INST_TV_CNT]
 	  ,([END_SUB_INST_TV_CNT] - [BEG_SUB_INST_TV_CNT]) * [END_SUB_INST_TV_CNT] AS ADD_INST_TV_CNT
	  ,([BEG_SUB_INST_TV_CNT] - [END_SUB_INST_TV_CNT]) * [BEG_SUB_INST_TV_CNT] as DROP_INST_TV_CNT

      ,[BEG_FLEX_CNT]
      ,[END_FLEX_CNT]
 	  ,([END_FLEX_CNT] - [BEG_FLEX_CNT]) * [END_FLEX_CNT] AS ADD_FLEX_CNT
	  ,([BEG_FLEX_CNT] - [END_FLEX_CNT]) * [BEG_FLEX_CNT] as DROP_FLEX_CNT

      ,[BEG_SUB_H1_CNT]
      ,[END_SUB_H1_CNT]
 	  ,([END_SUB_H1_CNT] - [BEG_SUB_H1_CNT]) * [END_SUB_H1_CNT] AS ADD_SUB_H1_CNT
	  ,([BEG_SUB_H1_CNT] - [END_SUB_H1_CNT]) * [BEG_SUB_H1_CNT] as DROP_SUB_H1_CNT

	--  , [PLUSMRC]
    ,CAST( 1 AS INT) AS [PLUSMRC]   -- Added by SS ON 9/8/21
	  ,[BEG_PRODUCT_MIX_ID]
      ,[BEG_PRODUCT_MIX_NM]
      ,[BEG_PRODUCT_MIX_GROUP_NM]
      ,[END_PRODUCT_MIX_ID]
      ,[END_PRODUCT_MIX_NM]
      ,[END_PRODUCT_MIX_GROUP_NM]
      ,[BEG_VIDEO_PROFILE_ID]
      ,[BEG_VIDEO_PROFILE_NM]
      ,[END_VIDEO_PROFILE_ID]
      ,[END_VIDEO_PROFILE_NM]
      ,[RGU_NET_CHANGE]
      ,[RGU4_CONNECTS]
      ,[RGU4_UPGRADES]
      ,[RGU4_DISCONNECTS]
      ,[RGU4_DOWNGRADES]
      ,[RGU5_CONNECTS]
      ,[RGU5_UPGRADES]
      ,[RGU5_DISCONNECTS]
      ,[RGU5_DOWNGRADES]
      ,[XTV_CONNECTS]
      ,[XTV_UPGRADES]
      ,[XTV_DISCONNECTS]
      ,[XTV_DOWNGRADES]
      ,[XI_CONNECTS]
      ,[XI_UPGRADES]
      ,[XI_DISCONNECTS]
      ,[XI_DOWNGRADES]
      ,[XV_CONNECTS]
      ,[XV_UPGRADES]
      ,[XV_DISCONNECTS]
      ,[XV_DOWNGRADES]
      ,[XH_CONNECTS]
      ,[XH_UPGRADES]
      ,[XH_DISCONNECTS]
      ,[XH_DOWNGRADES]
      ,[XM_CONNECTS]
      ,[XM_UPGRADES]
      ,[XM_DISCONNECTS]
      ,[XM_DOWNGRADES]
      ,[FULL_DISCONNECTS]
	  ,0 AS [SAVE_WITH_SAME] 
	  ,CASE WHEN BEG_PRODUCT_MIX_NM = 'XI Only' THEN BEG_PRODUCT_MIX_NM ELSE 'Unknown' END AS XI_Only
	  ,CASE WHEN BEG_PRODUCT_MIX_NM IN ('XI/XH','XI/XH/XM','XI/XM','XI/XV','XI/XV/XH','XI/XV/XH/XM','XI/XV/XM',
	  'XTV/XI','XTV/XI/XH','XTV/XI/XH/XM','XTV/XI/XM','XTV/XI/XV','XTV/XI/XV/XH','XTV/XI/XV/XH/XM','XTV/XI/XV/XM') THEN BEG_PRODUCT_MIX_NM ELSE 'Unknown' END AS XI_Multi_Product
	  ,CASE WHEN BEG_PRODUCT_MIX_NM IN ('No Cust','No RGUs','XH Only','XH/XM','XM Only','XTV Only','XTV/XH','XTV/XH/XM','XTV/XM','XTV/XV','XTV/XV/XH',
'XTV/XV/XH/XM','XTV/XV/XM','XV Only','XV/XH','XV/XH/XM','XV/XM') THEN BEG_PRODUCT_MIX_NM ELSE 'Unknown' END AS NON_XI_CUSTOMERS
      ,CASE WHEN BEG_PRODUCT_MIX_NM = 'XI Only' THEN 'XI Only' 
 when BEG_PRODUCT_MIX_NM IN ('XI/XH','XI/XH/XM','XI/XM','XI/XV','XI/XV/XH','XI/XV/XH/XM','XI/XV/XM','XTV/XI','XTV/XI/XH','XTV/XI/XH/XM','XTV/XI/XM','XTV/XI/XV','XTV/XI/XV/XH','XTV/XI/XV/XH/XM','XTV/XI/XV/XM') THEN 'XI_Multi_Product' 
 when  BEG_PRODUCT_MIX_NM IN ('No Cust','No RGUs','XH Only','XH/XM','XM Only','XTV Only','XTV/XH','XTV/XH/XM','XTV/XM','XTV/XV','XTV/XV/XH','XTV/XV/XH/XM','XTV/XV/XM','XV Only','XV/XH','XV/XH/XM','XV/XM') THEN 'NON_XI_CUSTOMERS'
 ELSE 'Unknown' END AS BEG_XI_PRODUCT_MIX_NM ----------DMRCXSO-137(DMR 4221)
 FROM [dbo].[DIM_BASE_RGU_PROFILE] WITH (NOLOCK)


"
DIM_MDM_BEG_END_XSR_SPEED_TIER_V,"CREATE VIEW [dbo].[DIM_MDM_BEG_END_XSR_SPEED_TIER_V]
AS
--DMRCXSO-3487
SELECT DISTINCT coalesce(BEG_XSR_SPEED_TIER, - 1) AS DIM_BEG_XSR_SPEED_TIER
	,coalesce(END_XSR_SPEED_TIER, - 1) AS DIM_END_XSR_SPEED_TIER
	,CONCAT (
		coalesce(BEG_XSR_SPEED_TIER, 0)
		,coalesce(END_XSR_SPEED_TIER, 0)
		) AS BEG_END_XSR_SPEED_TIER_KEY
FROM dbo.FACT_ORDERS"
DIM_MDM_BIW_ENGAGEMENT_V,"
CREATE VIEW [dbo].[DIM_MDM_BIW_ENGAGEMENT_V]
AS
SELECT DISTINCT 
    [PROMOTION_NAME]
      ,[BADGE_NAME]
	  ,[PROMOTION_TYPE]
	  ,[BILLING_CODE3]
      ,[BILLING_CODE4]
	  ,ENGAGEMENTID
	  ,[BILLING_CODE7],[BILLING_CODE5],[BILLING_CODE6]
  FROM [NRDP_DM].[dbo].[DIM_BIW_ENGAGEMENT] C

"
DIM_MDM_CALL_ATTRIBUTE_SKILL_NUM_V,"
CREATE view [dbo].[DIM_MDM_CALL_ATTRIBUTE_SKILL_NUM_V]
AS 
SELECT a.*
      ,COALESCE([CALL_SKILL_COE_TYPE],'zUnknown') as [CALL_SKILL_COE_TYPE]
      ,COALESCE([CALL_COE_ADDITIONAL_METRICS],'zUnknown') as [CALL_COE_ADDITIONAL_METRICS]
	  ,COALESCE([FORECAST_LINE],'zUnknown') as [FORECAST_LINE]
  FROM [dbo].[DIM_MDM_CALL_ATTRIBUTE_V] A LEFT JOIN
  DIM_CALL_SKILL_NUM csn
  ON A.CALL_SKILL_NUM= csn.CALL_SKILL_NUM
"
DIM_MDM_CALL_ATTRIBUTE_V,"
















/****** Script for SelectTopNRows command from SSMS  ******/
CREATE VIEW [dbo].[DIM_MDM_CALL_ATTRIBUTE_V] AS 
SELECT A.*,
MIN(A.[NRDP_CALL_ATTRIBUTE_ID]) OVER (PARTITION BY  A.[TYPE_OF_INTERACTION_NAME]
      ,A.[INTERACTION_TYPE_NAME]
      ,A.[INTERACTION_QUEUE_NAME]
      ,A.[INTERACTION_LOB_NAME]
      ,A.[INTERACTION_SERVICE_TYPE]
      ,A.[INTERACTION_MEDIUM])  [NRDP_CALL_ATTRIBUTE_AGG_ID],
case when NRDP_CALL_ATTRIBUTE_ID =-1 then 'N' else 'Y' end as IS_CALL_MAPPED , 
  case when CALL_SERVICE_TYPE_NAME in ('Business Services','Bus Svc') then 'Business Services' else 'Residential' end as CALL_SERVICE_TYPE_GROUP , 
  case when [INTERACTION_SERVICE_TYPE] in ('Business Services','Bus Svc') then 'Business Services' else 'Residential' end as INTERACTION_SERVICE_TYPE_GROUP  ,
  Case when  INTERACTION_TYPE_NAME like '%Downgrade%' then 'Downgrade' 
 when INTERACTION_TYPE_NAME  ='Retention' then 'Downgrade' else INTERACTION_TYPE_NAME end as INTERACTION_TYPE_GROUP 
 ,case when VIRTUAL_HOLD = 1 then 'Yes' else 'No' end as VIRTUAL_HOLD_DESC -- Added by SS on 9/24/21
 --Added CALL SKILL Attributes by SS on 10/20/21
       ,COALESCE([CALL_SKILL_COE_TYPE],'zUnknown') as [CALL_SKILL_COE_TYPE]
      ,COALESCE([CALL_COE_ADDITIONAL_METRICS],'zUnknown') as [CALL_COE_ADDITIONAL_METRICS]
	  ,COALESCE([FORECAST_LINE],'zUnknown') as [FORECAST_LINE]
 ,CASE WHEN CHAT_SMS_IND = 1 then 'Async' when CHAT_SMS_IND = 0 then 'Web' else 'zUnknown' end AS Chat_Sub_Medium --Added by SS ON 11/18/21
 ,case when ASYNC_FLAG = 1 then 'Yes' else 'No' end as ASYNC_FLAG_DESC -- Added by SS on 1/10/22
 ---DMRCXSO-4544 UUI5
 ,coalesce(nullif([TRANSLATED_CALL_TYPE],''),'ZUnknown') as UUI_CALL_TYPE_DESC
 ,coalesce(nullif([SERVICE_TYPE_NAME],''),'ZUnknown') as UUI_CALL_TYPE_NAME
 
FROM DIM_TABULAR_CALL_ATTRIBUTE_BASE_V A  LEFT JOIN
  DIM_CALL_SKILL_NUM csn
  ON A.CALL_SKILL_NUM= csn.CALL_SKILL_NUM







"
DIM_MDM_CALL_SEGMENT_CODES_V,"CREATE view [dbo].[DIM_MDM_CALL_SEGMENT_CODES_V] 
AS
SELECT segmentID as SEGMENT_CD_Key,
segmentDescription as Call_segment_description
FROM dbo.DIM_CALL_SEGMENT_CODES
"
DIM_MDM_CLV_ATTRIBUTE_V,"CREATE VIEW [dbo].[DIM_MDM_CLV_ATTRIBUTE_V]
AS
SELECT * FROM DBO.DIM_CLV_ATTRIBUTE WITH (NOLOCK)
"
DIM_MDM_COACH_CALENDAR_CHOICE_V,"


CREATE view [dbo].[DIM_MDM_COACH_CALENDAR_CHOICE_V] AS 

SELECT  'Calendar Date' as COACHING_CALENDAR_CHOICE
UNION ALL
SELECT  'Coach Date' as COACHING_CALENDAR_CHOICE
UNION ALL
SELECT  'Last Update Date' as COACHING_CALENDAR_CHOICE
"
DIM_MDM_COACH_COMPETENCIES_V,"
CREATE VIEW [dbo].[DIM_MDM_COACH_COMPETENCIES_V]
AS
SELECT * FROM DBO.DIM_NCOE_COACH_COMPETENCIES WITH (NOLOCK)
"
DIM_MDM_COACH_PERSON_DETAILS_V,"





CREATE VIEW [dbo].[DIM_MDM_COACH_PERSON_DETAILS_V]
AS
SELECT 
[PERNR_NUM]
      ,nullif([FULL_NAME],'') AS [FULL_NAME]
      ,nullif([LAST_NAME],'') AS [LAST_NAME]
      ,nullif([FIRST_NAME],'') AS [FIRST_NAME]
      ,nullif([MIDDLE_NAME],'') AS [MIDDLE_NAME]
      ,nullif([NTLOGIN_ID],'') AS [NTLOGIN_ID]
      ,case when [EMPLOYMENT_TYPE] = 'Business Partner' then 'Vendor' 
		 when [EMPLOYMENT_TYPE] = 'Contractor'  then 'Vendor' 
		 else  [EMPLOYMENT_TYPE] end as [EMPLOYMENT_TYPE]
      ,case when [EMPLOYMENT_TYPE] = 'Business Partner' then 'Partner' 
		 when [EMPLOYMENT_TYPE] = 'Contractor'  then 'Partner' 
		 when [EMPLOYMENT_TYPE] = 'Employee'  then 'Internal' 
		 else  [EMPLOYMENT_TYPE] end as [AGENT_EMPLOYMENT_TYPE]
      ,[EMPLOYMENT_TYPE] AS [EMPLOYMENT_SUB_TYPE]
       ,case when [EMPLOYMENT_TYPE] = 'Business Partner' then 'Vendor' 
		 when [EMPLOYMENT_TYPE] = 'Contractor'  then 'Vendor' 
		 when [EMPLOYMENT_TYPE] = 'Employee'  then 'Employee' 
		 else  null end as [EMPLOYMENT_TYPE_HIER]
      ,case when [EMPLOYMENT_TYPE] = 'Business Partner' then 'Partner' 
		 when [EMPLOYMENT_TYPE] = 'Contractor'  then 'Partner' 
		 when [EMPLOYMENT_TYPE] = 'Employee'  then 'Internal' 
		 else  null end as [AGENT_EMPLOYMENT_TYPE_HIER]
      ,nullif([EMPLOYMENT_TYPE],'Unknown Agent') AS [EMPLOYMENT_SUB_TYPE_HIER]

      ,nullif([EMAIL],'') AS [EMAIL]
      ,[HIRE_DATE]
      ,[TERMINATION_DATE]
FROM [dbo].[DIM_TABULAR_PERSON_DETAILS]  d
where EXISTS (SELECT 1 FROM  [dbo].[FACT_TABULAR_NCOE_COACH_SESSIONS_V] f
              where f.[COACH_PERNR_NUM] = d.[PERNR_NUM])

"
DIM_MDM_COACH_SESSION_CHARACTERISTICS_V,"
CREATE VIEW [dbo].[DIM_MDM_COACH_SESSION_CHARACTERISTICS_V]
AS
SELECT * FROM DBO.DIM_NCOE_COACH_SESSIONCHARACTERISTICS WITH (NOLOCK)
"
DIM_MDM_COACH_SESSION_CHARS_V,"create view [dbo].[DIM_MDM_COACH_SESSION_CHARS_V] AS
SELECT [SessionCharacteristicID]
      ,[SessionType]
      ,cast([IsPrivate] as bit) [IsPrivate]
      ,cast([IsMailedToOthers] as bit)[IsMailedToOthers]
      ,cast([IsGroupObservation] as bit)  as [IsGroupObservation]
      ,cast([IsSentToAgent] as bit)  as [IsSentToAgent]
      ,cast([IsAgentAcknowledged] as bit)  as [IsAgentAcknowledged]
      ,cast([IsCompleted] as bit)  as [IsCompleted]
      ,[Behavior1]
      ,[Behavior2]
  FROM DBO.DIM_NCOE_COACH_SESSIONCHARACTERISTICS WITH (NOLOCK)"
DIM_MDM_COACH_SUPERVISOR_V,"


CREATE view [dbo].[DIM_MDM_COACH_SUPERVISOR_V] AS 

SELECT   [SK_PERSON_HIER_ID] as [PERSON_HIER_ID]
      , [PERNR_NUM]
      ,[NTLOGIN_ID]
      ,[FULL_NAME]
      ,[LAST_NAME]
      ,[FIRST_NAME]
      ,[EMAIL]
      ,case when [EMPLOYMENT_TYPE] = 'Business Partner' then 'Vendor' 
		 when [EMPLOYMENT_TYPE] = 'Contractor'  then 'Vendor' 
		 else  [EMPLOYMENT_TYPE] end as [EMPLOYMENT_TYPE]
      ,case when [EMPLOYMENT_TYPE] = 'Business Partner' then 'Partner' 
		 when [EMPLOYMENT_TYPE] = 'Contractor'  then 'Partner' 
		 when [EMPLOYMENT_TYPE] = 'Employee'  then 'Internal' 
		 else  [EMPLOYMENT_TYPE] end as [AGENT_EMPLOYMENT_TYPE]
      ,[EMPLOYMENT_TYPE] AS [EMPLOYMENT_SUB_TYPE]
      ,[JOB_LEVEL]
      ,[SUPV_PERNR_NUM]
      ,[MGR1_PERNR_NUM]
      ,[MGR2_PERNR_NUM]
      ,[DIR1_PERNR_NUM]
      ,[DIR2_PERNR_NUM]
      ,[DIR3_PERNR_NUM]
      ,[VP1_PERNR_NUM]
      ,[VP2_PERNR_NUM]
      ,[VP3_PERNR_NUM]
      ,[SVP_PERNR_NUM]
      ,[SUPV_NTLOGIN_ID]
      ,[MGR1_NTLOGIN_ID]
      ,[MGR2_NTLOGIN_ID]
      ,[DIR1_NTLOGIN_ID]
      ,[DIR2_NTLOGIN_ID]
      ,[DIR3_NTLOGIN_ID]
      ,[VP1_NTLOGIN_ID]
      ,[VP2_NTLOGIN_ID]
      ,[VP3_NTLOGIN_ID]
      ,[SVP_NTLOGIN_ID]
      ,[SUPV_NAME]
      ,[MGR1_NAME]
      ,[MGR2_NAME]
      ,[DIR1_NAME]
      ,[DIR2_NAME]
      ,[DIR3_NAME]
      ,[VP1_NAME]
      ,[VP2_NAME]
      ,[VP3_NAME]
      ,[SVP_NAME]
	  ,coalesce([REPORT_TO_SUPERVISOR_NAME]+' (Supv)','zz No Supervisor') as [REPORT_TO_SUPERVISOR_NAME]
	  ,coalesce([REPORT_TO_MANAGER_NAME],'zz No Manager') as [REPORT_TO_MANAGER_NAME]
	  ,coalesce([REPORT_TO_DIRECTOR_NAME] ,'zz No Director') as [REPORT_TO_DIRECTOR_NAME] 


   --   ,CASE WHEN [REPORT_TO_SUPERVISOR_NAME] IS NULL AND [REPORT_TO_MANAGER_NAME] IS NOT NULL THEN 'No Supv - '+[REPORT_TO_MANAGER_NAME]
		 --WHEN [REPORT_TO_SUPERVISOR_NAME] IS NULL AND [REPORT_TO_MANAGER_NAME] IS  NULL AND [REPORT_TO_DIRECTOR_NAME] IS NOT NULL THEN 'No Supv - No Mgr - '+ [REPORT_TO_DIRECTOR_NAME]
		 --WHEN [REPORT_TO_SUPERVISOR_NAME] IS NULL AND [REPORT_TO_MANAGER_NAME] IS  NULL AND [REPORT_TO_DIRECTOR_NAME] IS  NULL THEN 'No Supv - No Mgr - '+coalesce([REPORT_TO_VP_NAME],'No VP')
		 --else [REPORT_TO_SUPERVISOR_NAME] end as [REPORT_TO_SUPERVISOR_NAME]
   --     ,CASE WHEN [REPORT_TO_MANAGER_NAME] IS  NULL and [REPORT_TO_DIRECTOR_NAME] is not null THEN 'No Mgr - '+[REPORT_TO_DIRECTOR_NAME]
		 --WHEN [REPORT_TO_MANAGER_NAME] IS NULL AND [REPORT_TO_DIRECTOR_NAME] IS  NULL THEN 'No Supv - No Mgr - '+coalesce([REPORT_TO_VP_NAME],'No VP')
		 --else [REPORT_TO_MANAGER_NAME] end as [REPORT_TO_MANAGER_NAME]
   --    ,CASE WHEN [REPORT_TO_DIRECTOR_NAME] IS  NULL THEN 'No Dir - '+COALESCE([REPORT_TO_VP_NAME],'No VP')
		 --else [REPORT_TO_DIRECTOR_NAME] end as [REPORT_TO_DIRECTOR_NAME]

      ,[REPORT_TO_VP_NAME]

	  ,coalesce([REPORT_TO_SUPERVISOR_NTLOGIN_ID],'zz No Supv ID') as [REPORT_TO_SUPERVISOR_NTLOGIN_ID]
	  ,coalesce([REPORT_TO_MANAGER_NTLOGIN_ID],'zz No Mgr ID') as [REPORT_TO_MANAGER_NTLOGIN_ID]
	  ,coalesce([REPORT_TO_DIRECTOR_NTLOGIN_ID] ,'zz No Dir ID') as [REPORT_TO_DIRECTOR_NTLOGIN_ID] 


	  --,CASE WHEN [REPORT_TO_SUPERVISOR_NAME] IS NULL AND [REPORT_TO_MANAGER_NAME] IS NOT NULL THEN 'No Supv - '+[REPORT_TO_MANAGER_NTLOGIN_ID]
		 --WHEN [REPORT_TO_SUPERVISOR_NAME] IS NULL AND [REPORT_TO_MANAGER_NAME] IS  NULL THEN 'No Supv - No Mgr - '+[REPORT_TO_DIRECTOR_NTLOGIN_ID]
		 --else [REPORT_TO_SUPERVISOR_NTLOGIN_ID] end as [REPORT_TO_SUPERVISOR_NTLOGIN_ID]
   --   ,CASE WHEN [REPORT_TO_MANAGER_NAME] IS  NULL THEN 'No Mgr - '+[REPORT_TO_DIRECTOR_NTLOGIN_ID]
		 --else [REPORT_TO_MANAGER_NTLOGIN_ID] end as [REPORT_TO_MANAGER_NTLOGIN_ID]

   --   ,[REPORT_TO_DIRECTOR_NTLOGIN_ID]

      ,[REPORT_TO_VP_NTLOGIN_ID]

      ,[REPORT_TO_SUPERVISOR_PERNR]
      ,[REPORT_TO_MANAGER_PERNR]
      ,[REPORT_TO_DIRECTOR_PERNR]
      ,[REPORT_TO_VP_PERNR]
  FROM [NRDP_DM].[dbo].[DIM_TABULAR_PERSON_HIER]
  where PERNR_NUM in (select DISTINCT [COACH_PERNR_NUM]

FROM [dbo].[FACT_TABULAR_NCOE_COACH_SESSIONS_V]
) 

"
DIM_MDM_CRM_LOG_V,"CREATE VIEW [dbo].[DIM_MDM_CRM_LOG_V]
AS
SELECT DISTINCT [TYPE_NAME] AS TYPENAME,
ORIGIN,
[PRIORITY] AS PRIORITY_NAME,
[STATUS] AS STATUSNAME,
RECORD_TYPE AS RECORDTYPE,
COALESCE(CRM_LOG_ID,-1) AS CRM_LOG_ID
FROM DIM_CRM_TICKETS_LOG

"
DIM_MDM_CUST_MAP_INTERACTON_V,"


CREATE view [dbo].[DIM_MDM_CUST_MAP_INTERACTON_V] AS 
SELECT  [NRDP_CUST_MAP_ID]
      ,[BEG_CUST_MAP_INTERACTION_ASSIST_TYPE]
      ,[BEG_CUST_MAP_INTERACTION_MEDIUM]
      ,[BEG_CUST_MAP_INTERACTION_QUEUE]
      ,[BEG_CUST_MAP_AGENT_QUEUE]
      ,[BEG_CUST_MAP_LAST_INTERACTION_TIMING]
	   ,CASE WHEN BEG_CUST_MAP_LAST_INTERACTION_TIMING =1 THEN 'Direct Transfer'
       when BEG_CUST_MAP_LAST_INTERACTION_TIMING = 10 then 'Same Day'
       when BEG_CUST_MAP_LAST_INTERACTION_TIMING = 20  then '2 to 7 Days'
       when BEG_CUST_MAP_LAST_INTERACTION_TIMING = 50 then '8 to 30 Days'
       when BEG_CUST_MAP_LAST_INTERACTION_TIMING = 100 then '31 to 90 Days'
       else 'zUnknown'
       end as BEG_CUST_MAP_LAST_INTERACTION_TIMING_DESC
      ,[FULL_PENULTIMATE]
  FROM [NRDP_DM].[dbo].[DIM_CUST_MAP_INTERACTION]
  UNION ALL
  SELECT -1 [NRDP_CUST_MAP_ID]
      ,'zUnknown' [BEG_CUST_MAP_INTERACTION_ASSIST_TYPE]
      ,'zUnknown' [BEG_CUST_MAP_INTERACTION_MEDIUM]
      ,'zUnknown' [BEG_CUST_MAP_INTERACTION_QUEUE]
      ,'zUnknown' [BEG_CUST_MAP_AGENT_QUEUE]
      ,0 [BEG_CUST_MAP_LAST_INTERACTION_TIMING]
	   ,'zUnknown'  BEG_CUST_MAP_LAST_INTERACTION_TIMING_DESC
      ,'zUnknown' [FULL_PENULTIMATE]
  FROM [NRDP_DM].[dbo].[DIM_CUST_MAP_INTERACTION]
  WHERE [NRDP_CUST_MAP_ID]=1

"
DIM_MDM_CUST_TENURE_V,"
CREATE VIEW [dbo].[DIM_MDM_CUST_TENURE_V]
AS
SELECT CASE WHEN TENURE_ID < 0 THEN TENURE_ID * - 500 ELSE TENURE_ID END AS TENURE_ORDER_ID, 
TENURE_ID, TENURE_DESC, TENURE_BAND_START_DAY_CNT, TENURE_BAND_END_DAY_CNT
FROM     DIM_CUST_TENURE WITH (NOLOCK)
"
DIM_MDM_CUSTOMER_ACCOUNT_DEMO_V,"


CREATE VIEW [dbo].[DIM_MDM_CUSTOMER_ACCOUNT_DEMO_V]
AS
SELECT * ,
CASE WHEN CUST_DEMO_COMP_FOOTPRINT IN ('ATT NON-UVERSE','ATT UVERSE','ATT') THEN 'ATT'
     WHEN CUST_DEMO_COMP_FOOTPRINT IN ('CENTURYLINK NON-PRISM','CENTURYLINK PRISM','CENTURYLINK') THEN 'CENTURYLINK' 
	 WHEN CUST_DEMO_COMP_FOOTPRINT IN ('FRONTIER FIBER','FRONTIER NON-FIBER','FRONTIER') THEN 'FRONTIER'
	 WHEN CUST_DEMO_COMP_FOOTPRINT IN ('VERIZON FIOS','VERIZON NON-FIOS','VERIZON') THEN 'VERIZON'
	 ELSE 'OTHER'
END AS CUST_DEMO_COMP_FOOTPRINT_COMPANY
FROM DIM_TABULAR_CUSTOMER_ACCOUNT_DEMO
"
DIM_MDM_CUSTOMER_ACCOUNT_EBB_BULK_V,"

CREATE VIEW [dbo].[DIM_MDM_CUSTOMER_ACCOUNT_EBB_BULK_V] AS 
SELECT L.[CUSTOMER_EBB_BULK_KEY], P.*,B.*
FROM [dbo].[LKP_CUSTOMER_EBB_BULK] L JOIN 
[dbo].[DIM_PRODCAT_EBB_REF] P
ON L.PRODCAT_EBB_ID = P.PRODCAT_EBB_ID JOIN
[dbo].[DIM_CUSTOMER_ACCOUNT_BULK] B
ON L.CUSTOMER_ACCOUNT_BULK_KEY = B.CUSTOMER_ACCOUNT_BULK_KEY
"
DIM_MDM_CUSTOMER_ACCOUNT_V,"



CREATE   VIEW [dbo].[DIM_MDM_CUSTOMER_ACCOUNT_V] AS 
SELECT  CUSTOMER_ACCOUNT_KEY AS CUST_ACCOUNT_KEY
      ,[CUSTOMER_ACCOUNT_KEY]
      ,[NRDP_CUST_REGION_ID]
      ,[CUST_REGION_NAME]
      ,[NRDP_CUST_DIVISION_ID]
      ,[CUST_DIVISION_NAME]
      ,[COMMERCIAL_RESIDENTIAL_KEY]
      ,[COMMERCIAL_RESIDENTIAL_CD]
      
	 ,CASE WHEN [COMMERCIAL_RESIDENTIAL_KEY]  IN (2,3) THEN 'Commercial' else 'Residential' end COMM_RESI_GROUP -- ADDED FOR CUBE Attribute 
	 , CASE WHEN [COMMERCIAL_RESIDENTIAL_KEY]  IN (2,3) THEN 2 else 1 end COMM_RESI_GROUP_ORDER
	 , CASE WHEN [CUST_DIVISION_NAME]  IN ('Central','West','Northeast') then 'Valid Customer Division' else 'National' END as VALID_CUST_DIVISION
	 ,'All Customer Divisions' as CUSTOMER_DIVISON_TOTAL
 	 , CASE WHEN [CUST_DIVISION_NAME]  IN ('Central','West','Northeast') then [CUST_DIVISION_NAME] else null END as CUSTOMER_DIVISION_ATTR
 	 --, CASE WHEN [CUST_DIVISION_NAME]  IN ('Central','West','Northeast') then 'All Divisions' else null END as ALL_CUSTOMER_DIVISION_ATTR

  FROM [NRDP_DM].[dbo].[DIM_CUSTOMER_ACCOUNT]

"
DIM_MDM_CUSTOMER_EBB_BULK_V,"



CREATE VIEW [dbo].[DIM_MDM_CUSTOMER_EBB_BULK_V] AS 
SELECT L.[CUSTOMER_EBB_BULK_KEY], L.[CUSTOMER_EBB_BULK_KEY] AS [DRV_EBB_BULK_KEY],P.*,B.*
FROM [dbo].[LKP_CUSTOMER_EBB_BULK] L JOIN 
[dbo].[DIM_PRODCAT_EBB_REF] P
ON L.PRODCAT_EBB_ID = P.PRODCAT_EBB_ID JOIN
[dbo].[DIM_CUSTOMER_ACCOUNT_BULK] B
ON L.CUSTOMER_ACCOUNT_BULK_KEY = B.CUSTOMER_ACCOUNT_BULK_KEY
"
DIM_MDM_DASHBOARD_INDEX_INFO_V,"CREATE  VIEW [dbo].[DIM_MDM_DASHBOARD_INDEX_INFO_V] AS 

SELECT * FROM DIM_MDM_DASHBOARD_INDEX_INFO
"
DIM_MDM_DateTime_V,"CREATE VIEW [dbo].[DIM_MDM_DateTime_V] 
AS
SELECT d.[PeriodDateTime]
      ,d.[PeriodDate]
      ,d.[TimeHalfHour]
      ,d.[TimeHour]
      ,d.[FiscalYear]
      ,d.[FiscalMonthID]
         ,FiscalYearMonthID = CAST(CONCAT(FiscalYear, RIGHT('00' + CAST(FiscalMonthID AS VARCHAR(10)),2)) AS INT)
      ,d.[FiscalMonth]
	  ,substring(d.FiscalMonth,1, charindex('''',d.fiscalMonth) -2) as [FiscalMonthName]
      ,d.[FiscalMonthWeek]
      ,d.[CalendarYear]
	  ,d.[CalendarMonth]
      ,d.[CalendarYearWeek]
      ,d.[FiscalQuarter]
      ,d.[FiscalMonthStart]
      ,d.[FiscalMonthEnd]
	  ,d.[DayOfMonth] 
      ,d.[CalendarMonthName]
	  ,d.[FiscalMonthWeekEnd]
    
  FROM [DBO].[DimDateTime] (NOLOCK) d
  ,
    (SELECT TOP 1 fiscalYear AS CurrentFiscalYear, FiscalQuarter AS CurrentFiscalQuarter, FiscalMonth AS CurrentFiscalMonth, FiscalMonthWeek AS CurrentFiscalWeek, CurrentFiscalDay  = CAST(GETDATE() AS DATE) FROM [DBO].[DimDateTime] (NOLOCK) d WHERE CAST(GETDATE() AS DATE) = d.perioddatetime ) Today 
  WHERE d.FiscalYear >= DATEPART(YEAR, GETDATE()) - 1 -- PS 20200428 Reduce number of years displayed in Dates dimension



"
DIM_MDM_DIGITAL_ATTRIBUTES_V,"
CREATE VIEW [dbo].[DIM_MDM_DIGITAL_ATTRIBUTES_V]
AS
SELECT * FROM DIM_DIGITAL_ATTRIBUTES
"
DIM_MDM_DISCONNECT_REASONS_V,"



CREATE VIEW [dbo].[DIM_MDM_DISCONNECT_REASONS_V]
AS
SELECT 
DISCONNECT_REASON_INDICATOR
,DISCO_REASON_ROLLUP_NM
,DISCO_REASON_ROLLUP_GROUP_NM
, DISCONNECT_RSN_CD 
FROM DIM_DISCONNECT_REASONS
UNION ALL
SELECT -1 AS DISCONNECT_REASON_INDICATOR
,'Unknown' as DISCO_REASON_ROLLUP_NM
,'Unknown' as DISCO_REASON_ROLLUP_GROUP_NM
,'Unknown' as DISCONNECT_RSN_CD
"
DIM_MDM_EBI_XLR8_SCORE_V,"CREATE VIEW [dbo].[DIM_MDM_EBI_XLR8_SCORE_V] AS
    SELECT
        DISTINCT 
        CASE 
            WHEN Round(C.EBI_SCORE,2) >= 0 AND Round(C.EBI_SCORE,2) <= 0.25 THEN 1
            WHEN Round(C.EBI_SCORE,2) > 0.25 AND Round(C.EBI_SCORE,2) <= 0.50 THEN 2
            WHEN Round(C.EBI_SCORE,2) > 0.50 THEN 3
            ELSE -1
        END AS EBI_Range_ID,
        CASE 
            WHEN Round(C.EBI_SCORE,2) >= 0 AND Round(C.EBI_SCORE,2) <= 0.25 THEN 'Low'
            WHEN Round(C.EBI_SCORE,2) > 0.25 AND Round(C.EBI_SCORE,2) <= 0.50 THEN 'Medium'
            WHEN Round(C.EBI_SCORE,2) > 0.50 THEN 'High'
            ELSE 'zUnknown'
        END AS EBI_Range_Desc
    FROM [NRDP_DM].[dbo].[FACT_CALL_DETAIL]  C
"
DIM_MDM_ECM_CASE_V,"
CREATE VIEW [dbo].[DIM_MDM_ECM_CASE_V] 
AS
SELECT 
ECM_CASE_DIM_KEY as ECM_CASE_DIM_KEY,               
coalesce(SOLUTION_DESC,'zUnknown') as SOLUTION_DESC, 
coalesce(ADDITIONAL_PROBLEM_DETAILS,'zUnknown')  as ADDITIONAL_PROBLEM_DETAILS,
coalesce(RESOLUTION_DETAILS,'zUnknown') as RESOLUTION_DETAILS,
coalesce(ADDITIONAL_RESOLUTION_DETAILS,'zUnknown') as ADDITIONAL_RESOLUTION_DETAILS,
coalesce(PROBLEM_DETAILS,'zUnknown') as PROBLEM_DETAILS,
coalesce(PROBLEM_TYPE,'zUnknown') as PROBLEM_TYPE, 
coalesce(QUEUE_NAME,'zUnknown')  as QUEUE_NAME,
coalesce(STATE,'zUnknown') as STATE,
coalesce(STATUS,'zUnknown') as STATUS
FROM dbo.DIM_ECM_CASE"
DIM_MDM_ECM_INTERACTION_V,"
CREATE VIEW [dbo].[DIM_MDM_ECM_INTERACTION_V] 
AS
SELECT 
ECM_INTERACTION_DIM_KEY  as  ECM_INTERACTION_DIM_KEY,            
coalesce(WORK_QUEUE,'zUnknown') as WORK_QUEUE, 
coalesce(SUB_CATEGORY,'zUnknown')  as SUB_CATEGORY,
coalesce(CHAT_STATUS,'zUnknown') as CHAT_STATUS,
coalesce(STATUS_REASON,'zUnknown') as STATUS_REASON

FROM dbo.DIM_ECM_INTERACTION"
DIM_MDM_EDIP_TRANSACTION_HISTORY_ATTRIBUTES_V,"CREATE VIEW DBO.DIM_MDM_EDIP_TRANSACTION_HISTORY_ATTRIBUTES_V
AS
SELECT [transactionhistoryattributeid]
      ,[iscogescalationinvalid]
      ,[istouchedreturned]
      ,[isedipavcompliant]
      ,[isnotplancompliant]
      ,[priority]
  FROM [NRDP_DM].[dbo].[DIM_EDIP_TRANSACTION_HISTORY_ATTRIBUTES]"
DIM_MDM_EINSTEIN_TROUBLESHOOT_V,"







/****** Script for SelectTopNRows command from SSMS  ******/
CREATE VIEW [dbo].[DIM_MDM_EINSTEIN_TROUBLESHOOT_V] AS SELECT [NRDP_EINSTEIN_TROUBLESHOOT_ID]
      ,[NRDP_EINSTEIN_TROUBLESHOOT_CATEGORY]
      ,[NRDP_EINSTEIN_ACTION_TYPE]
      ,[NRDP_EINSTEIN_ITG_TYPE]
      ,[NRDP_EINSTEIN_ACTION_NAME]
      ,[NRDP_EINSTEIN_ITG_NAME]
	  ,NRDP_EINSTEIN_ACTION_VERSION
	  ,NRDP_EINSTEIN_ITG_VERSION
  FROM [NRDP_DM].[dbo].[DIM_EINSTEIN_TROUBLESHOOT]
"
DIM_MDM_ENPS_V,"
CREATE VIEW [dbo].[DIM_MDM_ENPS_V]
AS
Select DISTINCT ENPS_ID,
                NRDP_AGENT_DIVISION_NAME, 
				NRDP_AGENT_QUEUE_NAME, 
				NRDP_AGENT_CALL_CENTER_NAME 
FROM dbo.FACT_ENPS
"
DIM_MDM_EWFM_SEGMENT_CODES_V,"

CREATE VIEW [dbo].[DIM_MDM_EWFM_SEGMENT_CODES_V]
AS
SELECT COALESCE(CODE_ID,-1) AS CODE_ID,
       CODE,
	   DESCRIPTION

FROM DIM_EWFM_SEGMENT_CODE
"
DIM_MDM_FISCAL_CAL_BACKUP_V,"











CREATE view [dbo].[DIM_MDM_FISCAL_CAL_BACKUP_V] AS  
SELECT COALESCE(X.[DATEKEY], Y.DATEKEY) AS DATEKEY
      ,[CALENDAR_DATE]
      ,[CALENDAR_DATE_DESC]
      ,[FISCAL_PERIOD_WEEK]
	  ,MAX([FISCAL_PERIOD]) OVER (PARTITION BY COALESCE(X.[FISCAL_PERIOD_INT], Y.FISCAL_PERIOD_INT) ) FISCAL_PERIOD
      ,COALESCE(X.[FISCAL_PERIOD_INT], Y.FISCAL_PERIOD_INT) AS FISCAL_PERIOD_INT
      ,[FISCAL_PERIOD_ORDER]
      ,[FISCAL_QUARTER]
      ,[FISCAL_QUARTER_DESC]
      ,[FISCAL_MNTH]
      ,[FISCAL_YEAR]
      ,[FISCAL_MNTH_WEEK]
      ,[FISCAL_WEEK_BEGIN_DATE]
      ,[FISCAL_WEEK_END_DATE]
	  ,MAX([FISCAL_PERIOD_BEGIN_DATE]) OVER (PARTITION BY COALESCE(X.[FISCAL_PERIOD_INT], Y.FISCAL_PERIOD_INT) ) [FISCAL_PERIOD_BEGIN_DATE]
	  ,MAX([FISCAL_PERIOD_END_DATE]) OVER (PARTITION BY COALESCE(X.[FISCAL_PERIOD_INT], Y.FISCAL_PERIOD_INT) ) [FISCAL_PERIOD_END_DATE]
	  ,MAX([FISCAL_PERIOD_END_DATE_FMT]) OVER (PARTITION BY COALESCE(X.[FISCAL_PERIOD_INT], Y.FISCAL_PERIOD_INT) ) [FISCAL_PERIOD_END_DATE_FMT]
      ,[FISCAL_PERIOD_NAME]
      ,[DAY_OF_WEEK]
      ,[FISCAL_YEAR_END_DATE]
      ,[YTD_IND]
      ,[PP_IND]
	  ,MAX([CUST_PERIOD_DESC]) OVER (PARTITION BY COALESCE(X.[FISCAL_PERIOD_INT], Y.FISCAL_PERIOD_INT) ) [CUST_PERIOD_DESC]
--      ,[CUST_PERIOD_DESC]
      ,[LASTCLOSED_13_MONTHS]
	 ,min([CUST_PERIOD_ORDER]) OVER (PARTITION BY COALESCE(X.[FISCAL_PERIOD_INT], Y.FISCAL_PERIOD_INT) ) [CUST_PERIOD_ORDER]
      ,[LTR_30_IND]
      ,[LTR_60_IND]
      ,[LTR_90_IND]
      , [CLOSED_IND]
      ,[WEEK_ENDING_FRIDAY_DATE]
      ,[CAL_WEEK_END_SAT_DATE]
      ,[REPORTING_FISCAL_WEEK_END_DATE_FMT]
      ,[REPORTING_FISCAL_WEEK_END_DATE]
      ,[CalendarYear]
      ,[CalendarMonthYearName]
      ,[CalendarYearMonth]
      ,[CalendarWeekSundayStart]
      ,[CAL_WEEK_END_SUN_DATE]
	  FROM 
(SELECT 
cp.DATEKEY,
a.CALENDAR_DATE, 
1 AS [CLOSED_IND],

cp.CALENDAR_DATE_DESC,
CP.FISCAL_PERIOD_WEEK,
CP.FISCAL_PERIOD,
CP.FISCAL_PERIOD_INT,
CP.FISCAL_PERIOD_INT*-1 AS FISCAL_PERIOD_ORDER,
CP.FISCAL_QUARTER,
CP.FISCAL_QUARTER_DESC,
A.FISCAL_MNTH,
CP.FISCAL_YEAR,
FISCAL_MNTH_WEEK,
FISCAL_WEEK_BEGIN_DATE,
FISCAL_WEEK_END_DATE,
FISCAL_PERIOD_BEGIN_DATE,
FISCAL_PERIOD_END_DATE,
CONVERT(varchar, FISCAL_PERIOD_END_DATE, 23) as FISCAL_PERIOD_END_DATE_FMT,
DATENAME(MONTH,FISCAL_PERIOD_END_DATE) AS FISCAL_PERIOD_NAME,
DATENAME(dw,A.CALENDAR_DATE) AS DAY_OF_WEEK,
FISCAL_YEAR_END_DATE,
CASE WHEN a.CALENDAR_DATE > l.Load_Yrago_date  and a.CALENDAR_DATE <= L.LOAD_YRAGO_END_PERIOD_DATE THEN 'NO' ELSE 'YES' END AS YTD_IND ,
CASE WHEN a.CALENDAR_DATE > l.Load_Prior_date THEN 'NO' ELSE 'YES' END AS PP_IND ,
case WHEN l.Load_date between a.FISCAL_PERIOD_BEGIN_DATE and FISCAL_PERIOD_END_DATE then 'Current Month to Date' 
    when L.Load_Prior_date between  a.FISCAL_PERIOD_BEGIN_DATE and FISCAL_PERIOD_END_DATE then 'Last Closed Month'
    --when l.load_date BETWEEN  DATEADD(MONTH,-12,FISCAL_YEAR_END_DATE)AND FISCAL_YEAR_END_DATE then fiscal_period 
	else  A.fiscal_period end  CUST_PERIOD_DESC,
 case when a.CALENDAR_DATE  between  DATEADD(MM,-13,l.LOAD_LAST_PERIOD_COMPLETE_DATE) and dateadd(dd,-1,LOAD_LAST_PERIOD_COMPLETE_DATE) then 'Last 13 Closed Months'  ELSE NULL enD LASTCLOSED_13_MONTHS,
CP.FISCAL_PERIOD_INT  * -1 CUST_PERIOD_ORDER,
CASE WHEN A.CALENDAR_DATE <= LTR_30_DATE THEN 1 ELSE 0 END AS LTR_30_IND,
CASE WHEN A.CALENDAR_DATE <= LTR_60_DATE THEN 1 ELSE 0 END AS LTR_60_IND,
CASE WHEN A.CALENDAR_DATE <= LTR_90_DATE THEN 1 ELSE 0 END AS LTR_90_IND, 
v.[WEEK_ENDING_FRIDAY_DATE],
a.CAL_WEEK_END_SAT_DATE,
CONVERT(varchar, V.[REPORTING_FISCAL_WEEK_END_DATE], 23) as REPORTING_FISCAL_WEEK_END_DATE_FMT,
V.[REPORTING_FISCAL_WEEK_END_DATE]

,year(a.calendar_date) as CalendarYear  /*NRD-565  CI*/
,FORMAT(a.Calendar_date, 'MMM')   + ' ''' + substring(Cast(year(a.calendar_date) as varchar),3,2) as CalendarMonthYearName  /*NRD-565  CI*/
,Cast(year(a.calendar_date) as varchar) + Format(a.calendar_date,'MM') as CalendarYearMonth   /*NRD-565  CI*/
,case when DatePart(dw,a.calendar_date) = 1 then a.Calendar_date
      when DatePart(dw,a.calendar_date) = 2 then DateAdd(d,-1,a.Calendar_Date)
	  when DatePart(dw,a.calendar_date) = 3 then DateAdd(d,-2,a.Calendar_Date)
	  when DatePart(dw,a.calendar_date) = 4 then DateAdd(d,-3,a.Calendar_Date)
	  when DatePart(dw,a.calendar_date) = 5 then DateAdd(d,-4,a.Calendar_Date)
	  when DatePart(dw,a.calendar_date) = 6 then DateAdd(d,-5,a.Calendar_Date)
	  when DatePart(dw,a.calendar_date) = 7 then DateAdd(d,-6,a.Calendar_Date)
end AS CalendarWeekSundayStart,  /*NRD-565  CI*/
case  when DatePart(dw,a.calendar_date) = 1 then  a.Calendar_Date
      when DatePart(dw,a.calendar_date) = 2 then DateAdd(d,6,a.Calendar_Date)
	  when DatePart(dw,a.calendar_date) = 3 then DateAdd(d,5,a.Calendar_Date)
	  when DatePart(dw,a.calendar_date) = 4 then DateAdd(d,4,a.Calendar_Date)
	  when DatePart(dw,a.calendar_date) = 5 then DateAdd(d,3,a.Calendar_Date)
	  when DatePart(dw,a.calendar_date) = 6 then DateAdd(d,2,a.Calendar_Date)
	  when DatePart(dw,a.calendar_date) = 7 then DateAdd(d,1,a.Calendar_Date)
end AS CAL_WEEK_END_SUN_DATE /*NRD-560  CI*/

FROM  DIM_DATE  a   join 

(
SELECT [CALENDAR_DATE] AS LOAD_DATE,
DATEADD(MONTH,-1,CALENDAR_DATE) AS LOAD_PRIOR_DATE,
DATEADD(YEAR,-1,CALENDAR_DATE) AS LOAD_YRAGO_DATE,
DATEADD(YEAR,-1,FISCAL_PERIOD_END_DATE) AS LOAD_YRAGO_END_PERIOD_DATE,
DATEADD(DAY,-1,FISCAL_YEAR_BEGIN_DATE) AS LOAD_PRIOR_END_YEAR_DATE,
FISCAL_PERIOD_BEGIN_DATE AS LOAD_LAST_PERIOD_COMPLETE_DATE,
DATEADD(DAY,-29,[CALENDAR_DATE]) AS LTR_30_DATE,
DATEADD(DAY,-59,[CALENDAR_DATE]) AS LTR_60_DATE,
DATEADD(DAY,-89,[CALENDAR_DATE]) AS LTR_90_DATE
FROM [dbo].[DIM_DATE_LATEST_DAY_SNAPSHOT]
) l 
on a.CALENDAR_DATE <=L.LOAD_DATE LEFT JOIN 
 [dbo].[DIM_DATE_VENDOR_REPORTING]  v
 on a.CALENDAR_DATE = v.CALENDAR_DATE  JOIN 
 DIM_DATE_CUSTOM_PERIODS CP ON 
A.CALENDAR_DATE = CP.CALENDAR_DATE  
WHERE A.FISCAL_YEAR >=2019) x full outer join
(select DATEKEY,FISCAL_PERIOD_INT from DIM_DATE_CUSTOM_PERIODS
where fiscal_year =2021 
and calendar_date > (select CALENDAR_DATE from [DIM_DATE_LATEST_DAY_SNAPSHOT])
) y
on x.DATEKEY = Y.DATEKEY 




"
DIM_MDM_FISCAL_CAL_BACKUP2_V,"


CREATE VIEW [dbo].[DIM_MDM_FISCAL_CAL_BACKUP2_V] AS 
SELECT coalesce(a.[DATEKEY],b.[Datekey]) as DATEKEY
      ,[CALENDAR_DATE]
      ,[CLOSED_IND]
      ,[CAL_DESC]
      ,[CALENDAR_DATE_DESC]
      ,[FISCAL_PERIOD_WEEK]
      ,MAX(a.[FISCAL_PERIOD]) OVER (PARTITION BY coalesce(a.[FISCAL_PERIOD_INT],b.[FISCAL_PERIOD_INT])) [FISCAL_PERIOD]
      ,coalesce(a.[FISCAL_PERIOD_INT],b.[FISCAL_PERIOD_INT]) as [FISCAL_PERIOD_INT]
      ,[FISCAL_PERIOD_ORDER]
      ,[FISCAL_QUARTER]

      ,[FISCAL_QUARTER_DESC]
      ,[FISCAL_MNTH]
      ,[FISCAL_YEAR]
      ,[FISCAL_MNTH_WEEK]
      ,[FISCAL_WEEK_BEGIN_DATE]
      ,[FISCAL_WEEK_END_DATE]
      ,[FISCAL_PERIOD_BEGIN_DATE]
      ,[FISCAL_PERIOD_END_DATE]
      ,[FISCAL_PERIOD_END_DATE_FMT]
      ,[FISCAL_PERIOD_NAME]
      ,[DAY_OF_WEEK]
      ,[FISCAL_YEAR_END_DATE]
      ,[YTD_IND]
      ,[PP_IND]
      ,CASE WHEN A.FISCAL_YEAR = A.[LCM_FISCAL_YEAR] THEN  A.[CUST_PERIOD_DESC] ELSE NULL END [CUST_PERIOD_DESC]
      ,coalesce(A.[CUST_PERIOD_DESC_KEY], b.[CUST_PERIOD_DESC_KEY]) [CUST_PERIOD_DESC_KEY]
      ,[LASTCLOSED_13_MONTHS]
      ,COALESCE(A.[CUST_PERIOD_ORDER],B.FISCAL_PERIOD_INT) [CUST_PERIOD_ORDER]
      ,[LTR_30_IND]
      ,[LTR_60_IND]
      ,[LTR_90_IND]
      ,[WEEK_ENDING_FRIDAY_DATE]
      ,[CAL_WEEK_END_SAT_DATE]
      ,[REPORTING_FISCAL_WEEK_END_DATE_FMT]
      ,[REPORTING_FISCAL_WEEK_END_DATE]
      ,[CalendarYear]
      ,[CalendarMonthYearName]
      ,[CalendarYearMonth]
      ,[CalendarWeekSundayStart]
      ,[CAL_WEEK_END_SUN_DATE]
  FROM [DIM_MDM_FISCAL_CAL_BASE_V] A FULL OUTER JOIN
    (
		SELECT DISTINCT FISCAL_PERIOD_INT*1000 as Datekey, FISCAL_PERIOD_INT*10 as FISCAL_PERIOD_INT,
			FISCAL_PERIOD AS CUST_PERIOD_DESC_KEY
			FROM DIM_DATE D
		WHERE FISCAL_PERIOD IN  
		(SELECT DISTINCT FISCAL_PERIOD 
		  FROM [NRDP_DM].[dbo].[DIM_MDM_FISCAL_CAL_BASE_V] x
		  WHERE CUST_PERIOD_DESC_KEY NOT LIKE '20%' 
		  AND  x.FISCAL_YEAR =year(getdate()) 
		)
		AND D.FISCAL_YEAR =year(getdate()) 
		UNION ALL
		SELECT DISTINCT D.FISCAL_PERIOD_INT*100 as Datekey, D.FISCAL_PERIOD_INT,
			D.FISCAL_PERIOD AS  CUST_PERIOD_DESC_KEY
			FROM DIM_DATE D
		WHERE NOT EXISTS  
		(SELECT FISCAL_PERIOD  
		  FROM [NRDP_DM].[dbo].[DIM_MDM_FISCAL_CAL_BASE_V] x
		  WHERE D.FISCAL_PERIOD = x.FISCAL_PERIOD
		  AND  x.FISCAL_YEAR =year(getdate()) 
		)
		AND D.FISCAL_YEAR =year(getdate()) 
) B
ON a.datekey = B.Datekey
"
DIM_MDM_FISCAL_CAL_BASE_V,"

























CREATE view [dbo].[DIM_MDM_FISCAL_CAL_BASE_V] AS  
SELECT 
cp.DATEKEY,
a.CALENDAR_DATE, 
1 AS [CLOSED_IND],

CONVERT(VARCHAR(10), a.CALENDAR_DATE,23) AS CAL_DESC,

cp.CALENDAR_DATE_DESC,
CP.FISCAL_PERIOD_WEEK,
CP.FISCAL_PERIOD,
CP.FISCAL_PERIOD_INT,
CP.FISCAL_PERIOD_INT*-1 AS FISCAL_PERIOD_ORDER,
CP.FISCAL_QUARTER,
CP.FISCAL_QUARTER_DESC,
A.FISCAL_MNTH,
CP.FISCAL_YEAR,
FISCAL_MNTH_WEEK,
FISCAL_WEEK_BEGIN_DATE,
FISCAL_WEEK_END_DATE,
FISCAL_PERIOD_BEGIN_DATE,
FISCAL_PERIOD_END_DATE,
CONVERT(varchar, FISCAL_PERIOD_END_DATE, 23) as FISCAL_PERIOD_END_DATE_FMT,
DATENAME(MONTH,FISCAL_PERIOD_END_DATE) AS FISCAL_PERIOD_NAME,
DATENAME(dw,A.CALENDAR_DATE) AS DAY_OF_WEEK,
FISCAL_YEAR_END_DATE,
CASE WHEN a.CALENDAR_DATE > l.Load_Yrago_date  and a.CALENDAR_DATE <= L.LOAD_YRAGO_END_PERIOD_DATE THEN 'NO' ELSE 'YES' END AS YTD_IND ,
--CASE WHEN a.CALENDAR_DATE > l.LOAD_PRIOR_END_YEAR_DATE  and a.CALENDAR_DATE <= L.LOAD_LAST_PERIOD_COMPLETE_DATE THEN 'YES' ELSE 'NO' END AS YTD_IND,

CASE WHEN a.CALENDAR_DATE > l.Load_Prior_date THEN 'NO' ELSE 'YES' END AS PP_IND ,
case WHEN l.Load_date between a.FISCAL_PERIOD_BEGIN_DATE and FISCAL_PERIOD_END_DATE then 'Current Month to Date' 
    when L.Load_Prior_date between  a.FISCAL_PERIOD_BEGIN_DATE and FISCAL_PERIOD_END_DATE then 'Last Closed Month'
    --when l.load_date BETWEEN  DATEADD(MONTH,-12,FISCAL_YEAR_END_DATE)AND FISCAL_YEAR_END_DATE then fiscal_period 
	else  A.fiscal_period end  CUST_PERIOD_DESC,
case WHEN l.Load_date between a.FISCAL_PERIOD_BEGIN_DATE and FISCAL_PERIOD_END_DATE then 'Current Month to Date' 
    when L.Load_Prior_date between  a.FISCAL_PERIOD_BEGIN_DATE and FISCAL_PERIOD_END_DATE then 'Last Closed Month'
    --when l.load_date BETWEEN  DATEADD(MONTH,-12,FISCAL_YEAR_END_DATE)AND FISCAL_YEAR_END_DATE then fiscal_period 
	else  A.fiscal_period end  CUST_PERIOD_DESC_KEY,
 case when a.CALENDAR_DATE  between  DATEADD(MM,-13,l.LOAD_LAST_PERIOD_COMPLETE_DATE) and dateadd(dd,-1,LOAD_LAST_PERIOD_COMPLETE_DATE) then 'Last 13 Closed Months'  ELSE NULL enD LASTCLOSED_13_MONTHS,
CP.FISCAL_PERIOD_INT  * -1 CUST_PERIOD_ORDER,
CASE WHEN A.CALENDAR_DATE <= LTR_30_DATE THEN 1 ELSE 0 END AS LTR_30_IND,
CASE WHEN A.CALENDAR_DATE <= LTR_60_DATE THEN 1 ELSE 0 END AS LTR_60_IND,
CASE WHEN A.CALENDAR_DATE <= LTR_90_DATE THEN 1 ELSE 0 END AS LTR_90_IND, 
v.[WEEK_ENDING_FRIDAY_DATE],
a.CAL_WEEK_END_SAT_DATE,
CONVERT(varchar, V.[REPORTING_FISCAL_WEEK_END_DATE], 23) as REPORTING_FISCAL_WEEK_END_DATE_FMT,
V.[REPORTING_FISCAL_WEEK_END_DATE]

,year(a.calendar_date) as CalendarYear  /*NRD-565  CI*/
,FORMAT(a.Calendar_date, 'MMM')   + ' ''' + substring(Cast(year(a.calendar_date) as varchar),3,2) as CalendarMonthYearName  /*NRD-565  CI*/
,Cast(year(a.calendar_date) as varchar) + Format(a.calendar_date,'MM') as CalendarYearMonth   /*NRD-565  CI*/
,case when DatePart(dw,a.calendar_date) = 1 then a.Calendar_date
      when DatePart(dw,a.calendar_date) = 2 then DateAdd(d,-1,a.Calendar_Date)
	  when DatePart(dw,a.calendar_date) = 3 then DateAdd(d,-2,a.Calendar_Date)
	  when DatePart(dw,a.calendar_date) = 4 then DateAdd(d,-3,a.Calendar_Date)
	  when DatePart(dw,a.calendar_date) = 5 then DateAdd(d,-4,a.Calendar_Date)
	  when DatePart(dw,a.calendar_date) = 6 then DateAdd(d,-5,a.Calendar_Date)
	  when DatePart(dw,a.calendar_date) = 7 then DateAdd(d,-6,a.Calendar_Date)
end AS CalendarWeekSundayStart,  /*NRD-565  CI*/
case  when DatePart(dw,a.calendar_date) = 1 then  a.Calendar_Date
      when DatePart(dw,a.calendar_date) = 2 then DateAdd(d,6,a.Calendar_Date)
	  when DatePart(dw,a.calendar_date) = 3 then DateAdd(d,5,a.Calendar_Date)
	  when DatePart(dw,a.calendar_date) = 4 then DateAdd(d,4,a.Calendar_Date)
	  when DatePart(dw,a.calendar_date) = 5 then DateAdd(d,3,a.Calendar_Date)
	  when DatePart(dw,a.calendar_date) = 6 then DateAdd(d,2,a.Calendar_Date)
	  when DatePart(dw,a.calendar_date) = 7 then DateAdd(d,1,a.Calendar_Date)
end AS CAL_WEEK_END_SUN_DATE /*NRD-560  CI*/
,L.LCM_FISCAL_YEAR
, case when a.CALENDAR_DATE  between  DATEADD(WW,-13,(DATEADD(dd, DATEPART(DW,GETDATE())*-1+0, GETDATE()))) and DATEADD(dd, DATEPART(DW,GETDATE())*-1+0, GETDATE()) then 'Last 13 Closed Weeks' 
 WHEN a.CALENDAR_DATE between DATEADD(dd, DATEPART(DW,GETDATE())*-1+0, GETDATE()) and GETDATE() THEN 'Current Week'
 else NULL enD LASTCLOSED_13_WEEKS /*Added by SS ON 3/3/22*/
,case when a.CALENDAR_DATE  between  DATEADD(MM,-14,l.LOAD_LAST_PERIOD_COMPLETE_DATE) and dateadd(dd,-1,LOAD_LAST_PERIOD_COMPLETE_DATE) then 'Last 14 Closed Months'  ELSE NULL enD LASTCLOSED_14_MONTHS
FROM  DIM_DATE  a    LEFT JOIN 
 [dbo].[DIM_DATE_VENDOR_REPORTING]  v
 on a.CALENDAR_DATE = v.CALENDAR_DATE  JOIN 
 DIM_DATE_CUSTOM_PERIODS CP ON 
A.CALENDAR_DATE = CP.CALENDAR_DATE  join 
(
SELECT [CALENDAR_DATE] AS LOAD_DATE,
DATEADD(MONTH,-1,CALENDAR_DATE) AS LOAD_PRIOR_DATE,
DATEADD(YEAR,-1,CALENDAR_DATE) AS LOAD_YRAGO_DATE,
DATEADD(YEAR,-1,FISCAL_PERIOD_END_DATE) AS LOAD_YRAGO_END_PERIOD_DATE,
DATEADD(DAY,-1,FISCAL_YEAR_BEGIN_DATE) AS LOAD_PRIOR_END_YEAR_DATE,
FISCAL_PERIOD_BEGIN_DATE AS LOAD_LAST_PERIOD_COMPLETE_DATE,
DATEADD(DAY,-29,[CALENDAR_DATE]) AS LTR_30_DATE,
DATEADD(DAY,-59,[CALENDAR_DATE]) AS LTR_60_DATE,
DATEADD(DAY,-89,[CALENDAR_DATE]) AS LTR_90_DATE,
FISCAL_PERIOD_END_DATE AS CURR_FISCAL_PERIOD_END_DATE ,
LCM_FISCAL_YEAR
FROM [dbo].[DIM_DATE_LATEST_DAY_SNAPSHOT]
) l 
on a.CALENDAR_DATE <= L.LOAD_DATE 
WHERE A.FISCAL_YEAR  BETWEEN 2019 AND 2025




"
DIM_MDM_FISCAL_CAL_TST_V,"












CREATE view [dbo].[DIM_MDM_FISCAL_CAL_TST_V] AS  
SELECT 
cp.DATEKEY,
a.CALENDAR_DATE, 
1 AS [CLOSED_IND],

CONVERT(VARCHAR(10), a.CALENDAR_DATE,23) AS CAL_DESC,

cp.CALENDAR_DATE_DESC,
CP.FISCAL_PERIOD_WEEK,
CP.FISCAL_PERIOD,
CP.FISCAL_PERIOD_INT,
CP.FISCAL_PERIOD_INT*-1 AS FISCAL_PERIOD_ORDER,
CP.FISCAL_QUARTER,
CP.FISCAL_QUARTER_DESC,
A.FISCAL_MNTH,
CP.FISCAL_YEAR,
FISCAL_MNTH_WEEK,
FISCAL_WEEK_BEGIN_DATE,
FISCAL_WEEK_END_DATE,
FISCAL_PERIOD_BEGIN_DATE,
FISCAL_PERIOD_END_DATE,
CONVERT(varchar, FISCAL_PERIOD_END_DATE, 23) as FISCAL_PERIOD_END_DATE_FMT,
DATENAME(MONTH,FISCAL_PERIOD_END_DATE) AS FISCAL_PERIOD_NAME,
DATENAME(dw,A.CALENDAR_DATE) AS DAY_OF_WEEK,
FISCAL_YEAR_END_DATE,
CASE WHEN a.CALENDAR_DATE > l.Load_Yrago_date  and a.CALENDAR_DATE <= L.LOAD_YRAGO_END_PERIOD_DATE THEN 'NO' ELSE 'YES' END AS YTD_IND ,
CASE WHEN a.CALENDAR_DATE > l.Load_Prior_date THEN 'NO' ELSE 'YES' END AS PP_IND ,
case WHEN l.Load_date between a.FISCAL_PERIOD_BEGIN_DATE and FISCAL_PERIOD_END_DATE then 'Current Month to Date' 
    when L.Load_Prior_date between  a.FISCAL_PERIOD_BEGIN_DATE and FISCAL_PERIOD_END_DATE then 'Last Closed Month'
    --when l.load_date BETWEEN  DATEADD(MONTH,-12,FISCAL_YEAR_END_DATE)AND FISCAL_YEAR_END_DATE then fiscal_period 
	else  A.fiscal_period end  CUST_PERIOD_DESC,
 case when a.CALENDAR_DATE  between  DATEADD(MM,-13,l.LOAD_LAST_PERIOD_COMPLETE_DATE) and dateadd(dd,-1,LOAD_LAST_PERIOD_COMPLETE_DATE) then 'Last 13 Closed Months'  ELSE NULL enD LASTCLOSED_13_MONTHS,
CP.FISCAL_PERIOD_INT  * -1 CUST_PERIOD_ORDER,
CASE WHEN A.CALENDAR_DATE <= LTR_30_DATE THEN 1 ELSE 0 END AS LTR_30_IND,
CASE WHEN A.CALENDAR_DATE <= LTR_60_DATE THEN 1 ELSE 0 END AS LTR_60_IND,
CASE WHEN A.CALENDAR_DATE <= LTR_90_DATE THEN 1 ELSE 0 END AS LTR_90_IND, 
v.[WEEK_ENDING_FRIDAY_DATE],
a.CAL_WEEK_END_SAT_DATE,
CONVERT(varchar, V.[REPORTING_FISCAL_WEEK_END_DATE], 23) as REPORTING_FISCAL_WEEK_END_DATE_FMT,
V.[REPORTING_FISCAL_WEEK_END_DATE]

,year(a.calendar_date) as CalendarYear  /*NRD-565  CI*/
,FORMAT(a.Calendar_date, 'MMM')   + ' ''' + substring(Cast(year(a.calendar_date) as varchar),3,2) as CalendarMonthYearName  /*NRD-565  CI*/
,Cast(year(a.calendar_date) as varchar) + Format(a.calendar_date,'MM') as CalendarYearMonth   /*NRD-565  CI*/
,case when DatePart(dw,a.calendar_date) = 1 then a.Calendar_date
      when DatePart(dw,a.calendar_date) = 2 then DateAdd(d,-1,a.Calendar_Date)
	  when DatePart(dw,a.calendar_date) = 3 then DateAdd(d,-2,a.Calendar_Date)
	  when DatePart(dw,a.calendar_date) = 4 then DateAdd(d,-3,a.Calendar_Date)
	  when DatePart(dw,a.calendar_date) = 5 then DateAdd(d,-4,a.Calendar_Date)
	  when DatePart(dw,a.calendar_date) = 6 then DateAdd(d,-5,a.Calendar_Date)
	  when DatePart(dw,a.calendar_date) = 7 then DateAdd(d,-6,a.Calendar_Date)
end AS CalendarWeekSundayStart,  /*NRD-565  CI*/
case  when DatePart(dw,a.calendar_date) = 1 then  a.Calendar_Date
      when DatePart(dw,a.calendar_date) = 2 then DateAdd(d,6,a.Calendar_Date)
	  when DatePart(dw,a.calendar_date) = 3 then DateAdd(d,5,a.Calendar_Date)
	  when DatePart(dw,a.calendar_date) = 4 then DateAdd(d,4,a.Calendar_Date)
	  when DatePart(dw,a.calendar_date) = 5 then DateAdd(d,3,a.Calendar_Date)
	  when DatePart(dw,a.calendar_date) = 6 then DateAdd(d,2,a.Calendar_Date)
	  when DatePart(dw,a.calendar_date) = 7 then DateAdd(d,1,a.Calendar_Date)
end AS CAL_WEEK_END_SUN_DATE /*NRD-560  CI*/

FROM  DIM_DATE  a    LEFT JOIN 
 [dbo].[DIM_DATE_VENDOR_REPORTING]  v
 on a.CALENDAR_DATE = v.CALENDAR_DATE  JOIN 
 DIM_DATE_CUSTOM_PERIODS CP ON 
A.CALENDAR_DATE = CP.CALENDAR_DATE  join 
(
SELECT [CALENDAR_DATE] AS LOAD_DATE,
DATEADD(MONTH,-1,CALENDAR_DATE) AS LOAD_PRIOR_DATE,
DATEADD(YEAR,-1,CALENDAR_DATE) AS LOAD_YRAGO_DATE,
DATEADD(YEAR,-1,FISCAL_PERIOD_END_DATE) AS LOAD_YRAGO_END_PERIOD_DATE,
DATEADD(DAY,-1,FISCAL_YEAR_BEGIN_DATE) AS LOAD_PRIOR_END_YEAR_DATE,
FISCAL_PERIOD_BEGIN_DATE AS LOAD_LAST_PERIOD_COMPLETE_DATE,
DATEADD(DAY,-29,[CALENDAR_DATE]) AS LTR_30_DATE,
DATEADD(DAY,-59,[CALENDAR_DATE]) AS LTR_60_DATE,
DATEADD(DAY,-89,[CALENDAR_DATE]) AS LTR_90_DATE,
FISCAL_PERIOD_END_DATE AS CURR_FISCAL_PERIOD_END_DATE 
FROM [dbo].[DIM_DATE_LATEST_DAY_SNAPSHOT]
) l 
on a.CALENDAR_DATE <= L.LOAD_DATE 
WHERE A.FISCAL_YEAR  BETWEEN 2019 AND YEAR(GETDATE() )




"
DIM_MDM_FISCAL_CAL_V,"












CREATE VIEW [dbo].[DIM_MDM_FISCAL_CAL_V] AS 
SELECT coalesce(a.[DATEKEY],b.[Datekey]) as DATEKEY
      ,[CALENDAR_DATE]
      ,[CLOSED_IND]
      ,[CAL_DESC]
      ,[CALENDAR_DATE_DESC]
      ,[FISCAL_PERIOD_WEEK]
      ,MAX(a.[FISCAL_PERIOD]) OVER (PARTITION BY coalesce(a.[FISCAL_PERIOD_INT],b.[FISCAL_PERIOD_INT])) [FISCAL_PERIOD]
      ,coalesce(a.[FISCAL_PERIOD_INT],b.[FISCAL_PERIOD_INT]) as [FISCAL_PERIOD_INT]
      ,[FISCAL_PERIOD_ORDER]
      ,[FISCAL_QUARTER]

      ,[FISCAL_QUARTER_DESC]
      ,[FISCAL_MNTH]
      ,[FISCAL_YEAR]
      ,[FISCAL_MNTH_WEEK]
      ,[FISCAL_WEEK_BEGIN_DATE]
      ,[FISCAL_WEEK_END_DATE]
      ,[FISCAL_PERIOD_BEGIN_DATE]
      ,[FISCAL_PERIOD_END_DATE]
      ,[FISCAL_PERIOD_END_DATE_FMT]
      ,[FISCAL_PERIOD_NAME]
      ,[DAY_OF_WEEK]
      ,[FISCAL_YEAR_END_DATE]
      ,[YTD_IND]
      ,[PP_IND]
      ,CASE WHEN A.FISCAL_YEAR >= A.[LCM_FISCAL_YEAR] THEN  A.[CUST_PERIOD_DESC] ELSE NULL END [CUST_PERIOD_DESC]
      --A.[CUST_PERIOD_DESC] 
      ,coalesce(A.[CUST_PERIOD_DESC_KEY], b.[CUST_PERIOD_DESC_KEY]) [CUST_PERIOD_DESC_KEY]
      ,[LASTCLOSED_13_MONTHS]
      ,COALESCE(A.[CUST_PERIOD_ORDER],B.FISCAL_PERIOD_INT) [CUST_PERIOD_ORDER]
      ,[LTR_30_IND]
      ,[LTR_60_IND]
      ,[LTR_90_IND]
      ,[WEEK_ENDING_FRIDAY_DATE]
      ,[CAL_WEEK_END_SAT_DATE]
      ,[REPORTING_FISCAL_WEEK_END_DATE_FMT]
      ,[REPORTING_FISCAL_WEEK_END_DATE]
      ,[CalendarYear]
      ,[CalendarMonthYearName]
      ,[CalendarYearMonth]
      ,[CalendarWeekSundayStart]
      ,[CAL_WEEK_END_SUN_DATE]
	  ,[LASTCLOSED_13_WEEKS]  /*Added by SS on 3/3/22*/
	  ,LASTCLOSED_14_MONTHS
  FROM [DIM_MDM_FISCAL_CAL_BASE_V] A FULL OUTER JOIN
    (
		SELECT DISTINCT FISCAL_PERIOD_INT*1000 as Datekey, FISCAL_PERIOD_INT*10 as FISCAL_PERIOD_INT,
			FISCAL_PERIOD AS CUST_PERIOD_DESC_KEY
			FROM DIM_DATE D
		WHERE FISCAL_PERIOD IN  
		(SELECT DISTINCT FISCAL_PERIOD 
		  FROM [NRDP_DM].[dbo].[DIM_MDM_FISCAL_CAL_BASE_V] x
		  WHERE CUST_PERIOD_DESC_KEY NOT LIKE '20%' 
		  AND  x.FISCAL_YEAR=2025 --in (2023, 2024) --year(getdate()) 
		)
		AND D.FISCAL_YEAR=2025 --in (2023, 2024) --year(getdate()) 
		UNION ALL
		SELECT DISTINCT D.FISCAL_PERIOD_INT*100 as Datekey, D.FISCAL_PERIOD_INT,
			D.FISCAL_PERIOD AS  CUST_PERIOD_DESC_KEY
			FROM DIM_DATE D
		WHERE NOT EXISTS  
		(SELECT FISCAL_PERIOD  
		  FROM [NRDP_DM].[dbo].[DIM_MDM_FISCAL_CAL_BASE_V] x
		  WHERE D.FISCAL_PERIOD = x.FISCAL_PERIOD
		  AND  x.FISCAL_YEAR=2025 --in (2023, 2024) --year(getdate()) 
		)
		AND D.FISCAL_YEAR=2025 --in (2023, 2024) --year(getdate()) 
) B
ON a.datekey = B.Datekey
"
DIM_MDM_FISCAL_CALENDAR_V,"



CREATE view  [dbo].[DIM_MDM_FISCAL_CALENDAR_V] AS SELECT cp.[DATEKEY]
      ,cp.[CALENDAR_DATE] 
      ,datePART(dw,cp.[CALENDAR_DATE]) DAY_OF_WEEK_ID
      ,datename(dw,cp.[CALENDAR_DATE]) DAY_OF_WEEK
      ,cp.[CALENDAR_DATE_DESC]
      ,cp.[FISCAL_PERIOD_WEEK]
      ,cp.[FISCAL_PERIOD_WEEK_DESC]
      ,cp.[FISCAL_PERIOD_INT]
      
         ,cp.[FISCAL_PERIOD]
         ,right(cp.[FISCAL_PERIOD],2)+'/21/'+left(cp.[FISCAL_PERIOD],4) FISCAL_PERIOD_FMT
      ,cp.[FISCAL_PERIOD_REVERSE_ORDER]
      ,cp.[FISCAL_QUARTER]
      ,cp.[FISCAL_QUARTER_DESC]
      ,cp.[FISCAL_QUARTER_REVERSE_ORDER]
      ,cp.[FISCAL_YEAR]
      ,cp.[FISCAL_YEAR_DESC]
      ,cp.[FISCAL_YEAR_REVERSE_ORDER]
      ,cp.MTD_KEY
      ,cp.[LCM_KEY]
      ,cp.[YTDLCM_KEY]
      ,case when cp.[YTD_KEY] is null then 60005000 else  cp.[YTD_KEY] end [YTD_KEY] 
      ,case when cp.[YTD_KEY] is null then 'Other Non YTD periods' else cp.[YTD_DESC] end [YTD_DESC] 
      ,cp.[CUST_PERIOD_KEY]
      ,case when cp.[CUST_PERIOD_DESC] like 'Current%' then 'Current Month to Date' 
	      when cp.[CUST_PERIOD_DESC] like 'Last%' then 'Last Closed Month'
		  else cp.[CUST_PERIOD_DESC] end as CUST_PERIOD_DESC
      ,cp.[CUST_PERIOD_ORDER]
   ,CASE WHEN cp.DATEKEY < 20200313 THEN 'Pre'
  when cp.Datekey > 20200411 then 'Post'
  else 'Transition' end as Agent_Shift_Times
         ,  max(cp.DATEKEY) over (partition by d.[WEEK_ENDING_FRIDAY_DATE]) AS WEEK_ENDING_FRIDAY_ID 
         , d.[WEEK_ENDING_FRIDAY_DATE]
         ,  max(cp.DATEKEY) over (partition by cp.CAL_WEEK_END_SAT_DATE) AS WEEK_ENDING_SATURDAY_ID 
   , cp.CAL_WEEK_END_SAT_DATE
         --, case when [FISCAL_PERIOD_WEEK_DESC] is not null then 
                     --  cast(d.REPORTWEEK_END as varchar(10))  
                     -- else null end as REPORTING_WEEK_DESC
         , max(cp.DATEKEY) over (partition by D.[REPORTING_FISCAL_WEEK_END_DATE]) AS REPORTING_FISCAL_WEEK_END_DATE_ID
         ,D.[REPORTING_FISCAL_WEEK_END_DATE]
         ,NULL AS [MAX_NBX_PERIOD_KEY]
  ,datepart(mm,max(cp.[CALENDAR_DATE]) over (partition by cp.[FISCAL_PERIOD_INT])) FISCAL_PERIOD_NAME_ID
  ,datename(mm,max(cp.[CALENDAR_DATE]) over (partition by cp.[FISCAL_PERIOD_INT])) FISCAL_PERIOD_NAME
  ,CASE WHEN LD.DATEKEY IS NOT NULL THEN 1 
   WHEN CALENDAR_DATE_DESC  IS NULL THEN 0 ELSE null END CLOSED_IND 

  FROM [NRDP_DM].[dbo].[DIM_DATE_CUSTOM_PERIODS] cp left join 
 [dbo].[DIM_DATE_VENDOR_REPORTING]  d
  on cp.CALENDAR_DATE = d.CALENDAR_DATE LEFT JOIN
(SELECT datekey, CALENDAR_DATE, FISCAL_PERIOD_BEGIN_DATE FROM  [dbo].[DIM_DATE_LATEST_DAY_SNAPSHOT])  LD 
ON CP.datekey < LD.datekey
WHERE CP.FISCAL_YEAR>2018
"
DIM_MDM_FISCAL_PERIOD_TODATE_V,"



CREATE VIEW [dbo].[DIM_MDM_FISCAL_PERIOD_TODATE_V] AS
 SELECT  a.CALENDAR_DATE, 

(FISCAL_YEAR*100+FISCAL_MNTH) FISCAL_PERIOD_INT,
CASE WHEN a.CALENDAR_DATE > l.Load_Yrago_date  and a.CALENDAR_DATE <= L.LOAD_YRAGO_END_PERIOD_DATE THEN (FISCAL_YEAR*100+FISCAL_MNTH)*-1 
  WHEN a.CALENDAR_DATE > l.Load_Prior_date  AND A.CALENDAR_DATE < L.LOAD_LAST_PERIOD_COMPLETE_DATE THEN (FISCAL_YEAR*100+FISCAL_MNTH)*-1
  ELSE (FISCAL_YEAR*100+FISCAL_MNTH) END AS FISCAL_PERIOD_TODATE_INT ,

CASE WHEN a.CALENDAR_DATE > l.Load_Yrago_date  and a.CALENDAR_DATE <= L.LOAD_YRAGO_END_PERIOD_DATE THEN 'NO' ELSE 'YES' END AS YTD_IND ,
CASE WHEN a.CALENDAR_DATE > l.Load_Prior_date AND A.CALENDAR_DATE < L.LOAD_LAST_PERIOD_COMPLETE_DATE THEN 'NO' ELSE 'YES' END AS PP_IND ,
L.LOAD_DATE,
CASE WHEN A.CALENDAR_DATE  > LCM_END_DATE THEN 'Current Month to Date' 
	WHEN CALENDAR_DATE BETWEEN LCM_BEG_DATE AND LCM_END_DATE THEN 'Last Closed Month'
	else a.FISCAL_PERIOD end PERIOD_DESC,FISCAL_PERIOD_INT*-1 AS FISCAL_PERIOD_ORDER 
FROM  DIM_DATE  a  join  
(
SELECT [CALENDAR_DATE] AS LOAD_DATE,
DATEADD(MONTH,-1,CALENDAR_DATE) AS LOAD_PRIOR_DATE,
DATEADD(YEAR,-1,CALENDAR_DATE) AS LOAD_YRAGO_DATE,
DATEADD(YEAR,-1,FISCAL_PERIOD_END_DATE) AS LOAD_YRAGO_END_PERIOD_DATE,
DATEADD(DAY,-1,FISCAL_YEAR_BEGIN_DATE) AS LOAD_PRIOR_END_YEAR_DATE,
FISCAL_PERIOD_BEGIN_DATE AS LOAD_LAST_PERIOD_COMPLETE_DATE,
DATEADD(DAY,-29,[CALENDAR_DATE]) AS LTR_30_DATE,
DATEADD(DAY,-59,[CALENDAR_DATE]) AS LTR_60_DATE,
DATEADD(DAY,-89,[CALENDAR_DATE]) AS LTR_90_DATE,
LCM_BEG_DATE, LCM_END_DATE
FROM [dbo].[DIM_DATE_LATEST_DAY_SNAPSHOT]
) l 
on a.CALENDAR_DATE <=L.LOAD_DATE
where a.fiscal_year >=2019
"
DIM_MDM_LAT_FORECAST_ATTRIBUTES_V,"CREATE VIEW DIM_MDM_LAT_FORECAST_ATTRIBUTES_V
AS
SELECT * FROM DIM_LAT_FORECAST_ATTRIBUTES"
DIM_MDM_LTR_IND_V,"
CREATE VIEW [dbo].[DIM_MDM_LTR_IND_V]
AS
select
cast(case nrdp_generic_id 
when 1 then 30
when 2 then 60
when 3 then 90
when 4 then 120
when 5 then 180
when 6 then 365
 else 0 end as smallint) as LTR_IND,
 cast(case nrdp_generic_id 
when 1 then 60
when 2 then 90
when 3 then 120
when 4 then 180
when 5 then 365
 else NULL end as smallint) as PRNT_LTR_IND
 from dbo.DIM_GENERIC
where nrdp_generic_id between 0 and 6
"
DIM_MDM_METRIC_SOURCE,"create view DIM_MDM_METRIC_SOURCE AS 
SELECT * 
  FROM [NRDP_DM].[dbo].[DIM_METRIC_SOURCE]"
DIM_MDM_MOVE_INCOME_CONSTRAINED_V,"
CREATE VIEW [dbo].[DIM_MDM_MOVE_INCOME_CONSTRAINED_V]
AS
SELECT CASE WHEN INCOME_CONSTRAINED_IND = 1 THEN 'Yes' 
            WHEN INCOME_CONSTRAINED_IND = 0 THEN 'No'
			ELSE 'Not Available' END AS INCOME_CONSTRAINED_IND_DESC,
			INCOME_CONSTRAINED_IND,
       CASE WHEN [MOVE_CONNECT] = 1 THEN 'Yes'
	        WHEN [MOVE_CONNECT] = 0 THEN 'No'
			ELSE 'Not Available' END AS MOVE_CONNECT_IND_DESC,
			MOVE_CONNECT,
		CASE WHEN [MOVE_DISCONNECT] = 1 THEN 'Yes'
	        WHEN [MOVE_DISCONNECT] = 0 THEN 'No'
			ELSE 'Not Available' END AS MOVE_DISCONNECT_IND_DESC,
			MOVE_DISCONNECT,
	CASE WHEN INCOME_CONSTRAINED_IND = 0 AND MOVE_CONNECT = 0 AND MOVE_DISCONNECT = 0 THEN 1
	     WHEN INCOME_CONSTRAINED_IND = 0 AND MOVE_CONNECT = 0 AND MOVE_DISCONNECT = 1 THEN 2
		 WHEN INCOME_CONSTRAINED_IND = 0 AND MOVE_CONNECT = 1 AND MOVE_DISCONNECT = 0 THEN 3
		 WHEN INCOME_CONSTRAINED_IND = 0 AND MOVE_CONNECT = 1 AND MOVE_DISCONNECT = 1 THEN 4
		 WHEN INCOME_CONSTRAINED_IND = 1 AND MOVE_CONNECT = 0 AND MOVE_DISCONNECT = 0 THEN 5
		 WHEN INCOME_CONSTRAINED_IND = 1 AND MOVE_CONNECT = 0 AND MOVE_DISCONNECT = 1 THEN 6
		 WHEN INCOME_CONSTRAINED_IND = 1 AND MOVE_CONNECT = 1 AND MOVE_DISCONNECT = 0 THEN 7
		 WHEN INCOME_CONSTRAINED_IND = 1 AND MOVE_CONNECT = 1 AND MOVE_DISCONNECT = 1 THEN 8
	ELSE -1 END AS MOVE_INCOME_CONSTRAINED_ID

  FROM [NRDP_DM].[dbo].[DIM_MOVE_INCOME_CONSTRAINED]
"
DIM_MDM_NBX_M2M_V,"




CREATE VIEW [dbo].[DIM_MDM_NBX_M2M_V] AS
SELECT DISTINCT NBX_M2M_ID 
FROM DIM_NBX_M2M 
union all
SELECT -1 as NBX_M2M_ID 
FROM DIM_NBX_M2M 
where NBX_M2M_ID=1
"
DIM_MDM_NBX_UNIQUE_v,"

CREATE view [dbo].[DIM_MDM_NBX_UNIQUE_v] AS 
SELECT [NBX_UNIQUE_ID]
      ,[REC_ID]
      ,CASE WHEN REC_ID = 45488 THEN 'Xfinity App for COAM' ELSE [REC_NAME] END [REC_NAME]
      ,CASE WHEN REC_ID = 45488 THEN 'CX Focus' ELSE [REC_CATEGORY] END [REC_CATEGORY]
      ,[REC_LABEL]
      ,[PRIORITY_ID]
      ,[ONLOAD_ID]
      ,[ONLOAD_DESC]
      ,[EXPANDED_ID]
      ,[EXPANDED_DESC]
      ,[DISCUSSED_ID]
      ,[DISCUSSED_DESC]
      ,[NEXUS_SUCCESS_ID]
      ,[NEXUS_SUCCESS_DESC]
      ,[CLICKED_URL_ID]
      ,[CLICKED_URL_DESC]
      ,[CLICKED_ARTICLE_ID]
      ,[CLICKED_ARTICLE_DESC]
  FROM [NRDP_DM].[dbo].[DIM_NBX_UNIQUE]
  union all
SELECT -1 [NBX_UNIQUE_ID]
      ,-1 [REC_ID]
      ,'z No NBX Associated'  [REC_NAME]
      ,'z No NBX Associated' [REC_CATEGORY]
      ,[REC_LABEL]
      ,[PRIORITY_ID]
      ,[ONLOAD_ID]
      ,'z No NBX Associated' [ONLOAD_DESC]
      ,[EXPANDED_ID]
      ,'z No NBX Associated' [EXPANDED_DESC]
      ,[DISCUSSED_ID]
      ,'z No NBX Associated' [DISCUSSED_DESC]
      ,[NEXUS_SUCCESS_ID]
      ,'z No NBX Associated' [NEXUS_SUCCESS_DESC]
      ,[CLICKED_URL_ID]
      ,'z No NBX Associated' [CLICKED_URL_DESC]
      ,[CLICKED_ARTICLE_ID]
      ,'z No NBX Associated' [CLICKED_ARTICLE_DESC]

  FROM DIM_NBX_UNIQUE 
  WHERE [NBX_UNIQUE_ID]=10000000
"
DIM_MDM_NCOE_SHORT_CALL_V,"CREATE VIEW DBO.DIM_MDM_NCOE_SHORT_CALL_V
AS
SELECT * FROM DIM_NCOE_SHORT_CALL"
DIM_MDM_NCOE_TICKETS_ESL_V,"








CREATE           VIEW [dbo].[DIM_MDM_NCOE_TICKETS_ESL_V] AS

SELECT [TICKET_ID],
	   [TICKET_TYPE],
	   [PROBLEM_CATEGORY],
	   [PROBLEM_SUBCATEGORY],
	   [PROBLEM_DESCRIPTION],
       [PRIORITY],
	   [CAUSE_CATEGORY],
	   [CAUSE_SUBCATEGORY],
       [SOLUTION_CATEGORY],
	   [SOLUTION_SUBCATEGORY],	
	   [STATUS],
	   [ASSIGNED_Q_NAME]
  FROM [dbo].[DIM_NCOE_TICKETS_ESL] 


"
DIM_MDM_NI_BUY_FLOW_TYPE_V,"
CREATE VIEW [dbo].[DIM_MDM_NI_BUY_FLOW_TYPE_V]
AS
(
  SELECT NI_BUY_FLOW_TYPE_KEY,NI_BUY_FLOW_TYPE 
FROM [DIM_MDM_NI_BUY_FLOW_TYPE]
)
"
DIM_MDM_ORDER_TYPE_V,"
create view [dbo].[DIM_MDM_ORDER_TYPE_V] AS
select * from [dbo].[DIM_ORDER_TYPE]"
DIM_MDM_PARAMETERS_V,"
CREATE VIEW [dbo].[DIM_MDM_PARAMETERS_V]
AS
SELECT        PARAM_ID, SWS_ID, SWS_DESC, SWS_VAL, ADDS_ID, ADDS_DESC, ADDS_VAL, COMP_ID, COMP_DESC, CASE WHEN COMP_ID = 1 THEN 1 ELSE NULL END AS COMP_PRIOR_VAL, 
                         CASE WHEN COMP_ID = 2 THEN 1 ELSE NULL END AS COMP_YRAGO_VAL
FROM            DIM_PARAMETERS
"
DIM_MDM_PAYMENTS_ATTRIBUTES_V,"
CREATE VIEW [dbo].[DIM_MDM_PAYMENTS_ATTRIBUTES_V]
AS
SELECT  [DUNNING_GROUP_ID]
      ,[DUNNING_GROUP_DESC]
      ,[NO_DAY_GROUP_ID]
      ,[NO_DAY_GROUP_DESC]
      ,[NO_TIMES_GROUP_ID]
      ,[NO_TIMES_GROUP_DESC]
	  ,CONCAT(DUNNING_GROUP_ID,'.',NO_DAY_GROUP_ID,'.',NO_TIMES_GROUP_ID) AS GROUP_ID
  FROM [NRDP_DM].[dbo].[DIM_PAYMENTS_ATTRIBUTES]
"
DIM_MDM_PERSON_DETAILS_V,"




create VIEW [dbo].[DIM_MDM_PERSON_DETAILS_V]
AS
SELECT 
[PERNR_NUM]
      ,replacE(replace([FULL_NAME],')',''),'(','') AS [FULL_NAME]
      ,replacE(replace([LAST_NAME],')',''),'(','') AS [LAST_NAME]
      ,replacE(replace([MIDDLE_NAME],')',''),'(','') AS [MIDDLE_NAME]
      ,[NTLOGIN_ID]
      ,case when [EMPLOYMENT_TYPE] = 'Business Partner' then 'Vendor' 
		 when [EMPLOYMENT_TYPE] = 'Contractor'  then 'Vendor' 
		 else  [EMPLOYMENT_TYPE] end as [EMPLOYMENT_TYPE]
      ,case when [EMPLOYMENT_TYPE] = 'Business Partner' then 'Partner' 
		 when [EMPLOYMENT_TYPE] = 'Contractor'  then 'Partner' 
		 when [EMPLOYMENT_TYPE] = 'Employee'  then 'Internal' 
		 else  [EMPLOYMENT_TYPE] end as [AGENT_EMPLOYMENT_TYPE]
      ,[EMPLOYMENT_TYPE] AS [EMPLOYMENT_SUB_TYPE]
       ,case when [EMPLOYMENT_TYPE] = 'Business Partner' then 'Vendor' 
		 when [EMPLOYMENT_TYPE] = 'Contractor'  then 'Vendor' 
		 when [EMPLOYMENT_TYPE] = 'Employee'  then 'Employee' 
		 else  null end as [EMPLOYMENT_TYPE_HIER]
      ,case when [EMPLOYMENT_TYPE] = 'Business Partner' then 'Partner' 
		 when [EMPLOYMENT_TYPE] = 'Contractor'  then 'Partner' 
		 when [EMPLOYMENT_TYPE] = 'Employee'  then 'Internal' 
		 else  null end as [AGENT_EMPLOYMENT_TYPE_HIER]
      ,nullif([EMPLOYMENT_TYPE],'Unknown Agent') AS [EMPLOYMENT_SUB_TYPE_HIER]
     ,[EMAIL]
      ,[HIRE_DATE]
      ,[TERMINATION_DATE]
FROM [dbo].[DIM_TABULAR_PERSON_DETAILS] WITH (NOLOCK)
"
DIM_MDM_PRODCAT_EBB_V,"



CREATE VIEW [dbo].[DIM_MDM_PRODCAT_EBB_V] AS 
SELECT * FROM DIM_PRODCAT_EBB_V

"
DIM_MDM_PRODUCT_DETAIL_V,"
CREATE VIEW [dbo].[DIM_MDM_PRODUCT_DETAIL_V]
AS
SELECT [XM_LINE_DETAIL_ATTRIBUTE_ID]
      ,CATEGORY_DESC 
      ,[BRAND_NAME]
      ,CASE WHEN [BYOD_IND] = 'Y' THEN 'Yes' else 'No' end as [BYOD_IND]
  FROM [NRDP_DM].[dbo].[DIM_XM_LINE_DETAIL_ATTRIBUTE] with (NOLOCK)


"
DIM_MDM_SENTIMENT_QA_V,"


CREATE view [dbo].[DIM_MDM_SENTIMENT_QA_V] as
SELECT SENTIMENT_QA_ID
      ,case when HIGH_SENTIMENT_COUNT = 1 then 1 
		when NEUTRAL_SENTIMENT_COUNT = 1 then 0
		when LOW_SENTIMENT_COUNT =1 then -1 
		else 10 end as SENTIMENT_LEVEL_KEY
      ,case when HIGH_SENTIMENT_COUNT = 1 then 'High Sentiment'
		when NEUTRAL_SENTIMENT_COUNT = 1 then 'Neutral Sentiment'
		when LOW_SENTIMENT_COUNT =1 then 'Low Sentiment'
		else 'No Sentiment Associated'end as SENTIMENT_LEVEL_NAME
      ,ML_BAND_WARM_FRIENDLY
      ,case when ML_BAND_WARM_FRIENDLY = 1 then 'Yes' else 'No' end AS ML_BAND_WARM_FRIENDLY_DESC 
      ,ML_BAND_SHOW_APPRECIATION
      ,case when ML_BAND_SHOW_APPRECIATION = 1 then 'Yes' else 'No' end AS ML_BAND_SHOW_APPRECIATION_DESC 
      ,ML_BAND_MAKE_EFFORTLESS
      ,case when ML_BAND_MAKE_EFFORTLESS = 1 then 'Yes' else 'No' end AS ML_BAND_MAKE_EFFORTLESS_DESC 
      ,ML_BAND_OWN_IT
      ,case when ML_BAND_OWN_IT = 1 then 'Yes' else 'No' end AS ML_BAND_OWN_IT_DESC 
      ,ML_BAND_LISTEN_ACTIVELY
      ,case when ML_BAND_LISTEN_ACTIVELY = 1 then 'Yes' else 'No' end AS ML_BAND_LISTEN_ACTIVELY_DESC 
      ,ML_BAND_DISCOVER_NEEDS
      ,case when ML_BAND_DISCOVER_NEEDS = 1 then 'Yes' else 'No' end AS ML_BAND_DISCOVER_NEEDS_DESC 
      ,ML_BAND_XFINITY_AMBASSADOR
      ,case when ML_BAND_XFINITY_AMBASSADOR = 1 then 'Yes' else 'No' end AS ML_BAND_XFINITY_AMBASSADOR_DESC 
      ,ML_BAND_SET_EXPECTATIONS
      ,case when ML_BAND_SET_EXPECTATIONS = 1 then 'Yes' else 'No' end AS ML_BAND_SET_EXPECTATIONS_DESC 
  FROM NRDP_DM.dbo.DIM_SENTIMENT_QA
  union all
  SELECT 100000 SENTIMENT_QA_ID
      ,10 as SENTIMENT_LEVEL_KEY
      ,'No Sentiment Associated' as SENTIMENT_LEVEL_NAME
      ,10 ML_BAND_WARM_FRIENDLY
      ,'No QA Band Asssociated' ML_BAND_WARM_FRIENDLY_DESC 
      ,10 ML_BAND_SHOW_APPRECIATION
      ,'No QA Band Asssociated' AS ML_BAND_SHOW_APPRECIATION_DESC 
      ,10 ML_BAND_MAKE_EFFORTLESS
      ,'No QA Band Asssociated' AS ML_BAND_MAKE_EFFORTLESS_DESC 
      ,10 ML_BAND_OWN_IT
      ,'No QA Band Asssociated' AS ML_BAND_OWN_IT_DESC 
      ,10 ML_BAND_LISTEN_ACTIVELY
      ,'No QA Band Asssociated' AS ML_BAND_LISTEN_ACTIVELY_DESC 
      ,10 ML_BAND_DISCOVER_NEEDS
      ,'No QA Band Asssociated' AS ML_BAND_DISCOVER_NEEDS_DESC 
      ,10 ML_BAND_XFINITY_AMBASSADOR
      ,'No QA Band Asssociated' AS ML_BAND_XFINITY_AMBASSADOR_DESC 
      ,10 ML_BAND_SET_EXPECTATIONS
      ,'No QA Band Asssociated' AS ML_BAND_SET_EXPECTATIONS_DESC 
"
DIM_MDM_SPEECH_QUERY_GROUP1_V,"

CREATE VIEW [dbo].[DIM_MDM_SPEECH_QUERY_GROUP1_V]  AS
SELECT [SPEECH_QUERY_GROUP1_ID]
      ,[Internet General]
      ,[AH Xfinity Mobile Mentions General]
      ,[AH Proactive Self Service Auto Pay P2]
      ,[AH Proactive Self Service My Account App P2]
      ,[AH Proactive Self Service Auto Pay P3]
      ,[App My Account App]
      ,[AH Xfinity Mobile Generic Mentions]
      ,[AH Proactive Self Service My Account App P3]
      ,[Billing Premium Channels]
      ,[Equipment Wireless Gateway]
      ,[NED S4X Promote Autopay]
      ,[Xfinity Home General]
      ,[CH Xfinity App]

,CASE WHEN [Internet General] = 1 THEN 'True' else 'False' end as [Internet General_DESC]
,CASE WHEN [AH Xfinity Mobile Mentions General] = 1 THEN 'True' else 'False' end as [AH Xfinity Mobile Mentions General_DESC]
,CASE WHEN [AH Proactive Self Service Auto Pay P2] = 1 THEN 'True' else 'False' end as [AH Proactive Self Service Auto Pay P2_DESC]
,CASE WHEN [AH Proactive Self Service My Account App P2] = 1 THEN 'True' else 'False' end as [AH Proactive Self Service My Account App P2_DESC]
,CASE WHEN [AH Proactive Self Service Auto Pay P3] = 1 THEN 'True' else 'False' end as [AH Proactive Self Service Auto Pay P3_DESC]
,CASE WHEN [App My Account App] = 1 THEN 'True' else 'False' end as [App My Account App_DESC]
,CASE WHEN [AH Xfinity Mobile Generic Mentions] = 1 THEN 'True' else 'False' end as [AH Xfinity Mobile Generic Mentions_DESC]
,CASE WHEN [AH Proactive Self Service My Account App P3] = 1 THEN 'True' else 'False' end as [AH Proactive Self Service My Account App P3_DESC]
,CASE WHEN [Billing Premium Channels] = 1 THEN 'True' else 'False' end as [Billing Premium Channels_DESC]
,CASE WHEN [Equipment Wireless Gateway] = 1 THEN 'True' else 'False' end as [Equipment Wireless Gateway_DESC]
,CASE WHEN [NED S4X Promote Autopay] = 1 THEN 'True' else 'False' end as [NED S4X Promote Autopay_DESC]
,CASE WHEN [Xfinity Home General] = 1 THEN 'True' else 'False' end as [Xfinity Home General_DESC]
,CASE WHEN [CH Xfinity App] = 1 THEN 'True' else 'False' end as [CH Xfinity App_DESC]

  FROM [NRDP_DM].[dbo].[DIM_SPEECH_QUERY_GROUP1]
"
DIM_MDM_SPEECH_QUERY_GROUP2_V,"

CREATE VIEW [dbo].[DIM_MDM_SPEECH_QUERY_GROUP2_V] AS
SELECT [SPEECH_QUERY_GROUP2_ID]
      ,[Xfinity Home General]
      ,[AH Xfinity Home Pitch New]
      ,[Equipment Routers]
      ,[AH Proactive Self Service Auto Pay P1]
      ,[Offer Internet Sales]
      ,[NED S4X Discover internet speed needs]
      ,[PPV VOD VOD General]
      ,[AH Competitor Ntflx]
      ,[Competitor NetFlix]
      ,[AH Competitor Netflix New]
      ,[AH Proactive Self Service Xfinity Stream App]
      ,[Offer Voice Upsell]
      ,[NED S4X Discover CDV needs]
      ,[AH Amazon Prime Mentions]
      ,[AH Amazon Prime]
      ,[AH Flex TV Generic Mentions]
      ,[Offer My TV Choice]
      ,[AH Xfinity XFi]
      ,[AH XFI Pod Generic Mentions]
      ,[TSR Sports Entertainment Package]
      ,[Offer Premium]
      ,[AH Proactive Self Service Xfinity Home Security App]
      ,[Billing Eco Bill Alerts]
      ,[AH Xfinity XFi CD]
      ,[Dot Com Wireless Router]
      ,[AH Multiple Video Tiers new]
      ,[AH XFI Pod Purchase Discussions]
      ,[AH Multiple Video Tiers V1]
      ,[AH Multiple Video Tiers]
      ,[AH Xfinity Mobile Generic]
      ,[Offer Wireless Gateway Proactive]
      ,[Offer Wireless Gateway Reactive]

,CASE WHEN [Xfinity Home General] = 1 THEN 'True' else 'False' end as [Xfinity Home General_DESC]
,CASE WHEN [AH Xfinity Home Pitch New] = 1 THEN 'True' else 'False' end as [AH Xfinity Home Pitch New_DESC]
,CASE WHEN [Equipment Routers] = 1 THEN 'True' else 'False' end as [Equipment Routers_DESC]
,CASE WHEN [AH Proactive Self Service Auto Pay P1] = 1 THEN 'True' else 'False' end as [AH Proactive Self Service Auto Pay P1_DESC]
,CASE WHEN [Offer Internet Sales] = 1 THEN 'True' else 'False' end as [Offer Internet Sales_DESC]
,CASE WHEN [NED S4X Discover internet speed needs] = 1 THEN 'True' else 'False' end as [NED S4X Discover internet speed needs_DESC]
,CASE WHEN [PPV VOD VOD General] = 1 THEN 'True' else 'False' end as [PPV VOD VOD General_DESC]
,CASE WHEN [AH Competitor Ntflx] = 1 THEN 'True' else 'False' end as [AH Competitor Ntflx_DESC]
,CASE WHEN [Competitor NetFlix] = 1 THEN 'True' else 'False' end as [Competitor NetFlix_DESC]
,CASE WHEN [AH Competitor Netflix New] = 1 THEN 'True' else 'False' end as [AH Competitor Netflix New_DESC]
,CASE WHEN [AH Proactive Self Service Xfinity Stream App] = 1 THEN 'True' else 'False' end as [AH Proactive Self Service Xfinity Stream App_DESC]
,CASE WHEN [Offer Voice Upsell] = 1 THEN 'True' else 'False' end as [Offer Voice Upsell_DESC]
,CASE WHEN [NED S4X Discover CDV needs] = 1 THEN 'True' else 'False' end as [NED S4X Discover CDV needs_DESC]
,CASE WHEN [AH Amazon Prime Mentions] = 1 THEN 'True' else 'False' end as [AH Amazon Prime Mentions_DESC]
,CASE WHEN [AH Amazon Prime] = 1 THEN 'True' else 'False' end as [AH Amazon Prime_DESC]
,CASE WHEN [AH Flex TV Generic Mentions] = 1 THEN 'True' else 'False' end as [AH Flex TV Generic Mentions_DESC]
,CASE WHEN [Offer My TV Choice] = 1 THEN 'True' else 'False' end as [Offer My TV Choice_DESC]
,CASE WHEN [AH Xfinity XFi] = 1 THEN 'True' else 'False' end as [AH Xfinity XFi_DESC]
,CASE WHEN [AH XFI Pod Generic Mentions] = 1 THEN 'True' else 'False' end as [AH XFI Pod Generic Mentions_DESC]
,CASE WHEN [TSR Sports Entertainment Package] = 1 THEN 'True' else 'False' end as [TSR Sports Entertainment Package_DESC]
,CASE WHEN [Offer Premium] = 1 THEN 'True' else 'False' end as [Offer Premium_DESC]
,CASE WHEN [AH Proactive Self Service Xfinity Home Security App] = 1 THEN 'True' else 'False' end as [AH Proactive Self Service Xfinity Home Security App_DESC]
,CASE WHEN [Billing Eco Bill Alerts] = 1 THEN 'True' else 'False' end as [Billing Eco Bill Alerts_DESC]
,CASE WHEN [AH Xfinity XFi CD] = 1 THEN 'True' else 'False' end as [AH Xfinity XFi CD_DESC]
,CASE WHEN [Dot Com Wireless Router] = 1 THEN 'True' else 'False' end as [Dot Com Wireless Router_DESC]
,CASE WHEN [AH Multiple Video Tiers new] = 1 THEN 'True' else 'False' end as [AH Multiple Video Tiers new_DESC]
,CASE WHEN [AH XFI Pod Purchase Discussions] = 1 THEN 'True' else 'False' end as [AH XFI Pod Purchase Discussions_DESC]
,CASE WHEN [AH Multiple Video Tiers V1] = 1 THEN 'True' else 'False' end as [AH Multiple Video Tiers V1_DESC]
,CASE WHEN [AH Multiple Video Tiers] = 1 THEN 'True' else 'False' end as [AH Multiple Video Tiers_DESC]
,CASE WHEN [AH Xfinity Mobile Generic] = 1 THEN 'True' else 'False' end as [AH Xfinity Mobile Generic_DESC]
,CASE WHEN [Offer Wireless Gateway Proactive] = 1 THEN 'True' else 'False' end as [Offer Wireless Gateway Proactive_DESC]
,CASE WHEN [Offer Wireless Gateway Reactive] = 1 THEN 'True' else 'False' end as [Offer Wireless Gateway Reactive_DESC]

  FROM [NRDP_DM].[dbo].[DIM_SPEECH_QUERY_GROUP2]
"
DIM_MDM_SPRINKLR_MESSAGES_V,"CREATE VIEW [dbo].[DIM_MDM_SPRINKLR_MESSAGES_V]
AS
SELECT DISTINCT
 SPRINKLRMESSAGEID,
[IS_BRAND_POST]
      ,[SOCIAL_MEDIA_TYPE]
      ,[IS_FOLLOWER]
      ,[STATUS_TYPE]
	  ,[IS_SHARED_POST]
	  ,[BRAND_RESPONDED]
FROM [NRDP_DM].[dbo].[DIM_SPRINKLR_MESSAGES]
"
DIM_MDM_SURVEY_TYPE,"

CREATE VIEW [dbo].[DIM_MDM_SURVEY_TYPE]
AS
SELECT DISTINCT CASE WHEN SURVEY_TYPE_CD = 'CALLS' THEN 1
     WHEN SURVEY_TYPE_CD = 'CB_CARE' THEN 2
     WHEN SURVEY_TYPE_CD = 'DIR_SALES' THEN 3
     WHEN SURVEY_TYPE_CD = 'RETAIL' THEN 4
     WHEN SURVEY_TYPE_CD = 'CHAT' THEN 5
     WHEN SURVEY_TYPE_CD = 'CB_ACC_STR' THEN 6
     WHEN SURVEY_TYPE_CD = 'CB_TECH' THEN 7
     WHEN SURVEY_TYPE_CD = 'TECH' THEN 8
     WHEN SURVEY_TYPE_CD = 'SOCIAL' THEN 9
     WHEN SURVEY_TYPE_CD = 'UNASSISTED' THEN 110
 END AS SURVEY_TYPE_ID,
SURVEY_TYPE_CD
FROM FACT_TNPS_RESTATE
WHERE SURVEY_TYPE_CD IS NOT NULL -- Added by SS on 7/13/21
UNION ALL
SELECT - 1 AS SURVEY_TYPE_ID,
'zUnknown' as SURVEY_TYPE_CD
"
DIM_MDM_SURVEY_TYPE_V,"
CREATE VIEW [dbo].[DIM_MDM_SURVEY_TYPE_V]
AS
SELECT DISTINCT CASE WHEN SURVEY_TYPE_CD = 'CALLS' THEN 1
     WHEN SURVEY_TYPE_CD = 'CB_CARE' THEN 2
     WHEN SURVEY_TYPE_CD = 'DIR_SALES' THEN 3
     WHEN SURVEY_TYPE_CD = 'RETAIL' THEN 4
     WHEN SURVEY_TYPE_CD = 'CHAT' THEN 5
     WHEN SURVEY_TYPE_CD = 'CB_ACC_STR' THEN 6
     WHEN SURVEY_TYPE_CD = 'CB_TECH' THEN 7
     WHEN SURVEY_TYPE_CD = 'TECH' THEN 8
     WHEN SURVEY_TYPE_CD = 'SOCIAL' THEN 9
     WHEN SURVEY_TYPE_CD = 'UNASSISTED' THEN 10
	 WHEN SURVEY_TYPE_CD = 'CB_TECH_EM' THEN 11 
 END AS SURVEY_TYPE_ID,
SURVEY_TYPE_CD
FROM FACT_TNPS_RESTATE
WHERE SURVEY_TYPE_CD IS NOT NULL -- Added by SS on 7/13/21
UNION ALL
SELECT - 1 AS SURVEY_TYPE_ID,
'zUnknown' as SURVEY_TYPE_CD
"
DIM_MDM_TICKET_ATTRIBUTES_V,"CREATE VIEW DIM_MDM_TICKET_ATTRIBUTES_V
AS
SELECT * FROM DIM_TICKET_ATTRIBUTES"
DIM_MDM_TICKET_PROBLEM_V,"CREATE VIEW DIM_MDM_TICKET_PROBLEM_V
AS
SELECT DISTINCT PROBLEM_CODE, PROBLEM_NAME FROM DIM_TICKET_ATTRIBUTES"
DIM_MDM_TICKET_QUEUE_V,"CREATE VIEW DIM_MDM_TICKET_QUEUE_V
AS
SELECT DISTINCT QUEUE_ID, QUEUE_NAME FROM DIM_TICKET_ATTRIBUTES"
DIM_MDM_TICKET_STATUS_V,"CREATE VIEW DIM_MDM_TICKET_STATUS_V
AS
SELECT DISTINCT STATUS_ID, STATUS_NAME FROM DIM_TICKET_ATTRIBUTES"
DIM_MDM_TICKET_SUPPORT_AREA_V,"CREATE VIEW DIM_MDM_TICKET_SUPPORT_AREA_V
AS
SELECT DISTINCT SUPPORT_AREA_ID, SUPPORT_AREA_NAME FROM DIM_TICKET_ATTRIBUTES"
DIM_MDM_TIME_SERIES_COMP_V,"

/****** Script for SelectTopNRows command from SSMS  ******/
create view [dbo].[DIM_MDM_TIME_SERIES_COMP_V] AS 
SELECT [NRDP_GENERIC_ID] as SERIES_ID 
      ,CASE [NRDP_GENERIC_ID] 
	  when  1 THEN 'Current'
	  when  2 then 'Prior Period'
	  when  3 then 'Prior Period Index'
	  when  4 then 'Prior Period Diff'
	  when 5 then 'Year Ago'
	  when 6 then 'YOY Index'
	  when 7 then 'YOY Diff'
	  when 8 then 'M/M Index'
	  when 9 then 'Y/Y Index'
	  when 10 then 'Current*'
	   end as SERIES_DESC 
      ,CASE [NRDP_GENERIC_ID] 
	  when  1 THEN 'vs Preceding'
	  when  2 then 'vs Preceding'
	  when  3 then 'vs Preceding'
	  when  4 then 'vs Preceding'
	  when 5 then 'Year over Year'
	  when 6 then 'Year over Year'
	  when 7 then 'Year over Year'
	  when 8 then 'vs Preceding'
	  when 9 then 'Year over Year'
	  when 10 then 'Year over Year'
	   end as COMP_DESC 
  FROM [NRDP_DM].[dbo].[DIM_GENERIC]
  where [NRDP_GENERIC_ID] between 1 and 10
"
DIM_MDM_TIME_SERIES_V,"
/****** Script for SelectTopNRows command from SSMS  ******/
CREATE view [dbo].[DIM_MDM_TIME_SERIES_V] AS 
SELECT [NRDP_GENERIC_ID] as SERIES_ID 
      ,CASE [NRDP_GENERIC_ID] 
	  when  1 THEN 'Current'
	  when  2 then 'Prior Period'
	  when  3 then 'Prior Period Index'
	  when  4 then 'Prior Period Diff'
	  when 5 then 'Year Ago'
	  when 6 then 'YOY Index'
	  when 7 then 'YOY Diff'
	  when 8 then 'M/M Index'
	  when 9 then 'Y/Y Index'
	   end as SERIES_DESC 
  FROM [NRDP_DM].[dbo].[DIM_GENERIC]
  where [NRDP_GENERIC_ID] between 1 and 9
"
DIM_MDM_tNPs_SURVEY_TYPE_V,"

CREATE VIEW [dbo].[DIM_MDM_tNPs_SURVEY_TYPE_V]
AS
SELECT DISTINCT CASE WHEN SURVEY_TYPE_CD = 'CALLS' THEN 1
     WHEN SURVEY_TYPE_CD = 'CB_CARE' THEN 2
     WHEN SURVEY_TYPE_CD = 'DIR_SALES' THEN 3
     WHEN SURVEY_TYPE_CD = 'RETAIL' THEN 4
     WHEN SURVEY_TYPE_CD = 'CHAT' THEN 5
     WHEN SURVEY_TYPE_CD = 'CB_ACC_STR' THEN 6
     WHEN SURVEY_TYPE_CD = 'CB_TECH' THEN 7
     WHEN SURVEY_TYPE_CD = 'TECH' THEN 8
     WHEN SURVEY_TYPE_CD = 'SOCIAL' THEN 9
     WHEN SURVEY_TYPE_CD = 'UNASSISTED' THEN 110
 END AS SURVEY_TYPE_ID,
SURVEY_TYPE_CD
FROM FACT_TNPS_RESTATE
UNION ALL
SELECT - 1 AS SURVEY_TYPE_ID,
'zUnknown' as SURVEY_TYPE_CD
"
DIM_MDM_TRAINING_STATUS_V,"CREATE VIEW [dbo].[DIM_MDM_TRAINING_STATUS_V] AS 
SELECT  [AGENT_TRAINING_ID]
	  ,min([AGENT_TRAINING_ID]) over (partition by [TRAINING_CLASS_LOB]) as [TRAINING_CLASS_LOB_ID]
      ,[TRAINING_CLASS_LOB]
      ,min([AGENT_TRAINING_ID]) over (partition by [TRAINING_VIRTUAL_FLAG]) as [VIRTUAL_FLAG_ID]
	  ,[TRAINING_VIRTUAL_FLAG]
      ,min([AGENT_TRAINING_ID]) over (partition by [TRAINING_CLASS_ID]) as [TRAININGCLASS_ID]
      ,[TRAINING_CLASS_ID]
      ,min([AGENT_TRAINING_ID]) over (partition by [TRAINING_DURATION_TYPE]) as [TRAINING_DURATION_TYPE_ID]
      ,[TRAINING_DURATION_TYPE]
      ,min([AGENT_TRAINING_ID]) over (partition by [TRAINING_MODEL]) as [TRAINING_MODEL_ID]
      ,[TRAINING_MODEL]
	  ,min([AGENT_TRAINING_ID]) over (partition by [TRAINING_TYPE]) as [TRAINING_TYPE_ID]
      ,[TRAINING_TYPE]
      ,[TRAIN_STATUS_ORDER] as [TRAIN_STATUS_ID]
      ,[TRAINING_STATUS]
	  ,[TRAIN_STATUS_ORDER]
from [NRDP_DM].[dbo].[DIM_TRAINING_STATUS]
union all
select -1,
-1,
'No Training Associated',
-1,
'No Training Associated',
-1,
'No Training Associated',
-1,
'No Training Associated',
-1,
'No Training Associated',
-1,
'No Training Associated',
-1,
'No Training Associated',
-1 
"
DIM_MDM_TRANSFER_DESTINATION_V,"CREATE VIEW [dbo].[DIM_MDM_TRANSFER_DESTINATION_V]
AS
SELECT DESTINATION_ID,
COALESCE(DESTINATION_NAME,'Unknown') as DESTINATION_NAME
FROM DIM_TRANSFER_DESTINATION
"
DIM_MDM_TRANSFER_ORIGIN_AGENT_V,"




/****** Script for SelectTopNRows command from SSMS  ******/
CREATE VIEW [dbo].[DIM_MDM_TRANSFER_ORIGIN_AGENT_V] AS 
SELECT [TRANSFER_ORIGIN_AGENT_ID]
      ,[METRIC_SOURCE]
      ,[NT_LOGIN]
      ,coalesce([AGENT_NAME],[NT_LOGIN]) as [AGENT_NAME]
      ,[QUEUE_NAME]
      ,[QUEUE_GROUP]
      ,case when [CALL_CENTER] like '%Bldg%' 
		then substring( [CALL_CENTER],1,len([CALL_CENTER])-9 )
		else [CALL_CENTER] end as [CALL_CENTER]
      ,[DIVISION_NAME]
      ,[AGENT_MEDIUM]
      ,[LOCATION_NAME]
      ,[COMPANY_NAME]
      ,[GEO_SHORE]
      ,[GEO_REGION]
      ,[GEO_COUNTRY]
  FROM [NRDP_DM].[dbo].[DIM_TRANSFER_ORIGIN_AGENT] WITH (NOLOCK)
  --union all
  --SELECT top 1 -1 as [TRANSFER_ORIGIN_AGENT_ID]
  --    ,[METRIC_SOURCE]
  --    ,'No Transfer Associated' as [NT_LOGIN]
  --    ,'No Transfer Associated' as [AGENT_NAME]
  --    ,'No Transfer Associated' as [QUEUE_NAME]
  --    ,'No Transfer Associated' as [QUEUE_GROUP]
  --    ,'No Transfer Associated' as [CALL_CENTER]
  --    ,'No Transfer Associated' as [DIVISION_NAME]
  --    ,'No Transfer Associated' as [AGENT_MEDIUM]
  --    ,'No Transfer Associated' as [LOCATION_NAME]
  --    ,'No Transfer Associated' as [COMPANY_NAME]
  --    ,'No Transfer Associated' as [GEO_SHORE]
  --    ,'No Transfer Associated' as [GEO_REGION]
  --    ,'No Transfer Associated' as [GEO_COUNTRY]
  --FROM [NRDP_DM].[dbo].[DIM_TRANSFER_ORIGIN_AGENT]
  --union all
  --SELECT top 1 -2 as [TRANSFER_ORIGIN_AGENT_ID]
  --    ,[METRIC_SOURCE]
  --    ,'Unmapped Transfer' as [NT_LOGIN]
  --    ,'Unmapped Transfer' as [AGENT_NAME]
  --    ,'Unmapped Transfer' as [QUEUE_NAME]
  --    ,'Unmapped Transfer' as [QUEUE_GROUP]
  --    ,'Unmapped Transfer' as [CALL_CENTER]
  --    ,'Unmapped Transfer' as [DIVISION_NAME]
  --    ,'Unmapped Transfer' as [AGENT_MEDIUM]
  --    ,'Unmapped Transfer' as [LOCATION_NAME]
  --    ,'Unmapped Transfer' as [COMPANY_NAME]
  --    ,'Unmapped Transfer' as [GEO_SHORE]
  --    ,'Unmapped Transfer' as [GEO_REGION]
  --    ,'Unmapped Transfer' as [GEO_COUNTRY]
  --FROM [NRDP_DM].[dbo].[DIM_TRANSFER_ORIGIN_AGENT]
"
DIM_MDM_TRANSFER_ORIGIN_IACT_V,"


CREATE VIEW [dbo].[DIM_MDM_TRANSFER_ORIGIN_IACT_V] AS 
SELECT [TRANSFER_ORIGIN_IACT_ID]
      ,[ORIGIN_IACT_TYPE_NAME]
      ,[ORIGIN_IACT_QUEUE_NAME]
      ,[ORIGIN_IACT_SERVICE_TYPE]
      ,[ORIGIN_IACT_LOB_NAME]
      ,[ORIGIN_IACT_LANGUAGE]
      ,[TRANSFER_SUCCESS]
      ,case when [IVR_TYPE] ='Other' then 'NA' else [IVR_TYPE] end as [IVR_TYPE]
  FROM [NRDP_DM].[dbo].[DIM_TRANSFER_ORIGIN_IACT] WITH (NOLOCK)
"
DIM_MDM_UNIT_OF_WORK_V,"

CREATE VIEW [dbo].[DIM_MDM_UNIT_OF_WORK_V] AS

SELECT [RULE_ID]
      ,[RULE_DESC]
      ,[TRANSACTION_TYPE_CD]
  FROM [dbo].[DIM_UNIT_OF_WORK]



"
DIM_MDM_UOW_RULE_REF_V,"
CREATE   view  [dbo].[DIM_MDM_UOW_RULE_REF_V] as
select * from [NRDP_DM].dbo.DIM_UOW_RULE_REF 
"
DIM_MDM_UUI_CONTEXT_CODES_V,"
CREATE view [dbo].[DIM_MDM_UUI_CONTEXT_CODES_V] 
AS
SELECT CONTEXT_CODE as CONTEXT_CD_Key,
coalesce(SUMMARY,'zUnknown') as Summary, 
coalesce(SUMMARY_LINE1,'zUnknown')  as Summary_1,
coalesce(SUMMARY_LINE2,'zUnknown') as Summary_2,
coalesce(SUMMARY_LINE3,'zUnknown') as Summary_3
FROM dbo.DIM_UUI_CONTEXT_CODES
"
DIM_MDM_WORKLIST_FALLOUT_CHARACTERISTIC_V,"


CREATE VIEW [dbo].[DIM_MDM_WORKLIST_FALLOUT_CHARACTERISTIC_V] AS

SELECT [WORKLIST_FALLOUT_CHARACTERISTIC_KEY],
	[IS_COMPLETED_IND] ,
	[COMPLETION_STATUS_DESC] ,
	[CURRENT_STATUS_DESC] ,
	[IS_SLA_MET_IND] 
  FROM [dbo].[DIM_WORKLIST_FALLOUT_CHARACTERISTIC]



"
DIM_MDM_WORKLIST_TASK_CHARACTERISTIC_V,"







CREATE       VIEW [dbo].[DIM_MDM_WORKLIST_TASK_CHARACTERISTIC_V] AS

SELECT WORKLIST_TASK_CHARACTERISTIC_KEY as TASK_CHARACTERISTIC_ID
		,TASK_CHARACTERISTIC_ID as WORKLIST_TASK_CHARACTERISTIC_KEY---add column 2/06
		,IS_AUTO_CORRECTED_IND
		,IS_COMPLETED_IND    ---add column 25/05 pmural
		,IS_ESCALATION_IND
		,IS_PAST_DUE_IND
		,IS_SLA1_CNT_IND
		,IS_SLA1_MET_IND
		,IS_SLA2_CNT_IND
		,IS_SLA2_MET_IND
		,IS_VOICE2_GO_IND 		
  FROM  [dbo].[DIM_WORKLIST_TASK_CHARACTERISTICS]



"
DIM_MDM_WORKLIST_TASK_PARTICIPANT_V,"





CREATE   VIEW [dbo].[DIM_MDM_WORKLIST_TASK_PARTICIPANT_V] AS

SELECT 
      WORKLIST_TASK_PARTICIPANT_KEY as TASK_PARTICIPANT_ID,
	  TASK_PARTICIPANT_ID as WORKLIST_TASK_PARTICIPANT_KEY,
      OWNER_NM ,
      TASK_PARTICIPANT_GROUP_NM ,
      PARTICIPANT_LABEL_NM ,
      SOURCE_CD ,
      PARTICIPANT_GROUP_DESC  
  FROM [dbo].[DIM_WORKLIST_TASK_PARTICIPANTS]



"
DIM_MDM_XAP_EXIT,"
create view [dbo].[DIM_MDM_XAP_EXIT] AS
select * from [dbo].[DIM_XAP_EXIT]"
DIM_MDM_XM_LINE_DETAIL_ATTRIBUTE_V,"




CREATE view [dbo].[DIM_MDM_XM_LINE_DETAIL_ATTRIBUTE_V]
AS
SELECT [XM_LINE_DETAIL_ATTRIBUTE_ID]
      ,CATEGORY_DESC 
      ,[BRAND_NAME]
      ,CASE WHEN [BYOD_IND] = 'Y' THEN 'Yes' 
	      	        else 'No' end as [BYOD_IND]
	  ,PRODUCT_NAME
	  ,FINANCED_IND
  FROM [NRDP_DM].[dbo].[DIM_XM_LINE_DETAIL_ATTRIBUTE]
"
DIM_MDM_XM_PRODUCT_CATEGORY_V,"
CREATE VIEW [dbo].[DIM_MDM_XM_PRODUCT_CATEGORY_V]
AS
SELECT        NRDP_CATEGORY_ID, NRDP_PRODUCT_CATEGORY_DESC, CASE WHEN NRDP_CATEGORY_ID = 1 THEN 1 ELSE NULL END AS NRDP_CATEGORY_FIRST
FROM            DIM_PRODUCT_CATEGORY
"
DIM_MDM_XSR_COMPONENT_V,"

CREATE VIEW [dbo].[DIM_MDM_XSR_COMPONENT_V] AS 
SELECT 
* FROM DIM_XSR_COMPONENT 
"
FACT_MDM_ADJ_V,"

CREATE VIEW [dbo].[FACT_MDM_ADJ_V] AS 
SELECT CAST(1 AS INT) AS SERIES_ID, 
 c.CALENDAR_DATE
,C.DATEKEY
,C.CUSTOMER_ACCOUNT_KEY % 100 AS CUSTOMER_ACCOUNT_KEY
, COALESCE(EBB.CUSTOMER_EBB_BULK_KEY,0) AS CUSTOMER_EBB_BULK_KEY -- Added by SS ON 7/19/21

,CAST(-1 AS INTEGER) CUSTOMER_ACCOUNT_DEMO_KEY -- Added by SS ON 7/19/21
,CAST(-1 AS INTEGER) MOVE_INCOME_CONSTRAINED_ID

--,C.NRDP_AGENT_FISCAL_PERIOD_ID

,c.[FISCAL_PERIOD_INT]
,COALESCE(D.[FISCAL_PERIOD_TODATE_INT],c.[FISCAL_PERIOD_INT]) AS [FISCAL_PERIOD_TODATE_INT]
,c.[PERNR_NUM]
,-1 AS BASE_RGU_PROFILE_ID
,c.[NRDP_CALL_ATTRIBUTE_ID]
,c.[NRDP_CLV_ATTRIBUTE_ID]
,cast(-1 as integer) as [TRANSFER_ORIGIN_AGENT_ID]
,cast(-1 as integer) as [TRANSFER_ORIGIN_IACT_ID]
,c.[TENURE_ID]
,[ADJUST_SUBSCRIBER_CNT]
,[ADJUST_AMT]
,cast(8640100 as integer) as AGENT_INTERACTION_ORDER_ID
,COALESCE(c.SENTIMENT_QA_ID,100000) AS SENTIMENT_QA_ID
,COALESCE(c.NRDP_CUST_MAP_ID,-1) AS NRDP_CUST_MAP_ID
,COALESCE(atr.AGENT_TRAINING_ID,-1) AS AGENT_TRAINING_ID
,COALESCe(xap.PRE_NRDP_XAP_EXIT_ID,-1) as PRE_NRDP_XAP_EXIT_ID
,COALESCE(agt.[AGENT_SKILL_LOCATION_ID],-1) AS AGENT_SKILL_LOCATION_ID 
,COALESCE(agt.SK_PERSON_HIER_ID,-1) AS PERSON_HIER_ID
, COALESCE(agt.AGENT_TENURE_HIER_ID,-1) AS AGENT_TENURE_HIER_ID
,coalesce(cdr.CALL_DRIVER_GROUP1_ID,0) as CALL_DRIVER_GROUP1_ID
,coalesce(cdr.CALL_DRIVER_GROUP2_ID,0) as CALL_DRIVER_GROUP2_ID
,coalesce(cdr.CALL_DRIVER_GROUP1_ID,0) as CALL_DRIVER_GROUP3_ID
,coalesce(cdr.SPEECH_QUERY_GROUP1_ID,0) as SPEECH_QUERY_GROUP1_ID
,coalesce(cdr.SPEECH_QUERY_GROUP2_ID,0) as SPEECH_QUERY_GROUP2_ID
,COALESCE(EBB.PRODCAT_EBB_ID,0) AS PRODCAT_EBB_ID

FROM   
  [NRDP_DM].[dbo].[FACT_ADJ] C left join 
  DIM_CURRENT_TODATE D 
  ON C.CALENDAR_DATE = D.CALENDAR_DATE  left join 
  FACT_CALL_DRIVER_SPEECH_QUERY_REF cdr
  ON C.FISCAL_PERIOD_INT = cdr.FISCAL_PERIOD_INT
  AND C.CALENDAR_DATE = cdr.CALENDAR_DATE
  AND C.METRIC_SOURCE = cdr.METRIC_SOURCE
  AND C.METRIC_SOURCE_KEY = cdr.METRIC_SOURCE_KEY
LEFT JOIN [dbo].[FACT_PRE_XAP_EXIT] xap
  on c.[FISCAL_PERIOD_INT] = xap.[FISCAL_PERIOD_INT]
  and c.[METRIC_SOURCE] = xap.[METRIC_SOURCE]
  and  c.[CALENDAR_DATE] =xap.[CALENDAR_DATE]
  and c.[METRIC_SOURCE_KEY] = xap.[METRIC_SOURCE_KEY] left join 
[DIM_TABULAR_AGENT_SKILL_LOCATION_LKP] agt
on C.PERNR_NUM = AGT.PERNR_NUM
AND C.FISCAL_PERIOD_INT = AGT.FISCAL_PERIOD_INT lEFT JOIN
  [dbo].[FACT_AGENT_TRAINING_REF_V] atr
  ON c.DATEKEY=atr.DATEKEY
  and c.NRDP_AGENT_FISCAL_PERIOD_ID= atr.NRDP_AGENT_FISCAL_PERIOD_ID
left join FACT_EBB_BULK_REF EBB with (nolock)
    on c.[FISCAL_PERIOD_INT] = EBB.[FISCAL_PERIOD_INT]
  and c.[METRIC_SOURCE] = EBB.[METRIC_SOURCE]
  and  c.[CALENDAR_DATE] =EBB.[CALENDAR_DATE]
  and c.[METRIC_SOURCE_KEY] = EBB.[METRIC_SOURCE_KEY]
where c.FISCAL_PERIOD_INT > 201812 

"
FACT_MDM_AGENT_CHATS_V,"


CREATE   VIEW [dbo].[FACT_MDM_AGENT_CHATS_V]
AS
SELECT [CHAT_REQUEST_ID]
      ,c.[FISCAL_PERIOD_INT]
      ,[CALENDAR_DATE]
      ,[METRIC_SOURCE]
      ,[METRIC_SOURCE_KEY]
      ,[ChatCharacteristicsID]
      ,[DATEKEY]
      ,[CUSTOMER_ACCOUNT_KEY]
      ,[CUSTOMER_ACCOUNT_ID]
      ,c.[PERNR_NUM]
      ,c.[NRDP_AGENT_FISCAL_PERIOD_ID]
      ,[NRDP_CALL_ATTRIBUTE_ID]
      ,[NRDP_CLV_ATTRIBUTE_ID]
      ,[BASE_RGU_PROFILE_ID]
      ,[TRANSFER_ORIGIN_AGENT_ID]
      ,[TRANSFER_ORIGIN_IACT_ID]
      ,[TENURE_ID]
      ,[SENTIMENT_QA_ID]
      ,[AGENT_TRAINING_ID]
      ,[NRDP_CUST_MAP_ID]
      ,[CHAT_DURATION]
      ,[SPEED_OF_ANSWER]
	  ,-1 AS MOVE_INCOME_CONSTRAINED_ID
	  ,-1 AS CUSTOMER_ACCOUNT_DEMO_KEY
	  ,COALESCE(agt.[AGENT_SKILL_LOCATION_ID],-1) AS AGENT_SKILL_LOCATION_ID 
,COALESCE(agt.SK_PERSON_HIER_ID,-1) AS PERSON_HIER_ID
, COALESCE(agt.AGENT_TENURE_HIER_ID,-1) AS AGENT_TENURE_HIER_ID
,c.Queue_7_Day_Repeat_Ind															--------Added on 12/8/2023 DMR 4982
  FROM [NRDP_DM].[dbo].[FACT_AGENT_CHATS] c left join 
[DIM_TABULAR_AGENT_SKILL_LOCATION_LKP] agt
on C.PERNR_NUM = AGT.PERNR_NUM
AND C.FISCAL_PERIOD_INT = AGT.FISCAL_PERIOD_INT
"
FACT_MDM_AGENT_COUNT_V,"



CREATE VIEW [dbo].[FACT_MDM_AGENT_COUNT_V]
AS
   SELECT CAST(1 AS INT) AS SERIES_ID,  agt.[FISCAL_PERIOD_INT],
D.Calendar_date,
d.DATEKEY,
-- CASE WHEN AGT.PERNR_NUM > 0 THEN  CAST(CAST(AGT.[PERNR_NUM] AS VARCHAR(8))+'.'+RIGHT(AGT.[FISCAL_PERIOD_INT],4) AS MONEY) 
--  ELSE CAST(AGT.PERNR_NUM AS MONEY) END AS NRDP_AGENT_FISCAL_PERIOD_ID,
    CAST(0 AS INTEGER) CUSTOMER_EBB_BULK_KEY -- Added by SS ON 7/19/21

,CAST(-1 AS INTEGER) CUSTOMER_ACCOUNT_DEMO_KEY -- Added by SS ON 7/19/21 --
,CAST(-1 AS INTEGER) MOVE_INCOME_CONSTRAINED_ID
 ,agt.PERNR_NUM,
 agt.[AGENT_SKILL_LOCATION_ID],
 --XCSDMROPS-25518
 --agt.[AGENT_SUPERVISOR_HIER_ID] as PERSON_HIER_ID,
CASE WHEN AGENT_SUPERVISOR_HIER_ID < 0 THEN AGENT_SUPERVISOR_HIER_ID ELSE (CAST(PERNR_NUM AS BIGINT) * 10000000) + AGENT_SUPERVISOR_HIER_ID END AS PERSON_HIER_ID,
 agt.[AGENT_TENURE_HIER_ID] as AGENT_TENURE_HIER_ID,
 d.fiscal_quarter
FROM [dbo].[DIM_TABULAR_AGENT_SKILL_LOCATION_LKP] agt join 
DIM_DATE_CUSTOM_PERIODS D
ON AGT.FISCAL_PERIOD_INT= D.FISCAL_PERIOD_INT
 
"
FACT_MDM_AGENT_DAY_COUNT_V,"



/****** Script for SelectTopNRows command from SSMS  ******/
CREATE VIEW [dbo].[FACT_MDM_AGENT_DAY_COUNT_V]
AS 
SELECT 	   A.DATEKEY
    , CAST(1 AS INT) AS [SERIES_ID]
      ,A.[PERNR_NUM]
	  ,COALESCE(agt.[AGENT_SKILL_LOCATION_ID],-1) AS AGENT_SKILL_LOCATION_ID 
	  ,COALESCE(agt.SK_PERSON_HIER_ID,-1) AS PERSON_HIER_ID
	  ,COALESCE(agt.AGENT_TENURE_HIER_ID,-1) AS AGENT_TENURE_HIER_ID
	  	   	  ,A.FISCAL_PERIOD_INT
			  ,CAST(1 AS INT) AS [AGENT_DAY_COUNT]
  FROM dbo.FACT_IACT_MONTHLY_PERNR A WITH (NOLOCK)   left join 
[DIM_TABULAR_AGENT_SKILL_LOCATION_LKP] agt WITH (NOLOCK)
on A.PERNR_NUM = AGT.PERNR_NUM
AND A.FISCAL_PERIOD_INT = AGT.FISCAL_PERIOD_INT

"
FACT_MDM_AGENT_ESHRINK_V,"
CREATE VIEW [dbo].[FACT_MDM_AGENT_ESHRINK_V] AS 
SELECT CAST(1 AS INT) AS SERIES_ID, F.*
--,CAST(FORMAT(F.CALENDAR_DATE,'yyyyMMdd') as int) DATEKEY
,COALESCE(D.[FISCAL_PERIOD_TODATE_INT],F.[FISCAL_PERIOD_INT]) AS [FISCAL_PERIOD_TODATE_INT]
,COALESCE(agt.[AGENT_SKILL_LOCATION_ID],-1) AS AGENT_SKILL_LOCATION_ID 
,COALESCE(agt.SK_PERSON_HIER_ID,-1) AS PERSON_HIER_ID
, COALESCE(agt.AGENT_TENURE_HIER_ID,-1) AS AGENT_TENURE_HIER_ID
,CAST(0 AS INTEGER) CUSTOMER_EBB_BULK_KEY -- Added by SS ON 7/19/21

,CAST(-1 AS INTEGER) CUSTOMER_ACCOUNT_DEMO_KEY -- Added by SS ON 7/19/21 --
,CAST(-1 AS INTEGER) MOVE_INCOME_CONSTRAINED_ID
  FROM [NRDP_DM].[dbo].[FACT_AGENT_ESHRINK] F left join 
  DIM_CURRENT_TODATE D 
  ON F.CALENDAR_DATE = D.CALENDAR_DATE left join 
[DIM_TABULAR_AGENT_SKILL_LOCATION_LKP] agt
on f.PERNR_NUM = AGT.PERNR_NUM
AND F.FISCAL_PERIOD_INT = AGT.FISCAL_PERIOD_INT 
WHERE f.FISCAL_PERIOD_INT > 201812 
"
FACT_MDM_AGENT_IACT_DISTINCTCOUNT_V,"



/****** Script for SelectTopNRows command from SSMS  ******/
CREATE VIEW [dbo].[FACT_MDM_AGENT_IACT_DISTINCTCOUNT_V]
AS 
SELECT CAST(1 AS INT) AS [SERIES_ID]
	   ,A.CALENDAR_DATE
	   ,A.DATEKEY
	   	  ,A.FISCAL_PERIOD_INT
      ,A.[PERNR_NUM]
	  ,COALESCE(atr.AGENT_TRAINING_ID,-1) AS AGENT_TRAINING_ID
	  ,COALESCE(agt.[AGENT_SKILL_LOCATION_ID],-1) AS AGENT_SKILL_LOCATION_ID 
	  ,COALESCE(agt.SK_PERSON_HIER_ID,-1) AS PERSON_HIER_ID
	  ,COALESCE(agt.AGENT_TENURE_HIER_ID,-1) AS AGENT_TENURE_HIER_ID
  FROM dbo.FACT_IACT_MONTHLY_PERNR A WITH (NOLOCK)  LEFT JOIN 
[dbo].[FACT_AGENT_TRAINING_REF_V] atr
  ON A.DATEKEY=atr.DATEKEY
  and A.PERNR_NUM= atr.PERNR_NUM left join 
[DIM_TABULAR_AGENT_SKILL_LOCATION_LKP] agt WITH (NOLOCK)
on A.PERNR_NUM = AGT.PERNR_NUM
AND A.FISCAL_PERIOD_INT = AGT.FISCAL_PERIOD_INT

"
FACT_MDM_AGENT_INTERACTION_DAY_COUNT_V,"



/****** Script for SelectTopNRows command from SSMS  ******/
CREATE VIEW [dbo].[FACT_MDM_AGENT_INTERACTION_DAY_COUNT_V] 
AS 
SELECT A.[DATEKEY]
       ,CAST(1 AS INT) AS [SERIES_ID]
      ,A.[PERNR_NUM]
	  --,COALESCE(atr.AGENT_TRAINING_ID,-1) AS AGENT_TRAINING_ID
	  ,COALESCE(agt.[AGENT_SKILL_LOCATION_ID],-1) AS AGENT_SKILL_LOCATION_ID 
	  ,COALESCE(agt.SK_PERSON_HIER_ID,-1) AS PERSON_HIER_ID
	  ,COALESCE(agt.AGENT_TENURE_HIER_ID,-1) AS AGENT_TENURE_HIER_ID
	  ,A.FISCAL_PERIOD_INT
	  ,CP.FISCAL_QUARTER
	  , 1 AS AGENT_DAY_COUNT
  FROM dbo.FACT_IACT_MONTHLY_PERNR A WITH (NOLOCK) JOIN
  DIM_DATE_CUSTOM_PERIODS CP
  ON A.CALENDAR_DATE = CP.CALENDAR_DATE LEFT JOIN 
[dbo].[FACT_AGENT_TRAINING_REF_V] atr
  ON A.DATEKEY=atr.DATEKEY
  and A.PERNR_NUM= atr.PERNR_NUM left join 
[DIM_TABULAR_AGENT_SKILL_LOCATION_LKP] agt WITH (NOLOCK)
on A.PERNR_NUM = AGT.PERNR_NUM
AND A.FISCAL_PERIOD_INT = AGT.FISCAL_PERIOD_INT

"
FACT_MDM_AGENT_INTERACTION_DAY_COUNT_V2,"



/****** Script for SelectTopNRows command from SSMS  ******/
CREATE VIEW [dbo].[FACT_MDM_AGENT_INTERACTION_DAY_COUNT_V2] 
AS 
SELECT A.[DATEKEY]
       ,CAST(1 AS INT) AS [SERIES_ID]
      ,A.[PERNR_NUM]
	  --,COALESCE(atr.AGENT_TRAINING_ID,-1) AS AGENT_TRAINING_ID
	  ,COALESCE(agt.[AGENT_SKILL_LOCATION_ID],-1) AS AGENT_SKILL_LOCATION_ID 
	  ,COALESCE(agt.SK_PERSON_HIER_ID,-1) AS PERSON_HIER_ID
	  ,COALESCE(agt.AGENT_TENURE_HIER_ID,-1) AS AGENT_TENURE_HIER_ID
	  ,A.FISCAL_PERIOD_INT
	  ,CP.FISCAL_QUARTER
	  , 1 AS AGENT_DAY_COUNT
  FROM dbo.FACT_IACT_MONTHLY_PERNR A WITH (NOLOCK) JOIN
  DIM_DATE_CUSTOM_PERIODS CP
  ON A.CALENDAR_DATE = CP.CALENDAR_DATE LEFT JOIN 
[dbo].[FACT_AGENT_TRAINING_REF_V] atr
  ON A.DATEKEY=atr.DATEKEY
  and A.PERNR_NUM= atr.PERNR_NUM left join 
[DIM_TABULAR_AGENT_SKILL_LOCATION_LKP] agt WITH (NOLOCK)
on A.PERNR_NUM = AGT.PERNR_NUM
AND A.FISCAL_PERIOD_INT = AGT.FISCAL_PERIOD_INT

"
FACT_MDM_AGENT_ORDER_DISTINCTCOUNT_V,"




create VIEW [dbo].[FACT_MDM_AGENT_ORDER_DISTINCTCOUNT_V] AS
SELECT distinct  CAST(1 AS INT) AS SERIES_ID,X.*  FROM 
(
SELECT DISTINCT 
C.DATEKEY,
C.FISCAL_PERIOD_INT,
C.BASE_RGU_PROFILE_ID AS PRODUCT_ATTRIBUTE_ID ,
C.PERNR_NUM ,
COALESCE(TR.AGENT_TRAINING_ID,-1) AS AGENT_TRAINING_ID ,
COALESCE(agt.[AGENT_SKILL_LOCATION_ID],-1) AS AGENT_SKILL_LOCATION_ID ,
COALESCE(agt.SK_PERSON_HIER_ID,-1) AS PERSON_HIER_ID,
COALESCE(agt.AGENT_TENURE_HIER_ID,-1) AS AGENT_TENURE_HIER_ID

FROM  [dbo].[FACT_ORDERS] C LEFT JOIN 
[dbo].[FACT_AGENT_TRAINING_REF_V] TR
ON C.DATEKEY= TR.DATEKEY
AND C.NRDP_AGENT_FISCAL_PERIOD_ID = TR.NRDP_AGENT_FISCAL_PERIOD_ID left join 
[DIM_TABULAR_AGENT_SKILL_LOCATION_LKP] agt 
on C.PERNR_NUM = AGT.PERNR_NUM
AND C.FISCAL_PERIOD_INT = AGT.FISCAL_PERIOD_INT 
WHERE C.PERNR_NUM > 0
) X 
"
FACT_MDM_AGENT_PERNR_COUNT,"CREATE VIEW FACT_MDM_AGENT_PERNR_COUNT AS 
SELECT D.DATEKEY 
      ,AGT.[FISCAL_PERIOD_INT]
      ,[PERNR_NUM]
      ,[NAT_ORG_HIER_ID]
      ,[SK_PERSON_HIER_ID]
      ,[AGENT_SUPERVISOR_HIER_ID]
      ,[AGENT_TENURE_HIER_ID]
      ,[AGENT_SKILL_LOCATION_ID]
  FROM [NRDP_DM].[dbo].[DIM_TABULAR_AGENT_SKILL_LOCATION_LKP] AGt join 
DIM_DATE_CUSTOM_PERIODS D
ON AGT.FISCAL_PERIOD_INT= D.FISCAL_PERIOD_INT
WHERE D.FISCAL_QUARTER=20191"
FACT_MDM_AGENT_PERNR_ORDER_IACT_DISTINCT_COUNT_V,"



CREATE VIEW [dbo].[FACT_MDM_AGENT_PERNR_ORDER_IACT_DISTINCT_COUNT_V] AS
SELECT CAST(1 AS INT) AS SERIES_ID,X.*  FROM 
(SELECT
C.DATEKEY,
C.FISCAL_PERIOD_INT,
C.CUSTOMER_ACCOUNT_KEY ,
C.NRDP_AGENT_FISCAL_PERIOD_ID,
--0 as PRODUCT_ATTRIBUTE_ID ,
C.NRDP_CALL_ATTRIBUTE_ID,
C.NRDP_CLV_ATTRIBUTE_ID,
C.PERNR_NUM ,
c.METRIC_SOURCE ,
COALESCE(C.SENTIMENT_QA_ID,100000) AS SENTIMENT_QA_ID,
COALESCE(TR.AGENT_TRAINING_ID,10000) AS AGENT_TRAINING_ID ,
COALESCE(agt.[AGENT_SKILL_LOCATION_ID],-1) AS AGENT_SKILL_LOCATION_ID ,
COALESCE(agt.SK_PERSON_HIER_ID,-1) AS PERSON_HIER_ID,
COALESCE(agt.AGENT_TENURE_HIER_ID,-1) AS AGENT_TENURE_HIER_ID

FROM [dbo].[FACT_CALL_DETAIL] C LEFT JOIN 
[dbo].[FACT_AGENT_TRAINING_REF_V] TR
ON C.DATEKEY= TR.DATEKEY
AND C.NRDP_AGENT_FISCAL_PERIOD_ID = TR.NRDP_AGENT_FISCAL_PERIOD_ID left join 
[DIM_TABULAR_AGENT_SKILL_LOCATION_LKP] agt WITH (NOLOCK)
on C.PERNR_NUM = AGT.PERNR_NUM
AND C.FISCAL_PERIOD_INT = AGT.FISCAL_PERIOD_INT 
WHERE C.PERNR_NUM > 0
union all
SELECT
C.DATEKEY,
C.FISCAL_PERIOD_INT,
C.CUSTOMER_ACCOUNT_KEY ,
C.NRDP_AGENT_FISCAL_PERIOD_ID,
--0 as PRODUCT_ATTRIBUTE_ID ,
C.NRDP_CALL_ATTRIBUTE_ID,
C.NRDP_CLV_ATTRIBUTE_ID,
C.PERNR_NUM ,
C.METRIC_SOURCE,
COALESCE(C.SENTIMENT_QA_ID,100000) AS SENTIMENT_QA_ID,
COALESCE(TR.AGENT_TRAINING_ID,10000) AS AGENT_TRAINING_ID ,
COALESCE(agt.[AGENT_SKILL_LOCATION_ID],-1) AS AGENT_SKILL_LOCATION_ID ,
COALESCE(agt.SK_PERSON_HIER_ID,-1) AS PERSON_HIER_ID,
COALESCE(agt.AGENT_TENURE_HIER_ID,-1) AS AGENT_TENURE_HIER_ID

FROM [dbo].[FACT_CHAT_DETAIL] C LEFT JOIN 
[dbo].[FACT_AGENT_TRAINING_REF_V] TR
ON C.DATEKEY= TR.DATEKEY
AND C.NRDP_AGENT_FISCAL_PERIOD_ID = TR.NRDP_AGENT_FISCAL_PERIOD_ID left join 
[DIM_TABULAR_AGENT_SKILL_LOCATION_LKP] agt 
on C.PERNR_NUM = AGT.PERNR_NUM
AND C.FISCAL_PERIOD_INT = AGT.FISCAL_PERIOD_INT 
WHERE C.PERNR_NUM > 0
--union all
--SELECT
--C.DATEKEY,
--C.FISCAL_PERIOD_INT,
--C.CUSTOMER_ACCOUNT_KEY ,
--C.NRDP_AGENT_FISCAL_PERIOD_ID,
--C.BASE_RGU_PROFILE_ID AS PRODUCT_ATTRIBUTE_ID ,
--C.NRDP_CALL_ATTRIBUTE_ID,
--C.NRDP_CLV_ATTRIBUTE_ID,
--C.PERNR_NUM ,
--C.METRIC_SOURCE,
--COALESCE(C.SENTIMENT_QA_ID,100000) AS SENTIMENT_QA_ID,
--COALESCE(TR.AGENT_TRAINING_ID,10000) AS AGENT_TRAINING_ID ,
--COALESCE(agt.[AGENT_SKILL_LOCATION_ID],-1) AS AGENT_SKILL_LOCATION_ID ,
--COALESCE(agt.SK_PERSON_HIER_ID,-1) AS PERSON_HIER_ID,
--COALESCE(agt.AGENT_TENURE_HIER_ID,-1) AS AGENT_TENURE_HIER_ID

--FROM  [dbo].[FACT_ORDERS] C LEFT JOIN 
--[dbo].[FACT_AGENT_TRAINING_REF_V] TR
--ON C.DATEKEY= TR.DATEKEY
--AND C.NRDP_AGENT_FISCAL_PERIOD_ID = TR.NRDP_AGENT_FISCAL_PERIOD_ID left join 
--[DIM_TABULAR_AGENT_SKILL_LOCATION_LKP] agt 
--on C.PERNR_NUM = AGT.PERNR_NUM
--AND C.FISCAL_PERIOD_INT = AGT.FISCAL_PERIOD_INT 
--WHERE C.PERNR_NUM > 0
) X 
"
FACT_MDM_AGENT_TRAINING_REF_NewHire_V,"

CREATE VIEW [dbo].[FACT_MDM_AGENT_TRAINING_REF_NewHire_V] AS 
SELECT [DATEKEY]
      ,[NRDP_AGENT_FISCAL_PERIOD_ID]
      ,[PERNR_NUM]
      ,[CALENDAR_DATE]
      ,[AGENT_TRAINING_ID]
	  ,AGENT_GRAD_DATE
	  ,CAST(CONVERT(VARCHAR(10), AGENT_GRAD_DATE, 112) AS INTEGER) AS AgentGrad_DATEKEY
  FROM [NRDP_DM].[dbo].[FACT_AGENT_TRAINING_REF]
  WHERE TRAINING_TYPE = 'New Hire'
"
FACT_MDM_AICR_60_90_V,"
















/****** Script for SELECT CAST(1 AS INT) AS SERIES_ID,TopNRows command from SSMS  ******/
CREATE VIEW [dbo].[FACT_MDM_AICR_60_90_V] AS 
SELECT CAST(1 AS INT) AS SERIES_ID, c.[CALENDAR_DATE]
,C.DATEKEY
	  ,c.[FISCAL_PERIOD_INT]
	  ,COALESCE(D.[FISCAL_PERIOD_TODATE_INT],C.FISCAL_PERIOD_INT) AS FISCAL_PERIOD_TODATE_INT
	  ,c.[METRIC_SOURCE]
--      ,c.[NRDP_AGENT_FISCAL_PERIOD_ID]
      ,dv.[PERNR_NUM]
	  ,dv.[CUSTOMER_ACCOUNT_KEY]
      ,dv.[CUSTOMER_EBB_BULK_KEY]
      ,dv.[CUSTOMER_ACCOUNT_DEMO_KEY]
	  ,dv.[NRDP_CALL_ATTRIBUTE_ID]
      ,dv.[NRDP_CLV_ATTRIBUTE_ID]
      ,dv.[TRANSFER_ORIGIN_AGENT_ID]
      ,dv.[TRANSFER_ORIGIN_IACT_ID]
      ,dv.[TENURE_ID]
      ,dv.[BASE_RGU_PROFILE_ID]
      ,COALESCE(dv.SENTIMENT_QA_ID,100000) AS SENTIMENT_QA_ID
      ,dv.[NBX_M2M_ID]
	  ,COALESCE(dv.CALL_DRIVER_GROUP1_ID,0) AS CALL_DRIVER_GROUP1_ID
	  ,COALESCE(dv.CALL_DRIVER_GROUP2_ID,0) AS CALL_DRIVER_GROUP2_ID
	  ,COALESCE(dv.CALL_DRIVER_GROUP3_ID,0) AS CALL_DRIVER_GROUP3_ID
	  ,COALESCE(dv.SPEECH_QUERY_GROUP1_ID,0) AS SPEECH_QUERY_GROUP1_ID
	  ,COALESCE(dv.SPEECH_QUERY_GROUP2_ID,0) AS SPEECH_QUERY_GROUP2_ID
	  ,coalesce(dv.NRDP_CUST_MAP_ID,-1) as NRDP_CUST_MAP_ID
      ,COALESCE(dv.PRODCAT_EBB_ID,0) AS PRODCAT_EBB_ID
	  ,COALESCE(dv.PRE_NRDP_XAP_EXIT_ID,-1) as PRE_NRDP_XAP_EXIT_ID
	  ,COALESCE(dv.MOVE_INCOME_CONSTRAINED_ID,-1) as MOVE_INCOME_CONSTRAINED_ID

	  ,COALESCE(atr.AGENT_TRAINING_ID,-1) AS AGENT_TRAINING_ID
	  ,COALESCE(agt.[AGENT_SKILL_LOCATION_ID],-1) AS AGENT_SKILL_LOCATION_ID 
	  ,COALESCE(agt.SK_PERSON_HIER_ID,-1) AS PERSON_HIER_ID
	  , COALESCE(agt.AGENT_TENURE_HIER_ID,-1) AS AGENT_TENURE_HIER_ID
	  
	  ,NULLIF(c.[AICR_CUST_CONTACT_RECEIVED_CNT],0) AS [AICR_CUST_CONTACT_RECEIVED_CNT]

,NULLIF(c.[AICR_CUST_REPEAT_CALL_GROUP_IND],0) AS [AICR_CUST_REPEAT_CALL_GROUP_IND]
,NULLIF(c.[AICR_CUST_REPEAT_CONTACT_GROUP_IND],0) AS [AICR_CUST_REPEAT_CONTACT_GROUP_IND]
,NULLIF(c.[AICR_CUST_REPEAT_CHAT_GROUP_IND],0) AS [AICR_CUST_REPEAT_CHAT_GROUP_IND]
,NULLIF(c.[AICR_IQUEUE_REPEAT_CALL_GROUP_IND],0) AS [AICR_IQUEUE_REPEAT_CALL_GROUP_IND]
,NULLIF(c.[AICR_IQUEUE_REPEAT_CONTACT_GROUP_IND],0) AS [AICR_IQUEUE_REPEAT_CONTACT_GROUP_IND]
,NULLIF(c.[AICR_IQUEUE_REPEAT_CHAT_GROUP_IND],0) AS [AICR_IQUEUE_REPEAT_CHAT_GROUP_IND]
,NULLIF(c.[AICR_ITYP_REPEAT_CONTACT_GROUP_IND],0) AS [AICR_ITYP_REPEAT_CONTACT_GROUP_IND]

  FROM [NRDP_DM].[dbo].[FACT_AICR_60_90] C left join 
  DIM_CURRENT_TODATE D 
  ON C.CALENDAR_DATE = D.CALENDAR_DATE LEFT join
  LKP_DIM_VALUES_INTERACTIONS dv WITH (NOLOCK) 
  ON C.FISCAL_PERIOD_INT =  dv.FISCAL_PERIOD_INT 
  AND c.CALENDAR_DATE = dv.CALENDAR_DATE
  AND c.METRIC_SOURCE = dv.METRIC_SOURCE
  AND c.METRIC_SOURCE_KEY = dv.METRIC_SOURCE_KEY  left join 
[DIM_TABULAR_AGENT_SKILL_LOCATION_LKP] agt
on C.PERNR_NUM = AGT.PERNR_NUM
AND C.FISCAL_PERIOD_INT = AGT.FISCAL_PERIOD_INT lEFT JOIN
  [dbo].[FACT_AGENT_TRAINING_REF_V] atr
  ON c.DATEKEY=atr.DATEKEY
  and c.NRDP_AGENT_FISCAL_PERIOD_ID= atr.NRDP_AGENT_FISCAL_PERIOD_ID
WHERE c.FISCAL_PERIOD_INT > 201812 
"
FACT_MDM_AICR_BASE_V,"




CREATE VIEW [dbo].[FACT_MDM_AICR_BASE_V] AS 
SELECT  [FISCAL_PERIOD_INT],
[METRIC_SOURCE],
[CALENDAR_DATE],
[METRIC_SOURCE_KEY],
[DATEKEY],
[CUSTOMER_ACCOUNT_ID],
[CUSTOMER_ACCOUNT_KEY],
[CUBE_CUSTOMER_ACCOUNT_KEY],
[PERNR_NUM],
[NRDP_AGENT_FISCAL_PERIOD_ID],
[NRDP_CALL_ATTRIBUTE_ID],
[NRDP_CLV_ATTRIBUTE_ID],
[TRANSFER_ORIGIN_AGENT_ID],
[TRANSFER_ORIGIN_IACT_ID],
[TENURE_ID],
[BASE_RGU_PROFILE_ID],
[SENTIMENT_QA_ID],
[NRDP_CUST_MAP_ID],
[OUTCOME_DATE],
[NBX_M2M_ID],
[AGENT_INTERACTION_ORDER_ID],
[AICR_CUST_CONTACT_RECEIVED_CNT],
[AICR_CUST_CONTACT_RECEIVED_CNT] AS [AICR_CUST_CALL_RECEIVED_CNT],
CAST(NULL AS INT) AS [AICR_CUST_CHAT_RECEIVED_CNT],

custCall.[AICR_1_HR_REPEAT_CALL_CNT] AS [AICR_CUST_1_HR_REPEAT_CALL_CNT],
custCall.[AICR_2_HR_REPEAT_CALL_CNT] AS [AICR_CUST_2_HR_REPEAT_CALL_CNT],
custCall.[AICR_1_DAY_REPEAT_CALL_CNT] AS [AICR_CUST_1_DAY_REPEAT_CALL_CNT],
custCall.[AICR_2_DAY_REPEAT_CALL_CNT] AS [AICR_CUST_2_DAY_REPEAT_CALL_CNT],
custCall.[AICR_7_DAY_REPEAT_CALL_CNT] AS [AICR_CUST_7_DAY_REPEAT_CALL_CNT],
custCall.[AICR_14_DAY_REPEAT_CALL_CNT] AS [AICR_CUST_14_DAY_REPEAT_CALL_CNT],
custCall.[AICR_15_DAY_REPEAT_CALL_CNT] AS [AICR_CUST_15_DAY_REPEAT_CALL_CNT],
custCall.[AICR_30_DAY_REPEAT_CALL_CNT] AS [AICR_CUST_30_DAY_REPEAT_CALL_CNT],
custCall.[AICR_60_DAY_REPEAT_CALL_CNT] AS [AICR_CUST_60_DAY_REPEAT_CALL_CNT],
custCall.[AICR_90_DAY_REPEAT_CALL_CNT] AS [AICR_CUST_90_DAY_REPEAT_CALL_CNT],

CAST(NULL AS INT) AS [AICR_CUST_1_HR_REPEAT_CHAT_CNT],
CAST(NULL AS INT)  AS [AICR_CUST_2_HR_REPEAT_CHAT_CNT],
CAST(NULL AS INT)  AS [AICR_CUST_1_DAY_REPEAT_CHAT_CNT],
CAST(NULL AS INT)  AS [AICR_CUST_2_DAY_REPEAT_CHAT_CNT],
CAST(NULL AS INT)  AS [AICR_CUST_7_DAY_REPEAT_CHAT_CNT],
CAST(NULL AS INT)  AS [AICR_CUST_14_DAY_REPEAT_CHAT_CNT],
CAST(NULL AS INT)  AS [AICR_CUST_15_DAY_REPEAT_CHAT_CNT],
CAST(NULL AS INT)  AS [AICR_CUST_30_DAY_REPEAT_CHAT_CNT],
CAST(NULL AS INT)  AS [AICR_CUST_60_DAY_REPEAT_CHAT_CNT],
CAST(NULL AS INT)  AS [AICR_CUST_90_DAY_REPEAT_CHAT_CNT],


custContact.[AICR_1_HR_REPEAT_CALL_CNT] AS [AICR_CUST_1_HR_REPEAT_CONTACT_CNT],
custContact.[AICR_2_HR_REPEAT_CALL_CNT] AS [AICR_CUST_2_HR_REPEAT_CONTACT_CNT],
custContact.[AICR_1_DAY_REPEAT_CALL_CNT] AS [AICR_CUST_1_DAY_REPEAT_CONTACT_CNT],
custContact.[AICR_2_DAY_REPEAT_CALL_CNT] AS [AICR_CUST_2_DAY_REPEAT_CONTACT_CNT],
custContact.[AICR_7_DAY_REPEAT_CALL_CNT] AS [AICR_CUST_7_DAY_REPEAT_CONTACT_CNT],
custContact.[AICR_14_DAY_REPEAT_CALL_CNT] AS [AICR_CUST_14_DAY_REPEAT_CONTACT_CNT],
custContact.[AICR_15_DAY_REPEAT_CALL_CNT] AS [AICR_CUST_15_DAY_REPEAT_CONTACT_CNT],
custContact.[AICR_30_DAY_REPEAT_CALL_CNT] AS [AICR_CUST_30_DAY_REPEAT_CONTACT_CNT],
custContact.[AICR_60_DAY_REPEAT_CALL_CNT] AS [AICR_CUST_60_DAY_REPEAT_CONTACT_CNT],
custContact.[AICR_90_DAY_REPEAT_CALL_CNT] AS [AICR_CUST_90_DAY_REPEAT_CONTACT_CNT],

iqCall.[AICR_1_HR_REPEAT_CALL_CNT] AS [AICR_IQUEUE_1_HR_REPEAT_CALL_CNT],
iqCall.[AICR_2_HR_REPEAT_CALL_CNT] AS [AICR_IQUEUE_2_HR_REPEAT_CALL_CNT],
iqCall.[AICR_1_DAY_REPEAT_CALL_CNT] AS [AICR_IQUEUE_1_DAY_REPEAT_CALL_CNT],
iqCall.[AICR_2_DAY_REPEAT_CALL_CNT] AS [AICR_IQUEUE_2_DAY_REPEAT_CALL_CNT],
iqCall.[AICR_7_DAY_REPEAT_CALL_CNT] AS [AICR_IQUEUE_7_DAY_REPEAT_CALL_CNT],
iqCall.[AICR_14_DAY_REPEAT_CALL_CNT] AS [AICR_IQUEUE_14_DAY_REPEAT_CALL_CNT],
iqCall.[AICR_15_DAY_REPEAT_CALL_CNT] AS [AICR_IQUEUE_15_DAY_REPEAT_CALL_CNT],
iqCall.[AICR_30_DAY_REPEAT_CALL_CNT] AS [AICR_IQUEUE_30_DAY_REPEAT_CALL_CNT],
iqCall.[AICR_60_DAY_REPEAT_CALL_CNT] AS [AICR_IQUEUE_60_DAY_REPEAT_CALL_CNT],
iqCall.[AICR_90_DAY_REPEAT_CALL_CNT] AS [AICR_IQUEUE_90_DAY_REPEAT_CALL_CNT],

CAST(NULL AS INT) AS [AICR_IQUEUE_1_HR_REPEAT_CHAT_CNT],
CAST(NULL AS INT) AS [AICR_IQUEUE_2_HR_REPEAT_CHAT_CNT],
CAST(NULL AS INT) AS [AICR_IQUEUE_1_DAY_REPEAT_CHAT_CNT],
CAST(NULL AS INT) AS [AICR_IQUEUE_2_DAY_REPEAT_CHAT_CNT],
CAST(NULL AS INT) AS [AICR_IQUEUE_7_DAY_REPEAT_CHAT_CNT],
CAST(NULL AS INT) AS [AICR_IQUEUE_14_DAY_REPEAT_CHAT_CNT],
CAST(NULL AS INT) AS [AICR_IQUEUE_15_DAY_REPEAT_CHAT_CNT],
CAST(NULL AS INT) AS [AICR_IQUEUE_30_DAY_REPEAT_CHAT_CNT],
CAST(NULL AS INT) AS [AICR_IQUEUE_60_DAY_REPEAT_CHAT_CNT],
CAST(NULL AS INT) AS [AICR_IQUEUE_90_DAY_REPEAT_CHAT_CNT],

iqContact.[AICR_1_HR_REPEAT_CALL_CNT] AS [AICR_IQUEUE_1_HR_REPEAT_CONTACT_CNT],
iqContact.[AICR_2_HR_REPEAT_CALL_CNT] AS [AICR_IQUEUE_2_HR_REPEAT_CONTACT_CNT],
iqContact.[AICR_1_DAY_REPEAT_CALL_CNT] AS [AICR_IQUEUE_1_DAY_REPEAT_CONTACT_CNT],
iqContact.[AICR_2_DAY_REPEAT_CALL_CNT] AS [AICR_IQUEUE_2_DAY_REPEAT_CONTACT_CNT],
iqContact.[AICR_7_DAY_REPEAT_CALL_CNT] AS [AICR_IQUEUE_7_DAY_REPEAT_CONTACT_CNT],
iqContact.[AICR_14_DAY_REPEAT_CALL_CNT] AS [AICR_IQUEUE_14_DAY_REPEAT_CONTACT_CNT],
iqContact.[AICR_15_DAY_REPEAT_CALL_CNT] AS [AICR_IQUEUE_15_DAY_REPEAT_CONTACT_CNT],
iqContact.[AICR_30_DAY_REPEAT_CALL_CNT] AS [AICR_IQUEUE_30_DAY_REPEAT_CONTACT_CNT],
iqContact.[AICR_60_DAY_REPEAT_CALL_CNT] AS [AICR_IQUEUE_60_DAY_REPEAT_CONTACT_CNT],
iqContact.[AICR_90_DAY_REPEAT_CALL_CNT] AS [AICR_IQUEUE_90_DAY_REPEAT_CONTACT_CNT],

ctyp.[AICR_1_HR_REPEAT_CALL_CNT] AS [AICR_CTYP_1_HR_REPEAT_CALL_CNT],
ctyp.[AICR_2_HR_REPEAT_CALL_CNT] AS [AICR_CTYP_2_HR_REPEAT_CALL_CNT],
ctyp.[AICR_1_DAY_REPEAT_CALL_CNT] AS [AICR_CTYP_1_DAY_REPEAT_CALL_CNT],
ctyp.[AICR_2_DAY_REPEAT_CALL_CNT] AS [AICR_CTYP_2_DAY_REPEAT_CALL_CNT],
ctyp.[AICR_7_DAY_REPEAT_CALL_CNT] AS [AICR_CTYP_7_DAY_REPEAT_CALL_CNT],
ctyp.[AICR_14_DAY_REPEAT_CALL_CNT] AS [AICR_CTYP_14_DAY_REPEAT_CALL_CNT],
ctyp.[AICR_15_DAY_REPEAT_CALL_CNT] AS [AICR_CTYP_15_DAY_REPEAT_CALL_CNT],
ctyp.[AICR_30_DAY_REPEAT_CALL_CNT] AS [AICR_CTYP_30_DAY_REPEAT_CALL_CNT],
ctyp.[AICR_60_DAY_REPEAT_CALL_CNT] AS [AICR_CTYP_60_DAY_REPEAT_CALL_CNT],
ctyp.[AICR_90_DAY_REPEAT_CALL_CNT] AS [AICR_CTYP_90_DAY_REPEAT_CALL_CNT],

CAST(NULL AS INT) AS [AICR_ITYP_1_HR_REPEAT_CHAT_CNT],
CAST(NULL AS INT) AS[AICR_ITYP_2_HR_REPEAT_CHAT_CNT],
CAST(NULL AS INT) AS [AICR_ITYP_1_DAY_REPEAT_CHAT_CNT],
CAST(NULL AS INT) AS [AICR_ITYP_2_DAY_REPEAT_CHAT_CNT],
CAST(NULL AS INT) AS [AICR_ITYP_7_DAY_REPEAT_CHAT_CNT],
CAST(NULL AS INT) AS [AICR_ITYP_14_DAY_REPEAT_CHAT_CNT],
CAST(NULL AS INT) AS [AICR_ITYP_15_DAY_REPEAT_CHAT_CNT],
CAST(NULL AS INT) AS [AICR_ITYP_30_DAY_REPEAT_CHAT_CNT],
CAST(NULL AS INT) AS [AICR_ITYP_60_DAY_REPEAT_CHAT_CNT],
CAST(NULL AS INT) AS [AICR_ITYP_90_DAY_REPEAT_CHAT_CNT],


ctyp.[AICR_1_HR_REPEAT_CALL_CNT] AS [AICR_ITYP_1_HR_REPEAT_CONTACT_CNT],
ctyp.[AICR_2_HR_REPEAT_CALL_CNT] AS [AICR_ITYP_2_HR_REPEAT_CONTACT_CNT],
ctyp.[AICR_1_DAY_REPEAT_CALL_CNT] AS [AICR_ITYP_1_DAY_REPEAT_CONTACT_CNT],
ctyp.[AICR_2_DAY_REPEAT_CALL_CNT] AS [AICR_ITYP_2_DAY_REPEAT_CONTACT_CNT],
ctyp.[AICR_7_DAY_REPEAT_CALL_CNT] AS [AICR_ITYP_7_DAY_REPEAT_CONTACT_CNT],
ctyp.[AICR_14_DAY_REPEAT_CALL_CNT] AS [AICR_ITYP_14_DAY_REPEAT_CONTACT_CNT],
ctyp.[AICR_15_DAY_REPEAT_CALL_CNT] AS [AICR_ITYP_15_DAY_REPEAT_CONTACT_CNT],
ctyp.[AICR_30_DAY_REPEAT_CALL_CNT] AS [AICR_ITYP_30_DAY_REPEAT_CONTACT_CNT],
ctyp.[AICR_60_DAY_REPEAT_CALL_CNT] AS [AICR_ITYP_60_DAY_REPEAT_CONTACT_CNT],
ctyp.[AICR_90_DAY_REPEAT_CALL_CNT] AS [AICR_ITYP_90_DAY_REPEAT_CONTACT_CNT],

iqlobContact.[AICR_7_DAY_REPEAT_CALL_CNT] AS [AICR_IQUEUE_LOB_7_DAY_REPEAT_CONTACT_CNT], --Added by SS on 1/7/2022
iqlobContact.[AICR_30_DAY_REPEAT_CALL_CNT] AS [AICR_IQUEUE_LOB_30_DAY_REPEAT_CONTACT_CNT], --Added by SS on 1/7/2022

custDigitalContact.[AICR_7_DAY_REPEAT_CALL_CNT] AS AICR_VCS_CUST_7_DAY_REPEAT_CONTACT_CNT, /*Added by SS on 3/8/2022*/
iqDigitalContact.[AICR_7_DAY_REPEAT_CALL_CNT] AS AICR_VCS_IQUEUE_7_DAY_REPEAT_CONTACT_CNT, /*Added by SS on 3/8/2022*/
AICR_VCS_CUST_CONTACT_RECEIVED_CNT,  /*Added by SS on 3/8/2022*/
AICR_VCS_IQUEUE_CONTACT_RECEIVED_CNT /*Added by SS on 3/8/2022*/

  FROM [NRDP_DM].[dbo].[FACT_CALL_DETAIL] c left join 
  [dbo].[DIM_AICR_REPEAT_MATRIX] custCall
  on c.[AICR_CUST_REPEAT_CALL_GROUP_IND] = custCall.[REPEAT_GROUP_IND] left join 
  [dbo].[DIM_AICR_REPEAT_MATRIX] custContact
  on c.[AICR_CUST_REPEAT_CONTACT_GROUP_IND] = custContact.[REPEAT_GROUP_IND] left join 
  [dbo].[DIM_AICR_REPEAT_MATRIX] iqCall
  on c.[AICR_IQUEUE_REPEAT_CALL_GROUP_IND] = iqCall.[REPEAT_GROUP_IND] left join 
  [dbo].[DIM_AICR_REPEAT_MATRIX] iqContact
  on c.[AICR_IQUEUE_REPEAT_CONTACT_GROUP_IND] = iqContact.[REPEAT_GROUP_IND]  left join 
  [dbo].[DIM_AICR_REPEAT_MATRIX] ctyp
  on c.[AICR_ITYP_REPEAT_CONTACT_GROUP_IND] = ctyp.[REPEAT_GROUP_IND]   left join 
  [dbo].[DIM_AICR_REPEAT_MATRIX] iqlobContact --Added by SS ON 1/7/2022
  on c.[AICR_IQUEUE_LOB_REPEAT_CONTACT_GROUP_IND] = iqlobContact.[REPEAT_GROUP_IND] left join
  [dbo].[DIM_AICR_REPEAT_MATRIX] custDigitalContact
  on C.[AICR_VCS_CUST_REPEAT_DIGITAL_GROUP_IND] = custDigitalContact.[REPEAT_GROUP_IND]  left join
  [dbo].[DIM_AICR_REPEAT_MATRIX] iqDigitalContact
  on c.[AICR_VCS_IQUEUE_REPEAT_DIGITAL_GROUP_IND] = iqDigitalContact.[REPEAT_GROUP_IND]
  WHERE [AICR_CUST_CONTACT_RECEIVED_CNT] =1 
 
 UNION ALL

 SELECT  [FISCAL_PERIOD_INT],
[METRIC_SOURCE],
[CALENDAR_DATE],
[METRIC_SOURCE_KEY],
[DATEKEY],
[CUSTOMER_ACCOUNT_ID],
[CUSTOMER_ACCOUNT_KEY],
[CUBE_CUSTOMER_ACCOUNT_KEY],
[PERNR_NUM],
[NRDP_AGENT_FISCAL_PERIOD_ID],
[NRDP_CALL_ATTRIBUTE_ID],
[NRDP_CLV_ATTRIBUTE_ID],
[TRANSFER_ORIGIN_AGENT_ID],
[TRANSFER_ORIGIN_IACT_ID],
[TENURE_ID],
[BASE_RGU_PROFILE_ID],
[SENTIMENT_QA_ID],
[NRDP_CUST_MAP_ID],
[OUTCOME_DATE],
[NBX_M2M_ID],
[AGENT_INTERACTION_ORDER_ID],
[AICR_CUST_CONTACT_RECEIVED_CNT],
CAST(NULL AS INT) AS [AICR_CUST_CALL_RECEIVED_CNT],
[AICR_CUST_CONTACT_RECEIVED_CNT] AS [AICR_CUST_CHAT_RECEIVED_CNT],

CAST(NULL AS INT) AS [AICR_CUST_1_HR_REPEAT_CALL_CNT],
CAST(NULL AS INT)  AS [AICR_CUST_2_HR_REPEAT_CALL_CNT],
CAST(NULL AS INT)  AS [AICR_CUST_1_DAY_REPEAT_CALL_CNT],
CAST(NULL AS INT)  AS [AICR_CUST_2_DAY_REPEAT_CALL_CNT],
CAST(NULL AS INT)  AS [AICR_CUST_7_DAY_REPEAT_CALL_CNT],
CAST(NULL AS INT)  AS [AICR_CUST_14_DAY_REPEAT_CALL_CNT],
CAST(NULL AS INT)  AS [AICR_CUST_15_DAY_REPEAT_CALL_CNT],
CAST(NULL AS INT)  AS [AICR_CUST_30_DAY_REPEAT_CALL_CNT],
CAST(NULL AS INT)  AS [AICR_CUST_60_DAY_REPEAT_CALL_CNT],
CAST(NULL AS INT)  AS [AICR_CUST_90_DAY_REPEAT_CALL_CNT],


custChat.[AICR_1_HR_REPEAT_CALL_CNT] AS [AICR_CUST_1_HR_REPEAT_CHAT_CNT],
custChat.[AICR_2_HR_REPEAT_CALL_CNT] AS [AICR_CUST_2_HR_REPEAT_CHAT_CNT],
custChat.[AICR_1_DAY_REPEAT_CALL_CNT] AS [AICR_CUST_1_DAY_REPEAT_CHAT_CNT],
custChat.[AICR_2_DAY_REPEAT_CALL_CNT] AS [AICR_CUST_2_DAY_REPEAT_CHAT_CNT],
custChat.[AICR_7_DAY_REPEAT_CALL_CNT] AS [AICR_CUST_7_DAY_REPEAT_CHAT_CNT],
custChat.[AICR_14_DAY_REPEAT_CALL_CNT] AS [AICR_CUST_14_DAY_REPEAT_CHAT_CNT],
custChat.[AICR_15_DAY_REPEAT_CALL_CNT] AS [AICR_CUST_15_DAY_REPEAT_CHAT_CNT],
custChat.[AICR_30_DAY_REPEAT_CALL_CNT] AS [AICR_CUST_30_DAY_REPEAT_CHAT_CNT],
custChat.[AICR_60_DAY_REPEAT_CALL_CNT] AS [AICR_CUST_60_DAY_REPEAT_CHAT_CNT],
custChat.[AICR_90_DAY_REPEAT_CALL_CNT] AS [AICR_CUST_90_DAY_REPEAT_CHAT_CNT],



custContact.[AICR_1_HR_REPEAT_CALL_CNT] AS [AICR_CUST_1_HR_REPEAT_CONTACT_CNT],
custContact.[AICR_2_HR_REPEAT_CALL_CNT] AS [AICR_CUST_2_HR_REPEAT_CONTACT_CNT],
custContact.[AICR_1_DAY_REPEAT_CALL_CNT] AS [AICR_CUST_1_DAY_REPEAT_CONTACT_CNT],
custContact.[AICR_2_DAY_REPEAT_CALL_CNT] AS [AICR_CUST_2_DAY_REPEAT_CONTACT_CNT],
custContact.[AICR_7_DAY_REPEAT_CALL_CNT] AS [AICR_CUST_7_DAY_REPEAT_CONTACT_CNT],
custContact.[AICR_14_DAY_REPEAT_CALL_CNT] AS [AICR_CUST_14_DAY_REPEAT_CONTACT_CNT],
custContact.[AICR_15_DAY_REPEAT_CALL_CNT] AS [AICR_CUST_15_DAY_REPEAT_CONTACT_CNT],
custContact.[AICR_30_DAY_REPEAT_CALL_CNT] AS [AICR_CUST_30_DAY_REPEAT_CONTACT_CNT],
custContact.[AICR_60_DAY_REPEAT_CALL_CNT] AS [AICR_CUST_60_DAY_REPEAT_CONTACT_CNT],
custContact.[AICR_90_DAY_REPEAT_CALL_CNT] AS [AICR_CUST_90_DAY_REPEAT_CONTACT_CNT],

CAST(NULL AS INT) AS [AICR_IQUEUE_1_HR_REPEAT_CALL_CNT],
CAST(NULL AS INT) AS [AICR_IQUEUE_2_HR_REPEAT_CALL_CNT],
CAST(NULL AS INT) AS [AICR_IQUEUE_1_DAY_REPEAT_CALL_CNT],
CAST(NULL AS INT) AS [AICR_IQUEUE_2_DAY_REPEAT_CALL_CNT],
CAST(NULL AS INT) AS [AICR_IQUEUE_7_DAY_REPEAT_CALL_CNT],
CAST(NULL AS INT) AS [AICR_IQUEUE_14_DAY_REPEAT_CALL_CNT],
CAST(NULL AS INT) AS [AICR_IQUEUE_15_DAY_REPEAT_CALL_CNT],
CAST(NULL AS INT) AS [AICR_IQUEUE_30_DAY_REPEAT_CALL_CNT],
CAST(NULL AS INT) AS [AICR_IQUEUE_60_DAY_REPEAT_CALL_CNT],
CAST(NULL AS INT) AS [AICR_IQUEUE_90_DAY_REPEAT_CALL_CNT],


iqChat.[AICR_1_HR_REPEAT_CALL_CNT] AS [AICR_IQUEUE_1_HR_REPEAT_CHAT_CNT],
iqChat.[AICR_2_HR_REPEAT_CALL_CNT] AS [AICR_IQUEUE_2_HR_REPEAT_CHAT_CNT],
iqChat.[AICR_1_DAY_REPEAT_CALL_CNT] AS [AICR_IQUEUE_1_DAY_REPEAT_CHAT_CNT],
iqChat.[AICR_2_DAY_REPEAT_CALL_CNT] AS [AICR_IQUEUE_2_DAY_REPEAT_CHAT_CNT],
iqChat.[AICR_7_DAY_REPEAT_CALL_CNT] AS [AICR_IQUEUE_7_DAY_REPEAT_CHAT_CNT],
iqChat.[AICR_14_DAY_REPEAT_CALL_CNT] AS [AICR_IQUEUE_14_DAY_REPEAT_CHAT_CNT],
iqChat.[AICR_15_DAY_REPEAT_CALL_CNT] AS [AICR_IQUEUE_15_DAY_REPEAT_CHAT_CNT],
iqChat.[AICR_30_DAY_REPEAT_CALL_CNT] AS [AICR_IQUEUE_30_DAY_REPEAT_CHAT_CNT],
iqChat.[AICR_60_DAY_REPEAT_CALL_CNT] AS [AICR_IQUEUE_60_DAY_REPEAT_CHAT_CNT],
iqChat.[AICR_90_DAY_REPEAT_CALL_CNT] AS [AICR_IQUEUE_90_DAY_REPEAT_CHAT_CNT],

iqContact.[AICR_1_HR_REPEAT_CALL_CNT] AS [AICR_IQUEUE_1_HR_REPEAT_CONTACT_CNT],
iqContact.[AICR_2_HR_REPEAT_CALL_CNT] AS [AICR_IQUEUE_2_HR_REPEAT_CONTACT_CNT],
iqContact.[AICR_1_DAY_REPEAT_CALL_CNT] AS [AICR_IQUEUE_1_DAY_REPEAT_CONTACT_CNT],
iqContact.[AICR_2_DAY_REPEAT_CALL_CNT] AS [AICR_IQUEUE_2_DAY_REPEAT_CONTACT_CNT],
iqContact.[AICR_7_DAY_REPEAT_CALL_CNT] AS [AICR_IQUEUE_7_DAY_REPEAT_CONTACT_CNT],
iqContact.[AICR_14_DAY_REPEAT_CALL_CNT] AS [AICR_IQUEUE_14_DAY_REPEAT_CONTACT_CNT],
iqContact.[AICR_15_DAY_REPEAT_CALL_CNT] AS [AICR_IQUEUE_15_DAY_REPEAT_CONTACT_CNT],
iqContact.[AICR_30_DAY_REPEAT_CALL_CNT] AS [AICR_IQUEUE_30_DAY_REPEAT_CONTACT_CNT],
iqContact.[AICR_60_DAY_REPEAT_CALL_CNT] AS [AICR_IQUEUE_60_DAY_REPEAT_CONTACT_CNT],
iqContact.[AICR_90_DAY_REPEAT_CALL_CNT] AS [AICR_IQUEUE_90_DAY_REPEAT_CONTACT_CNT],


CAST(NULL AS INT) AS [AICR_CTYP_1_HR_REPEAT_CALL_CNT],
CAST(NULL AS INT) AS[AICR_CTYP_2_HR_REPEAT_CALL_CNT],
CAST(NULL AS INT) AS [AICR_CTYP_1_DAY_REPEAT_CALL_CNT],
CAST(NULL AS INT) AS [AICR_CTYP_2_DAY_REPEAT_CALL_CNT],
CAST(NULL AS INT) AS [AICR_CTYP_7_DAY_REPEAT_CALL_CNT],
CAST(NULL AS INT) AS [AICR_CTYP_14_DAY_REPEAT_CALL_CNT],
CAST(NULL AS INT) AS [AICR_CTYP_15_DAY_REPEAT_CALL_CNT],
CAST(NULL AS INT) AS [AICR_CTYP_30_DAY_REPEAT_CALL_CNT],
CAST(NULL AS INT) AS [AICR_CTYP_60_DAY_REPEAT_CALL_CNT],
CAST(NULL AS INT) AS [AICR_CTYP_90_DAY_REPEAT_CALL_CNT],

ityp.[AICR_1_HR_REPEAT_CALL_CNT] AS [AICR_ITYP_1_HR_REPEAT_CHAT_CNT],
ityp.[AICR_2_HR_REPEAT_CALL_CNT] AS [AICR_ITYP_2_HR_REPEAT_CHAT_CNT],
ityp.[AICR_1_DAY_REPEAT_CALL_CNT] AS [AICR_ITYP_1_DAY_REPEAT_CHAT_CNT],
ityp.[AICR_2_DAY_REPEAT_CALL_CNT] AS [AICR_ITYP_2_DAY_REPEAT_CHAT_CNT],
ityp.[AICR_7_DAY_REPEAT_CALL_CNT] AS [AICR_ITYP_7_DAY_REPEAT_CHAT_CNT],
ityp.[AICR_14_DAY_REPEAT_CALL_CNT] AS [AICR_ITYP_14_DAY_REPEAT_CHAT_CNT],
ityp.[AICR_15_DAY_REPEAT_CALL_CNT] AS [AICR_ITYP_15_DAY_REPEAT_CHAT_CNT],
ityp.[AICR_30_DAY_REPEAT_CALL_CNT] AS [AICR_ITYP_30_DAY_REPEAT_CHAT_CNT],
ityp.[AICR_60_DAY_REPEAT_CALL_CNT] AS [AICR_ITYP_60_DAY_REPEAT_CHAT_CNT],
ityp.[AICR_90_DAY_REPEAT_CALL_CNT] AS [AICR_ITYP_90_DAY_REPEAT_CHAT_CNT],

ityp.[AICR_1_HR_REPEAT_CALL_CNT] AS [AICR_ITYP_1_HR_REPEAT_CONTACT_CNT],
ityp.[AICR_2_HR_REPEAT_CALL_CNT] AS [AICR_ITYP_2_HR_REPEAT_CONTACT_CNT],
ityp.[AICR_1_DAY_REPEAT_CALL_CNT] AS [AICR_ITYP_1_DAY_REPEAT_CONTACT_CNT],
ityp.[AICR_2_DAY_REPEAT_CALL_CNT] AS [AICR_ITYP_2_DAY_REPEAT_CONTACT_CNT],
ityp.[AICR_7_DAY_REPEAT_CALL_CNT] AS [AICR_ITYP_7_DAY_REPEAT_CONTACT_CNT],
ityp.[AICR_14_DAY_REPEAT_CALL_CNT] AS [AICR_ITYP_14_DAY_REPEAT_CONTACT_CNT],
ityp.[AICR_15_DAY_REPEAT_CALL_CNT] AS [AICR_ITYP_15_DAY_REPEAT_CONTACT_CNT],
ityp.[AICR_30_DAY_REPEAT_CALL_CNT] AS [AICR_ITYP_30_DAY_REPEAT_CONTACT_CNT],
ityp.[AICR_60_DAY_REPEAT_CALL_CNT] AS [AICR_ITYP_60_DAY_REPEAT_CONTACT_CNT],
ityp.[AICR_90_DAY_REPEAT_CALL_CNT] AS [AICR_ITYP_90_DAY_REPEAT_CONTACT_CNT],

iqlobContact.[AICR_7_DAY_REPEAT_CALL_CNT] AS [AICR_IQUEUE_LOB_7_DAY_REPEAT_CONTACT_CNT], --Added by SS on 1/7/2022
iqlobContact.[AICR_30_DAY_REPEAT_CALL_CNT] AS [AICR_IQUEUE_LOB_30_DAY_REPEAT_CONTACT_CNT], --Added by SS on 1/7/2022

custDigitalContact.[AICR_7_DAY_REPEAT_CALL_CNT] AS AICR_VCS_CUST_7_DAY_REPEAT_CONTACT_CNT, /*Added by SS on 3/8/2022*/
iqDigitalContact.[AICR_7_DAY_REPEAT_CALL_CNT] AS AICR_VCS_IQUEUE_7_DAY_REPEAT_CONTACT_CNT, /*Added by SS on 3/8/2022*/
AICR_VCS_CUST_CONTACT_RECEIVED_CNT,  /*Added by SS on 3/8/2022*/
AICR_VCS_IQUEUE_CONTACT_RECEIVED_CNT /*Added by SS on 3/8/2022*/

  FROM [NRDP_DM].[dbo].[FACT_CHAT_DETAIL] c left join 
  [dbo].[DIM_AICR_REPEAT_MATRIX] custChat
  on c.[AICR_CUST_REPEAT_CHAT_GROUP_IND] = custChat.[REPEAT_GROUP_IND] left join 
  [dbo].[DIM_AICR_REPEAT_MATRIX] custContact
  on c.[AICR_CUST_REPEAT_CONTACT_GROUP_IND] = custContact.[REPEAT_GROUP_IND] left join 
  [dbo].[DIM_AICR_REPEAT_MATRIX] iqChat
  on c.[AICR_IQUEUE_REPEAT_CHAT_GROUP_IND] = iqChat.[REPEAT_GROUP_IND] left join 
  [dbo].[DIM_AICR_REPEAT_MATRIX] iqContact
  on c.[AICR_IQUEUE_REPEAT_CONTACT_GROUP_IND] = iqContact.[REPEAT_GROUP_IND]  left join 
  [dbo].[DIM_AICR_REPEAT_MATRIX] ityp
  on c.[AICR_ITYP_REPEAT_CONTACT_GROUP_IND] = ityp.[REPEAT_GROUP_IND]   left join 
  [dbo].[DIM_AICR_REPEAT_MATRIX] iqlobContact --Added by SS ON 1/7/2022
  on c.[AICR_IQUEUE_LOB_REPEAT_CONTACT_GROUP_IND] = iqlobContact.[REPEAT_GROUP_IND] left join
  [dbo].[DIM_AICR_REPEAT_MATRIX] custDigitalContact
  on C.[AICR_VCS_CUST_REPEAT_DIGITAL_GROUP_IND] = custDigitalContact.[REPEAT_GROUP_IND]  left join
  [dbo].[DIM_AICR_REPEAT_MATRIX] iqDigitalContact
  on c.[AICR_VCS_IQUEUE_REPEAT_DIGITAL_GROUP_IND] = iqDigitalContact.[REPEAT_GROUP_IND]
  WHERE [AICR_CUST_CONTACT_RECEIVED_CNT] =1 



   UNION ALL

 SELECT  [FISCAL_PERIOD_INT],
[METRIC_SOURCE],
[CALENDAR_DATE],
[METRIC_SOURCE_KEY],
[DATEKEY],
[CUSTOMER_ACCOUNT_ID],
[CUSTOMER_ACCOUNT_KEY],
[CUBE_CUSTOMER_ACCOUNT_KEY],
[PERNR_NUM],
[NRDP_AGENT_FISCAL_PERIOD_ID],
[NRDP_CALL_ATTRIBUTE_ID],
[NRDP_CLV_ATTRIBUTE_ID],
[TRANSFER_ORIGIN_AGENT_ID],
[TRANSFER_ORIGIN_IACT_ID],
[TENURE_ID],
[BASE_RGU_PROFILE_ID],
[SENTIMENT_QA_ID],
[NRDP_CUST_MAP_ID],
[OUTCOME_DATE],
[NBX_M2M_ID],
[AGENT_INTERACTION_ORDER_ID],
CAST(NULL AS INT) [AICR_CUST_CONTACT_RECEIVED_CNT],
CAST(NULL AS INT) AS [AICR_CUST_CALL_RECEIVED_CNT],
CAST(NULL AS INT)  AS [AICR_CUST_CHAT_RECEIVED_CNT],  --- already pulled value in Chat or Call

custCall.[AICR_1_HR_REPEAT_CALL_CNT] AS [AICR_CUST_1_HR_REPEAT_CALL_CNT],
custCall.[AICR_2_HR_REPEAT_CALL_CNT] AS [AICR_CUST_2_HR_REPEAT_CALL_CNT],
custCall.[AICR_1_DAY_REPEAT_CALL_CNT] AS [AICR_CUST_1_DAY_REPEAT_CALL_CNT],
custCall.[AICR_2_DAY_REPEAT_CALL_CNT] AS [AICR_CUST_2_DAY_REPEAT_CALL_CNT],
custCall.[AICR_7_DAY_REPEAT_CALL_CNT] AS [AICR_CUST_7_DAY_REPEAT_CALL_CNT],
custCall.[AICR_14_DAY_REPEAT_CALL_CNT] AS [AICR_CUST_14_DAY_REPEAT_CALL_CNT],
custCall.[AICR_15_DAY_REPEAT_CALL_CNT] AS [AICR_CUST_15_DAY_REPEAT_CALL_CNT],
custCall.[AICR_30_DAY_REPEAT_CALL_CNT] AS [AICR_CUST_30_DAY_REPEAT_CALL_CNT],
custCall.[AICR_60_DAY_REPEAT_CALL_CNT] AS [AICR_CUST_60_DAY_REPEAT_CALL_CNT],
custCall.[AICR_90_DAY_REPEAT_CALL_CNT] AS [AICR_CUST_90_DAY_REPEAT_CALL_CNT],


custChat.[AICR_1_HR_REPEAT_CALL_CNT] AS [AICR_CUST_1_HR_REPEAT_CHAT_CNT],
custChat.[AICR_2_HR_REPEAT_CALL_CNT] AS [AICR_CUST_2_HR_REPEAT_CHAT_CNT],
custChat.[AICR_1_DAY_REPEAT_CALL_CNT] AS [AICR_CUST_1_DAY_REPEAT_CHAT_CNT],
custChat.[AICR_2_DAY_REPEAT_CALL_CNT] AS [AICR_CUST_2_DAY_REPEAT_CHAT_CNT],
custChat.[AICR_7_DAY_REPEAT_CALL_CNT] AS [AICR_CUST_7_DAY_REPEAT_CHAT_CNT],
custChat.[AICR_14_DAY_REPEAT_CALL_CNT] AS [AICR_CUST_14_DAY_REPEAT_CHAT_CNT],
custChat.[AICR_15_DAY_REPEAT_CALL_CNT] AS [AICR_CUST_15_DAY_REPEAT_CHAT_CNT],
custChat.[AICR_30_DAY_REPEAT_CALL_CNT] AS [AICR_CUST_30_DAY_REPEAT_CHAT_CNT],
custChat.[AICR_60_DAY_REPEAT_CALL_CNT] AS [AICR_CUST_60_DAY_REPEAT_CHAT_CNT],
custChat.[AICR_90_DAY_REPEAT_CALL_CNT] AS [AICR_CUST_90_DAY_REPEAT_CHAT_CNT],



custContact.[AICR_1_HR_REPEAT_CALL_CNT] AS [AICR_CUST_1_HR_REPEAT_CONTACT_CNT],
custContact.[AICR_2_HR_REPEAT_CALL_CNT] AS [AICR_CUST_2_HR_REPEAT_CONTACT_CNT],
custContact.[AICR_1_DAY_REPEAT_CALL_CNT] AS [AICR_CUST_1_DAY_REPEAT_CONTACT_CNT],
custContact.[AICR_2_DAY_REPEAT_CALL_CNT] AS [AICR_CUST_2_DAY_REPEAT_CONTACT_CNT],
custContact.[AICR_7_DAY_REPEAT_CALL_CNT] AS [AICR_CUST_7_DAY_REPEAT_CONTACT_CNT],
custContact.[AICR_14_DAY_REPEAT_CALL_CNT] AS [AICR_CUST_14_DAY_REPEAT_CONTACT_CNT],
custContact.[AICR_15_DAY_REPEAT_CALL_CNT] AS [AICR_CUST_15_DAY_REPEAT_CONTACT_CNT],
custContact.[AICR_30_DAY_REPEAT_CALL_CNT] AS [AICR_CUST_30_DAY_REPEAT_CONTACT_CNT],
custContact.[AICR_60_DAY_REPEAT_CALL_CNT] AS [AICR_CUST_60_DAY_REPEAT_CONTACT_CNT],
custContact.[AICR_90_DAY_REPEAT_CALL_CNT] AS [AICR_CUST_90_DAY_REPEAT_CONTACT_CNT],

iqCall.[AICR_1_HR_REPEAT_CALL_CNT] AS [AICR_IQUEUE_1_HR_REPEAT_CALL_CNT],
iqCall.[AICR_2_HR_REPEAT_CALL_CNT] AS [AICR_IQUEUE_2_HR_REPEAT_CALL_CNT],
iqCall.[AICR_1_DAY_REPEAT_CALL_CNT] AS [AICR_IQUEUE_1_DAY_REPEAT_CALL_CNT],
iqCall.[AICR_2_DAY_REPEAT_CALL_CNT] AS [AICR_IQUEUE_2_DAY_REPEAT_CALL_CNT],
iqCall.[AICR_7_DAY_REPEAT_CALL_CNT] AS [AICR_IQUEUE_7_DAY_REPEAT_CALL_CNT],
iqCall.[AICR_14_DAY_REPEAT_CALL_CNT] AS [AICR_IQUEUE_14_DAY_REPEAT_CALL_CNT],
iqCall.[AICR_15_DAY_REPEAT_CALL_CNT] AS [AICR_IQUEUE_15_DAY_REPEAT_CALL_CNT],
iqCall.[AICR_30_DAY_REPEAT_CALL_CNT] AS [AICR_IQUEUE_30_DAY_REPEAT_CALL_CNT],
iqCall.[AICR_60_DAY_REPEAT_CALL_CNT] AS [AICR_IQUEUE_60_DAY_REPEAT_CALL_CNT],
iqCall.[AICR_90_DAY_REPEAT_CALL_CNT] AS [AICR_IQUEUE_90_DAY_REPEAT_CALL_CNT],

iqChat.[AICR_1_HR_REPEAT_CALL_CNT] AS [AICR_IQUEUE_1_HR_REPEAT_CHAT_CNT],
iqChat.[AICR_2_HR_REPEAT_CALL_CNT] AS [AICR_IQUEUE_2_HR_REPEAT_CHAT_CNT],
iqChat.[AICR_1_DAY_REPEAT_CALL_CNT] AS [AICR_IQUEUE_1_DAY_REPEAT_CHAT_CNT],
iqChat.[AICR_2_DAY_REPEAT_CALL_CNT] AS [AICR_IQUEUE_2_DAY_REPEAT_CHAT_CNT],
iqChat.[AICR_7_DAY_REPEAT_CALL_CNT] AS [AICR_IQUEUE_7_DAY_REPEAT_CHAT_CNT],
iqChat.[AICR_14_DAY_REPEAT_CALL_CNT] AS [AICR_IQUEUE_14_DAY_REPEAT_CHAT_CNT],
iqChat.[AICR_15_DAY_REPEAT_CALL_CNT] AS [AICR_IQUEUE_15_DAY_REPEAT_CHAT_CNT],
iqChat.[AICR_30_DAY_REPEAT_CALL_CNT] AS [AICR_IQUEUE_30_DAY_REPEAT_CHAT_CNT],
iqChat.[AICR_60_DAY_REPEAT_CALL_CNT] AS [AICR_IQUEUE_60_DAY_REPEAT_CHAT_CNT],
iqChat.[AICR_90_DAY_REPEAT_CALL_CNT] AS [AICR_IQUEUE_90_DAY_REPEAT_CHAT_CNT],

iqContact.[AICR_1_HR_REPEAT_CALL_CNT] AS [AICR_IQUEUE_1_HR_REPEAT_CONTACT_CNT],
iqContact.[AICR_2_HR_REPEAT_CALL_CNT] AS [AICR_IQUEUE_2_HR_REPEAT_CONTACT_CNT],
iqContact.[AICR_1_DAY_REPEAT_CALL_CNT] AS [AICR_IQUEUE_1_DAY_REPEAT_CONTACT_CNT],
iqContact.[AICR_2_DAY_REPEAT_CALL_CNT] AS [AICR_IQUEUE_2_DAY_REPEAT_CONTACT_CNT],
iqContact.[AICR_7_DAY_REPEAT_CALL_CNT] AS [AICR_IQUEUE_7_DAY_REPEAT_CONTACT_CNT],
iqContact.[AICR_14_DAY_REPEAT_CALL_CNT] AS [AICR_IQUEUE_14_DAY_REPEAT_CONTACT_CNT],
iqContact.[AICR_15_DAY_REPEAT_CALL_CNT] AS [AICR_IQUEUE_15_DAY_REPEAT_CONTACT_CNT],
iqContact.[AICR_30_DAY_REPEAT_CALL_CNT] AS [AICR_IQUEUE_30_DAY_REPEAT_CONTACT_CNT],
iqContact.[AICR_60_DAY_REPEAT_CALL_CNT] AS [AICR_IQUEUE_60_DAY_REPEAT_CONTACT_CNT],
iqContact.[AICR_90_DAY_REPEAT_CALL_CNT] AS [AICR_IQUEUE_90_DAY_REPEAT_CONTACT_CNT],


ctyp.[AICR_1_HR_REPEAT_CALL_CNT] AS [AICR_CTYP_1_HR_REPEAT_CALL_CNT],
ctyp.[AICR_2_HR_REPEAT_CALL_CNT] AS [AICR_CTYP_2_HR_REPEAT_CALL_CNT],
ctyp.[AICR_1_DAY_REPEAT_CALL_CNT] AS [AICR_CTYP_1_DAY_REPEAT_CALL_CNT],
ctyp.[AICR_2_DAY_REPEAT_CALL_CNT] AS [AICR_CTYP_2_DAY_REPEAT_CALL_CNT],
ctyp.[AICR_7_DAY_REPEAT_CALL_CNT] AS [AICR_CTYP_7_DAY_REPEAT_CALL_CNT],
ctyp.[AICR_14_DAY_REPEAT_CALL_CNT] AS [AICR_CTYP_14_DAY_REPEAT_CALL_CNT],
ctyp.[AICR_15_DAY_REPEAT_CALL_CNT] AS [AICR_CTYP_15_DAY_REPEAT_CALL_CNT],
ctyp.[AICR_30_DAY_REPEAT_CALL_CNT] AS [AICR_CTYP_30_DAY_REPEAT_CALL_CNT],
ctyp.[AICR_60_DAY_REPEAT_CALL_CNT] AS [AICR_CTYP_60_DAY_REPEAT_CALL_CNT],
ctyp.[AICR_90_DAY_REPEAT_CALL_CNT] AS [AICR_CTYP_90_DAY_REPEAT_CALL_CNT],

ityp.[AICR_1_HR_REPEAT_CALL_CNT] AS [AICR_ITYP_1_HR_REPEAT_CHAT_CNT],
ityp.[AICR_2_HR_REPEAT_CALL_CNT] AS [AICR_ITYP_2_HR_REPEAT_CHAT_CNT],
ityp.[AICR_1_DAY_REPEAT_CALL_CNT] AS [AICR_ITYP_1_DAY_REPEAT_CHAT_CNT],
ityp.[AICR_2_DAY_REPEAT_CALL_CNT] AS [AICR_ITYP_2_DAY_REPEAT_CHAT_CNT],
ityp.[AICR_7_DAY_REPEAT_CALL_CNT] AS [AICR_ITYP_7_DAY_REPEAT_CHAT_CNT],
ityp.[AICR_14_DAY_REPEAT_CALL_CNT] AS [AICR_ITYP_14_DAY_REPEAT_CHAT_CNT],
ityp.[AICR_15_DAY_REPEAT_CALL_CNT] AS [AICR_ITYP_15_DAY_REPEAT_CHAT_CNT],
ityp.[AICR_30_DAY_REPEAT_CALL_CNT] AS [AICR_ITYP_30_DAY_REPEAT_CHAT_CNT],
ityp.[AICR_60_DAY_REPEAT_CALL_CNT] AS [AICR_ITYP_60_DAY_REPEAT_CHAT_CNT],
ityp.[AICR_90_DAY_REPEAT_CALL_CNT] AS [AICR_ITYP_90_DAY_REPEAT_CHAT_CNT],

ityp.[AICR_1_HR_REPEAT_CALL_CNT] AS [AICR_ITYP_1_HR_REPEAT_CONTACT_CNT],
ityp.[AICR_2_HR_REPEAT_CALL_CNT] AS [AICR_ITYP_2_HR_REPEAT_CONTACT_CNT],
ityp.[AICR_1_DAY_REPEAT_CALL_CNT] AS [AICR_ITYP_1_DAY_REPEAT_CONTACT_CNT],
ityp.[AICR_2_DAY_REPEAT_CALL_CNT] AS [AICR_ITYP_2_DAY_REPEAT_CONTACT_CNT],
ityp.[AICR_7_DAY_REPEAT_CALL_CNT] AS [AICR_ITYP_7_DAY_REPEAT_CONTACT_CNT],
ityp.[AICR_14_DAY_REPEAT_CALL_CNT] AS [AICR_ITYP_14_DAY_REPEAT_CONTACT_CNT],
ityp.[AICR_15_DAY_REPEAT_CALL_CNT] AS [AICR_ITYP_15_DAY_REPEAT_CONTACT_CNT],
ityp.[AICR_30_DAY_REPEAT_CALL_CNT] AS [AICR_ITYP_30_DAY_REPEAT_CONTACT_CNT],
ityp.[AICR_60_DAY_REPEAT_CALL_CNT] AS [AICR_ITYP_60_DAY_REPEAT_CONTACT_CNT],
ityp.[AICR_90_DAY_REPEAT_CALL_CNT] AS [AICR_ITYP_90_DAY_REPEAT_CONTACT_CNT],


CAST(NULL AS INT) AS [AICR_IQUEUE_LOB_7_DAY_REPEAT_CONTACT_CNT], --Added by SS on 1/7/2022
CAST(NULL AS INT) AS [AICR_IQUEUE_LOB_30_DAY_REPEAT_CONTACT_CNT], --Added by SS on 1/7/2022

CAST(NULL AS INT) AS AICR_VCS_CUST_7_DAY_REPEAT_CONTACT_CNT, /*Added by SS on 3/8/2022*/
CAST(NULL AS INT) AS AICR_VCS_IQUEUE_7_DAY_REPEAT_CONTACT_CNT, /*Added by SS on 3/8/2022*/
CAST(NULL AS INT) AICR_VCS_CUST_CONTACT_RECEIVED_CNT,  /*Added by SS on 3/8/2022*/
CAST(NULL AS INT) AICR_VCS_IQUEUE_CONTACT_RECEIVED_CNT /*Added by SS on 3/8/2022*/


  FROM [NRDP_DM].[dbo].[FACT_AICR_60_90] c left join 
  [dbo].[DIM_AICR_REPEAT_MATRIX] custCall
  on c.[AICR_CUST_REPEAT_CALL_GROUP_IND] = custCall.[REPEAT_GROUP_IND] left join 
  [dbo].[DIM_AICR_REPEAT_MATRIX] custChat
  on c.[AICR_CUST_REPEAT_CHAT_GROUP_IND] = custChat.[REPEAT_GROUP_IND] left join 
  [dbo].[DIM_AICR_REPEAT_MATRIX] custContact
  on c.[AICR_CUST_REPEAT_CONTACT_GROUP_IND] = custContact.[REPEAT_GROUP_IND] left join 
  [dbo].[DIM_AICR_REPEAT_MATRIX] iqCall
  on c.[AICR_IQUEUE_REPEAT_CALL_GROUP_IND] = iqCall.[REPEAT_GROUP_IND] left join 
  [dbo].[DIM_AICR_REPEAT_MATRIX] iqChat
  on c.[AICR_IQUEUE_REPEAT_CHAT_GROUP_IND] = iqChat.[REPEAT_GROUP_IND] left join 
  [dbo].[DIM_AICR_REPEAT_MATRIX] iqContact
  on c.[AICR_IQUEUE_REPEAT_CONTACT_GROUP_IND] = iqContact.[REPEAT_GROUP_IND]  left join 
  [dbo].[DIM_AICR_REPEAT_MATRIX] ctyp
  on c.[AICR_ITYP_REPEAT_CONTACT_GROUP_IND] = ctyp.[REPEAT_GROUP_IND]
  and c.METRIC_SOURCE = 1 left join 
  [dbo].[DIM_AICR_REPEAT_MATRIX] ityp
  on c.[AICR_ITYP_REPEAT_CONTACT_GROUP_IND] = ityp.[REPEAT_GROUP_IND] 
  AND C.METRIC_SOURCE = 3 



UNION ALL

-- SELECT  [FISCAL_PERIOD_INT],
--[METRIC_SOURCE],
--[CALENDAR_DATE],
--[METRIC_SOURCE_KEY],
--[DATEKEY],
--[CUSTOMER_ACCOUNT_ID],
--[CUSTOMER_ACCOUNT_KEY],
--[CUBE_CUSTOMER_ACCOUNT_KEY],
--[PERNR_NUM],
--[NRDP_AGENT_FISCAL_PERIOD_ID],
--[NRDP_CALL_ATTRIBUTE_ID],
--[NRDP_CLV_ATTRIBUTE_ID],
--[TRANSFER_ORIGIN_AGENT_ID],
--[TRANSFER_ORIGIN_IACT_ID],
--[TENURE_ID],
--[BASE_RGU_PROFILE_ID],
--[SENTIMENT_QA_ID],
--[NRDP_CUST_MAP_ID],
--NULL AS [OUTCOME_DATE],
--[NBX_M2M_ID],
--[AGENT_INTERACTION_ORDER_ID],
--CAST(NULL AS INT) AS [AICR_CUST_CONTACT_RECEIVED_CNT],
--CAST(NULL AS INT) AS [AICR_CUST_CALL_RECEIVED_CNT],
--CAST(NULL AS INT)  AS [AICR_CUST_CHAT_RECEIVED_CNT],  --- already pulled value in Chat or Call

--CAST(NULL AS INT) AS [AICR_CUST_1_HR_REPEAT_CALL_CNT],
--CAST(NULL AS INT) AS [AICR_CUST_2_HR_REPEAT_CALL_CNT],
--CAST(NULL AS INT) AS [AICR_CUST_1_DAY_REPEAT_CALL_CNT],
--CAST(NULL AS INT) AS [AICR_CUST_2_DAY_REPEAT_CALL_CNT],
--CAST(NULL AS INT) AS [AICR_CUST_7_DAY_REPEAT_CALL_CNT],
--CAST(NULL AS INT) AS [AICR_CUST_14_DAY_REPEAT_CALL_CNT],
--CAST(NULL AS INT) AS [AICR_CUST_15_DAY_REPEAT_CALL_CNT],
--CAST(NULL AS INT) AS [AICR_CUST_30_DAY_REPEAT_CALL_CNT],
--CAST(NULL AS INT) AS [AICR_CUST_60_DAY_REPEAT_CALL_CNT],
--CAST(NULL AS INT) AS [AICR_CUST_90_DAY_REPEAT_CALL_CNT],


--CAST(NULL AS INT) AS [AICR_CUST_1_HR_REPEAT_CHAT_CNT],
--CAST(NULL AS INT) AS [AICR_CUST_2_HR_REPEAT_CHAT_CNT],
--CAST(NULL AS INT) AS [AICR_CUST_1_DAY_REPEAT_CHAT_CNT],
--CAST(NULL AS INT) AS [AICR_CUST_2_DAY_REPEAT_CHAT_CNT],
--CAST(NULL AS INT) AS [AICR_CUST_7_DAY_REPEAT_CHAT_CNT],
--CAST(NULL AS INT) AS [AICR_CUST_14_DAY_REPEAT_CHAT_CNT],
--CAST(NULL AS INT) AS [AICR_CUST_15_DAY_REPEAT_CHAT_CNT],
--CAST(NULL AS INT) AS [AICR_CUST_30_DAY_REPEAT_CHAT_CNT],
--CAST(NULL AS INT) AS [AICR_CUST_60_DAY_REPEAT_CHAT_CNT],
--CAST(NULL AS INT) AS [AICR_CUST_90_DAY_REPEAT_CHAT_CNT],



--CAST(NULL AS INT) AS [AICR_CUST_1_HR_REPEAT_CONTACT_CNT],
--CAST(NULL AS INT) AS [AICR_CUST_2_HR_REPEAT_CONTACT_CNT],
--CAST(NULL AS INT) AS [AICR_CUST_1_DAY_REPEAT_CONTACT_CNT],
--CAST(NULL AS INT) AS [AICR_CUST_2_DAY_REPEAT_CONTACT_CNT],
--CAST(NULL AS INT) AS [AICR_CUST_7_DAY_REPEAT_CONTACT_CNT],
--CAST(NULL AS INT) AS [AICR_CUST_14_DAY_REPEAT_CONTACT_CNT],
--CAST(NULL AS INT) AS [AICR_CUST_15_DAY_REPEAT_CONTACT_CNT],
--CAST(NULL AS INT) AS [AICR_CUST_30_DAY_REPEAT_CONTACT_CNT],
--CAST(NULL AS INT) AS [AICR_CUST_60_DAY_REPEAT_CONTACT_CNT],
--CAST(NULL AS INT) AS [AICR_CUST_90_DAY_REPEAT_CONTACT_CNT],

--CAST(NULL AS INT) AS [AICR_IQUEUE_1_HR_REPEAT_CALL_CNT],
--CAST(NULL AS INT) AS [AICR_IQUEUE_2_HR_REPEAT_CALL_CNT],
--CAST(NULL AS INT) AS [AICR_IQUEUE_1_DAY_REPEAT_CALL_CNT],
--CAST(NULL AS INT) AS [AICR_IQUEUE_2_DAY_REPEAT_CALL_CNT],
--CAST(NULL AS INT) AS [AICR_IQUEUE_7_DAY_REPEAT_CALL_CNT],
--CAST(NULL AS INT) AS [AICR_IQUEUE_14_DAY_REPEAT_CALL_CNT],
--CAST(NULL AS INT) AS [AICR_IQUEUE_15_DAY_REPEAT_CALL_CNT],
--CAST(NULL AS INT) AS [AICR_IQUEUE_30_DAY_REPEAT_CALL_CNT],
--CAST(NULL AS INT) AS [AICR_IQUEUE_60_DAY_REPEAT_CALL_CNT],
--CAST(NULL AS INT) AS [AICR_IQUEUE_90_DAY_REPEAT_CALL_CNT],

--CAST(NULL AS INT) AS [AICR_IQUEUE_1_HR_REPEAT_CHAT_CNT],
--CAST(NULL AS INT) AS [AICR_IQUEUE_2_HR_REPEAT_CHAT_CNT],
--CAST(NULL AS INT) AS [AICR_IQUEUE_1_DAY_REPEAT_CHAT_CNT],
--CAST(NULL AS INT) AS [AICR_IQUEUE_2_DAY_REPEAT_CHAT_CNT],
--CAST(NULL AS INT) AS [AICR_IQUEUE_7_DAY_REPEAT_CHAT_CNT],
--CAST(NULL AS INT) AS [AICR_IQUEUE_14_DAY_REPEAT_CHAT_CNT],
--CAST(NULL AS INT) AS [AICR_IQUEUE_15_DAY_REPEAT_CHAT_CNT],
--CAST(NULL AS INT) AS [AICR_IQUEUE_30_DAY_REPEAT_CHAT_CNT],
--CAST(NULL AS INT) AS [AICR_IQUEUE_60_DAY_REPEAT_CHAT_CNT],
--CAST(NULL AS INT) AS [AICR_IQUEUE_90_DAY_REPEAT_CHAT_CNT],

--CAST(NULL AS INT) AS [AICR_IQUEUE_1_HR_REPEAT_CONTACT_CNT],
--CAST(NULL AS INT) AS [AICR_IQUEUE_2_HR_REPEAT_CONTACT_CNT],
--CAST(NULL AS INT) AS [AICR_IQUEUE_1_DAY_REPEAT_CONTACT_CNT],
--CAST(NULL AS INT) AS [AICR_IQUEUE_2_DAY_REPEAT_CONTACT_CNT],
--CAST(NULL AS INT) AS [AICR_IQUEUE_7_DAY_REPEAT_CONTACT_CNT],
--CAST(NULL AS INT) AS [AICR_IQUEUE_14_DAY_REPEAT_CONTACT_CNT],
--CAST(NULL AS INT) AS [AICR_IQUEUE_15_DAY_REPEAT_CONTACT_CNT],
--CAST(NULL AS INT) AS [AICR_IQUEUE_30_DAY_REPEAT_CONTACT_CNT],
--CAST(NULL AS INT) AS [AICR_IQUEUE_60_DAY_REPEAT_CONTACT_CNT],
--CAST(NULL AS INT) AS [AICR_IQUEUE_90_DAY_REPEAT_CONTACT_CNT],


--CAST(NULL AS INT) AS [AICR_CTYP_1_HR_REPEAT_CALL_CNT],
--CAST(NULL AS INT) AS [AICR_CTYP_2_HR_REPEAT_CALL_CNT],
--CAST(NULL AS INT) AS [AICR_CTYP_1_DAY_REPEAT_CALL_CNT],
--CAST(NULL AS INT) AS [AICR_CTYP_2_DAY_REPEAT_CALL_CNT],
--CAST(NULL AS INT) AS [AICR_CTYP_7_DAY_REPEAT_CALL_CNT],
--CAST(NULL AS INT) AS [AICR_CTYP_14_DAY_REPEAT_CALL_CNT],
--CAST(NULL AS INT) AS [AICR_CTYP_15_DAY_REPEAT_CALL_CNT],
--CAST(NULL AS INT) AS [AICR_CTYP_30_DAY_REPEAT_CALL_CNT],
--CAST(NULL AS INT) AS [AICR_CTYP_60_DAY_REPEAT_CALL_CNT],
--CAST(NULL AS INT) AS [AICR_CTYP_90_DAY_REPEAT_CALL_CNT],

--CAST(NULL AS INT) AS [AICR_ITYP_1_HR_REPEAT_CHAT_CNT],
--CAST(NULL AS INT) AS [AICR_ITYP_2_HR_REPEAT_CHAT_CNT],
--CAST(NULL AS INT) AS [AICR_ITYP_1_DAY_REPEAT_CHAT_CNT],
--CAST(NULL AS INT) AS [AICR_ITYP_2_DAY_REPEAT_CHAT_CNT],
--CAST(NULL AS INT) AS [AICR_ITYP_7_DAY_REPEAT_CHAT_CNT],
--CAST(NULL AS INT) AS [AICR_ITYP_14_DAY_REPEAT_CHAT_CNT],
--CAST(NULL AS INT) AS [AICR_ITYP_15_DAY_REPEAT_CHAT_CNT],
--CAST(NULL AS INT) AS [AICR_ITYP_30_DAY_REPEAT_CHAT_CNT],
--CAST(NULL AS INT) AS [AICR_ITYP_60_DAY_REPEAT_CHAT_CNT],
--CAST(NULL AS INT) AS [AICR_ITYP_90_DAY_REPEAT_CHAT_CNT],

--CAST(NULL AS INT) AS [AICR_ITYP_1_HR_REPEAT_CONTACT_CNT],
--CAST(NULL AS INT) AS [AICR_ITYP_2_HR_REPEAT_CONTACT_CNT],
--CAST(NULL AS INT) AS [AICR_ITYP_1_DAY_REPEAT_CONTACT_CNT],
--CAST(NULL AS INT) AS [AICR_ITYP_2_DAY_REPEAT_CONTACT_CNT],
--CAST(NULL AS INT) AS [AICR_ITYP_7_DAY_REPEAT_CONTACT_CNT],
--CAST(NULL AS INT) AS [AICR_ITYP_14_DAY_REPEAT_CONTACT_CNT],
--CAST(NULL AS INT) AS [AICR_ITYP_15_DAY_REPEAT_CONTACT_CNT],
--CAST(NULL AS INT) AS [AICR_ITYP_30_DAY_REPEAT_CONTACT_CNT],
--CAST(NULL AS INT) AS [AICR_ITYP_60_DAY_REPEAT_CONTACT_CNT],
--CAST(NULL AS INT) AS [AICR_ITYP_90_DAY_REPEAT_CONTACT_CNT],


--CAST(NULL AS INT) AS [AICR_IQUEUE_LOB_7_DAY_REPEAT_CONTACT_CNT], --Added by SS on 1/7/2022
--CAST(NULL AS INT) AS [AICR_IQUEUE_LOB_30_DAY_REPEAT_CONTACT_CNT], --Added by SS on 1/7/2022

--custDigitalContact.[AICR_7_DAY_REPEAT_CALL_CNT] AS AICR_VCS_CUST_7_DAY_REPEAT_CONTACT_CNT, /*Added by SS on 3/8/2022*/
--iqDigitalContact.[AICR_7_DAY_REPEAT_CALL_CNT] AS AICR_VCS_IQUEUE_7_DAY_REPEAT_CONTACT_CNT, /*Added by SS on 3/8/2022*/
--AICR_VCS_CUST_CONTACT_RECEIVED_CNT,  /*Added by SS on 3/8/2022*/
--AICR_VCS_IQUEUE_CONTACT_RECEIVED_CNT /*Added by SS on 3/8/2022*/


--  FROM [NRDP_DM].[dbo].[FACT_SOCIAL_EMAIL_DETAIL] c left join
--  [dbo].[DIM_AICR_REPEAT_MATRIX] custDigitalContact
--  on C.[AICR_VCS_CUST_REPEAT_DIGITAL_GROUP_IND] = custDigitalContact.[REPEAT_GROUP_IND]  left join
--  [dbo].[DIM_AICR_REPEAT_MATRIX] iqDigitalContact
--  on c.[AICR_VCS_IQUEUE_REPEAT_DIGITAL_GROUP_IND] = iqDigitalContact.[REPEAT_GROUP_IND]
-- -- WHERE [AICR_CUST_CONTACT_RECEIVED_CNT] =1 

SELECT C.[FISCAL_PERIOD_INT]
      ,c.[METRIC_SOURCE]
      ,C.[CALENDAR_DATE]
      ,c.[METRIC_SOURCE_KEY]
      ,C.[DATEKEY]
	  ,DV.CUSTOMER_ACCOUNT_ID 
      ,[CUSTOMER_ACCOUNT_KEY]
      ,dv.CUSTOMER_ACCOUNT_KEY as  [CUBE_CUSTOMER_ACCOUNT_KEY]
      ,C.[PERNR_NUM]
     , CAST(NULL AS NUMERIC(12,4)) [NRDP_AGENT_FISCAL_PERIOD_ID]
      ,[NRDP_CALL_ATTRIBUTE_ID]
      ,[NRDP_CLV_ATTRIBUTE_ID]
      ,[TRANSFER_ORIGIN_AGENT_ID]
      ,[TRANSFER_ORIGIN_IACT_ID]
      ,[TENURE_ID]
      ,[BASE_RGU_PROFILE_ID]
      ,[SENTIMENT_QA_ID]
      ,[NRDP_CUST_MAP_ID]
	  ,NULL AS [OUTCOME_DATE]
      ,[NBX_M2M_ID]
      ,cast(null as int) [AGENT_INTERACTION_ORDER_ID],
CAST(NULL AS INT) AS [AICR_CUST_CONTACT_RECEIVED_CNT],
CAST(NULL AS INT) AS [AICR_CUST_CALL_RECEIVED_CNT],
CAST(NULL AS INT)  AS [AICR_CUST_CHAT_RECEIVED_CNT],  --- already pulled value in Chat or Call
CAST(NULL AS INT) AS [AICR_CUST_1_HR_REPEAT_CALL_CNT],
CAST(NULL AS INT) AS [AICR_CUST_2_HR_REPEAT_CALL_CNT],
CAST(NULL AS INT) AS [AICR_CUST_1_DAY_REPEAT_CALL_CNT],
CAST(NULL AS INT) AS [AICR_CUST_2_DAY_REPEAT_CALL_CNT],
CAST(NULL AS INT) AS [AICR_CUST_7_DAY_REPEAT_CALL_CNT],
CAST(NULL AS INT) AS [AICR_CUST_14_DAY_REPEAT_CALL_CNT],
CAST(NULL AS INT) AS [AICR_CUST_15_DAY_REPEAT_CALL_CNT],
CAST(NULL AS INT) AS [AICR_CUST_30_DAY_REPEAT_CALL_CNT],
CAST(NULL AS INT) AS [AICR_CUST_60_DAY_REPEAT_CALL_CNT],
CAST(NULL AS INT) AS [AICR_CUST_90_DAY_REPEAT_CALL_CNT],


CAST(NULL AS INT) AS [AICR_CUST_1_HR_REPEAT_CHAT_CNT],
CAST(NULL AS INT) AS [AICR_CUST_2_HR_REPEAT_CHAT_CNT],
CAST(NULL AS INT) AS [AICR_CUST_1_DAY_REPEAT_CHAT_CNT],
CAST(NULL AS INT) AS [AICR_CUST_2_DAY_REPEAT_CHAT_CNT],
CAST(NULL AS INT) AS [AICR_CUST_7_DAY_REPEAT_CHAT_CNT],
CAST(NULL AS INT) AS [AICR_CUST_14_DAY_REPEAT_CHAT_CNT],
CAST(NULL AS INT) AS [AICR_CUST_15_DAY_REPEAT_CHAT_CNT],
CAST(NULL AS INT) AS [AICR_CUST_30_DAY_REPEAT_CHAT_CNT],
CAST(NULL AS INT) AS [AICR_CUST_60_DAY_REPEAT_CHAT_CNT],
CAST(NULL AS INT) AS [AICR_CUST_90_DAY_REPEAT_CHAT_CNT],


CAST(NULL AS INT) AS [AICR_CUST_1_HR_REPEAT_CONTACT_CNT],
CAST(NULL AS INT) AS [AICR_CUST_2_HR_REPEAT_CONTACT_CNT],
CAST(NULL AS INT) AS [AICR_CUST_1_DAY_REPEAT_CONTACT_CNT],
CAST(NULL AS INT) AS [AICR_CUST_2_DAY_REPEAT_CONTACT_CNT],
CAST(NULL AS INT) AS [AICR_CUST_7_DAY_REPEAT_CONTACT_CNT],
CAST(NULL AS INT) AS [AICR_CUST_14_DAY_REPEAT_CONTACT_CNT],
CAST(NULL AS INT) AS [AICR_CUST_15_DAY_REPEAT_CONTACT_CNT],
CAST(NULL AS INT) AS [AICR_CUST_30_DAY_REPEAT_CONTACT_CNT],
CAST(NULL AS INT) AS [AICR_CUST_60_DAY_REPEAT_CONTACT_CNT],
CAST(NULL AS INT) AS [AICR_CUST_90_DAY_REPEAT_CONTACT_CNT],
CAST(NULL AS INT) AS [AICR_IQUEUE_1_HR_REPEAT_CALL_CNT],
CAST(NULL AS INT) AS [AICR_IQUEUE_2_HR_REPEAT_CALL_CNT],
CAST(NULL AS INT) AS [AICR_IQUEUE_1_DAY_REPEAT_CALL_CNT],
CAST(NULL AS INT) AS [AICR_IQUEUE_2_DAY_REPEAT_CALL_CNT],
CAST(NULL AS INT) AS [AICR_IQUEUE_7_DAY_REPEAT_CALL_CNT],
CAST(NULL AS INT) AS [AICR_IQUEUE_14_DAY_REPEAT_CALL_CNT],
CAST(NULL AS INT) AS [AICR_IQUEUE_15_DAY_REPEAT_CALL_CNT],
CAST(NULL AS INT) AS [AICR_IQUEUE_30_DAY_REPEAT_CALL_CNT],
CAST(NULL AS INT) AS [AICR_IQUEUE_60_DAY_REPEAT_CALL_CNT],
CAST(NULL AS INT) AS [AICR_IQUEUE_90_DAY_REPEAT_CALL_CNT],
CAST(NULL AS INT) AS [AICR_IQUEUE_1_HR_REPEAT_CHAT_CNT],
CAST(NULL AS INT) AS [AICR_IQUEUE_2_HR_REPEAT_CHAT_CNT],
CAST(NULL AS INT) AS [AICR_IQUEUE_1_DAY_REPEAT_CHAT_CNT],
CAST(NULL AS INT) AS [AICR_IQUEUE_2_DAY_REPEAT_CHAT_CNT],
CAST(NULL AS INT) AS [AICR_IQUEUE_7_DAY_REPEAT_CHAT_CNT],
CAST(NULL AS INT) AS [AICR_IQUEUE_14_DAY_REPEAT_CHAT_CNT],
CAST(NULL AS INT) AS [AICR_IQUEUE_15_DAY_REPEAT_CHAT_CNT],
CAST(NULL AS INT) AS [AICR_IQUEUE_30_DAY_REPEAT_CHAT_CNT],
CAST(NULL AS INT) AS [AICR_IQUEUE_60_DAY_REPEAT_CHAT_CNT],
CAST(NULL AS INT) AS [AICR_IQUEUE_90_DAY_REPEAT_CHAT_CNT],

CAST(NULL AS INT) AS [AICR_IQUEUE_1_HR_REPEAT_CONTACT_CNT],
CAST(NULL AS INT) AS [AICR_IQUEUE_2_HR_REPEAT_CONTACT_CNT],
CAST(NULL AS INT) AS [AICR_IQUEUE_1_DAY_REPEAT_CONTACT_CNT],
CAST(NULL AS INT) AS [AICR_IQUEUE_2_DAY_REPEAT_CONTACT_CNT],
CAST(NULL AS INT) AS [AICR_IQUEUE_7_DAY_REPEAT_CONTACT_CNT],
CAST(NULL AS INT) AS [AICR_IQUEUE_14_DAY_REPEAT_CONTACT_CNT],
CAST(NULL AS INT) AS [AICR_IQUEUE_15_DAY_REPEAT_CONTACT_CNT],
CAST(NULL AS INT) AS [AICR_IQUEUE_30_DAY_REPEAT_CONTACT_CNT],
CAST(NULL AS INT) AS [AICR_IQUEUE_60_DAY_REPEAT_CONTACT_CNT],
CAST(NULL AS INT) AS [AICR_IQUEUE_90_DAY_REPEAT_CONTACT_CNT],
CAST(NULL AS INT) AS [AICR_CTYP_1_HR_REPEAT_CALL_CNT],
CAST(NULL AS INT) AS [AICR_CTYP_2_HR_REPEAT_CALL_CNT],
CAST(NULL AS INT) AS [AICR_CTYP_1_DAY_REPEAT_CALL_CNT],
CAST(NULL AS INT) AS [AICR_CTYP_2_DAY_REPEAT_CALL_CNT],
CAST(NULL AS INT) AS [AICR_CTYP_7_DAY_REPEAT_CALL_CNT],
CAST(NULL AS INT) AS [AICR_CTYP_14_DAY_REPEAT_CALL_CNT],
CAST(NULL AS INT) AS [AICR_CTYP_15_DAY_REPEAT_CALL_CNT],
CAST(NULL AS INT) AS [AICR_CTYP_30_DAY_REPEAT_CALL_CNT],
CAST(NULL AS INT) AS [AICR_CTYP_60_DAY_REPEAT_CALL_CNT],
CAST(NULL AS INT) AS [AICR_CTYP_90_DAY_REPEAT_CALL_CNT],
CAST(NULL AS INT) AS [AICR_ITYP_1_HR_REPEAT_CHAT_CNT],
CAST(NULL AS INT) AS [AICR_ITYP_2_HR_REPEAT_CHAT_CNT],
CAST(NULL AS INT) AS [AICR_ITYP_1_DAY_REPEAT_CHAT_CNT],
CAST(NULL AS INT) AS [AICR_ITYP_2_DAY_REPEAT_CHAT_CNT],
CAST(NULL AS INT) AS [AICR_ITYP_7_DAY_REPEAT_CHAT_CNT],
CAST(NULL AS INT) AS [AICR_ITYP_14_DAY_REPEAT_CHAT_CNT],
CAST(NULL AS INT) AS [AICR_ITYP_15_DAY_REPEAT_CHAT_CNT],
CAST(NULL AS INT) AS [AICR_ITYP_30_DAY_REPEAT_CHAT_CNT],
CAST(NULL AS INT) AS [AICR_ITYP_60_DAY_REPEAT_CHAT_CNT],
CAST(NULL AS INT) AS [AICR_ITYP_90_DAY_REPEAT_CHAT_CNT],
CAST(NULL AS INT) AS [AICR_ITYP_1_HR_REPEAT_CONTACT_CNT],
CAST(NULL AS INT) AS [AICR_ITYP_2_HR_REPEAT_CONTACT_CNT],
CAST(NULL AS INT) AS [AICR_ITYP_1_DAY_REPEAT_CONTACT_CNT],
CAST(NULL AS INT) AS [AICR_ITYP_2_DAY_REPEAT_CONTACT_CNT],
CAST(NULL AS INT) AS [AICR_ITYP_7_DAY_REPEAT_CONTACT_CNT],
CAST(NULL AS INT) AS [AICR_ITYP_14_DAY_REPEAT_CONTACT_CNT],
CAST(NULL AS INT) AS [AICR_ITYP_15_DAY_REPEAT_CONTACT_CNT],
CAST(NULL AS INT) AS [AICR_ITYP_30_DAY_REPEAT_CONTACT_CNT],
CAST(NULL AS INT) AS [AICR_ITYP_60_DAY_REPEAT_CONTACT_CNT],
CAST(NULL AS INT) AS [AICR_ITYP_90_DAY_REPEAT_CONTACT_CNT],
CAST(NULL AS INT) AS [AICR_IQUEUE_LOB_7_DAY_REPEAT_CONTACT_CNT], --Added by SS on 1/7/2022
CAST(NULL AS INT) AS [AICR_IQUEUE_LOB_30_DAY_REPEAT_CONTACT_CNT], --Added by SS on 1/7/2022
custDigitalContact.[AICR_7_DAY_REPEAT_CALL_CNT] AS AICR_VCS_CUST_7_DAY_REPEAT_CONTACT_CNT, /*Added by SS on 3/8/2022*/
iqDigitalContact.[AICR_7_DAY_REPEAT_CALL_CNT] AS AICR_VCS_IQUEUE_7_DAY_REPEAT_CONTACT_CNT, /*Added by SS on 3/8/2022*/
AICR_VCS_CUST_CONTACT_RECEIVED_CNT,  /*Added by SS on 3/8/2022*/
AICR_VCS_IQUEUE_CONTACT_RECEIVED_CNT /*Added by SS on 3/8/2022*/


  FROM [NRDP_DM].[dbo].[FACT_SOCIAL_EMAIL_BASE_DETAIL] c  LEFT join
  LKP_DIM_VALUES_INTERACTIONS dv WITH (NOLOCK) 
  ON C.FISCAL_PERIOD_INT =  dv.FISCAL_PERIOD_INT 
  AND c.CALENDAR_DATE = dv.CALENDAR_DATE
  AND c.METRIC_SOURCE = dv.METRIC_SOURCE
  AND c.METRIC_SOURCE_KEY = dv.METRIC_SOURCE_KEY left join
  [dbo].[FACT_AGENT_TRAINING_REF_V] atr WITH (NOLOCK)
  ON c.CALENDAR_DATE=atr.CALENDAR_DATE
  and dv.PERNR_NUM= atr.PERNR_NUM left join 
[DIM_TABULAR_AGENT_SKILL_LOCATION_LKP] agt WITH (NOLOCK)
on C.PERNR_NUM = AGT.PERNR_NUM
AND C.FISCAL_PERIOD_INT = AGT.FISCAL_PERIOD_INT left join
  [dbo].[DIM_AICR_REPEAT_MATRIX] custDigitalContact
  on C.[AICR_VCS_CUST_REPEAT_DIGITAL_GROUP_IND] = custDigitalContact.[REPEAT_GROUP_IND]  left join
  [dbo].[DIM_AICR_REPEAT_MATRIX] iqDigitalContact
  on c.[AICR_VCS_IQUEUE_REPEAT_DIGITAL_GROUP_IND] = iqDigitalContact.[REPEAT_GROUP_IND]
 -- WHERE [AICR_CUST_CONTACT_RECEIVED_CNT] =1 
"
FACT_MDM_AICR_TEST_V,"













/****** Script for SELECT CAST(1 AS INT) AS SERIES_ID,TopNRows command from SSMS  ******/
CREATE VIEW [dbo].[FACT_MDM_AICR_TEST_V] AS 
SELECT CAST(1 AS INT) AS SERIES_ID, C.DATEKEY
      ,c.[CALENDAR_DATE]
      ,c.[METRIC_SOURCE]
	  ,c.[FISCAL_PERIOD_INT]
	  ,COALESCE(D.[FISCAL_PERIOD_TODATE_INT],C.FISCAL_PERIOD_INT) AS FISCAL_PERIOD_TODATE_INT
	  
      ,dv.[PERNR_NUM]
	  ,dv.[CUSTOMER_ACCOUNT_KEY]
      ,dv.[CUSTOMER_EBB_BULK_KEY]
      ,dv.[CUSTOMER_ACCOUNT_DEMO_KEY]
	  ,dv.[NRDP_CALL_ATTRIBUTE_ID]
      ,dv.[NRDP_CLV_ATTRIBUTE_ID]
      ,dv.[TRANSFER_ORIGIN_AGENT_ID]
      ,dv.[TRANSFER_ORIGIN_IACT_ID]
      ,dv.[TENURE_ID]
      ,dv.[BASE_RGU_PROFILE_ID]
      ,COALESCE(dv.SENTIMENT_QA_ID,100000) AS SENTIMENT_QA_ID
      ,dv.[NBX_M2M_ID]
	  ,COALESCE(dv.CALL_DRIVER_GROUP1_ID,0) AS CALL_DRIVER_GROUP1_ID
	  ,COALESCE(dv.CALL_DRIVER_GROUP2_ID,0) AS CALL_DRIVER_GROUP2_ID
	  ,COALESCE(dv.CALL_DRIVER_GROUP3_ID,0) AS CALL_DRIVER_GROUP3_ID
	  ,COALESCE(dv.SPEECH_QUERY_GROUP1_ID,0) AS SPEECH_QUERY_GROUP1_ID
	  ,COALESCE(dv.SPEECH_QUERY_GROUP2_ID,0) AS SPEECH_QUERY_GROUP2_ID
	  ,coalesce(dv.NRDP_CUST_MAP_ID,-1) as NRDP_CUST_MAP_ID
      ,COALESCE(dv.PRODCAT_EBB_ID,0) AS PRODCAT_EBB_ID
	  ,COALESCE(dv.PRE_NRDP_XAP_EXIT_ID,-1) as PRE_NRDP_XAP_EXIT_ID
	  ,COALESCE(atr.AGENT_TRAINING_ID,-1) AS AGENT_TRAINING_ID
	  ,COALESCE(agt.[AGENT_SKILL_LOCATION_ID],-1) AS AGENT_SKILL_LOCATION_ID 
	  ,COALESCE(agt.SK_PERSON_HIER_ID,-1) AS PERSON_HIER_ID
	  , COALESCE(agt.AGENT_TENURE_HIER_ID,-1) AS AGENT_TENURE_HIER_ID
,[AICR_CUST_CALL_RECEIVED_CNT]
,[AICR_CUST_CONTACT_RECEIVED_CNT]
,[AICR_CUST_1_DAY_REPEAT_CALL_CNT]
,[AICR_CUST_7_DAY_REPEAT_CALL_CNT]
,[AICR_CUST_30_DAY_REPEAT_CALL_CNT]
,[AICR_CUST_1_DAY_REPEAT_CONTACT_CNT]
,[AICR_CUST_7_DAY_REPEAT_CONTACT_CNT]
,[AICR_CUST_30_DAY_REPEAT_CONTACT_CNT]
,[AICR_CUST_CALL_RECEIVED_CNT] AS [AICR_IQUEUE_CALL_RECEIVED_CNT]
,[AICR_CUST_CONTACT_RECEIVED_CNT] AS [AICR_IQUEUE_CONTACT_RECEIVED_CNT]
,[AICR_IQUEUE_1_DAY_REPEAT_CALL_CNT]
,[AICR_IQUEUE_7_DAY_REPEAT_CALL_CNT]
,[AICR_IQUEUE_30_DAY_REPEAT_CALL_CNT]
,[AICR_IQUEUE_1_DAY_REPEAT_CONTACT_CNT]
,[AICR_IQUEUE_7_DAY_REPEAT_CONTACT_CNT]
,[AICR_IQUEUE_30_DAY_REPEAT_CONTACT_CNT]
,[AICR_CUST_CALL_RECEIVED_CNT] AS  [AICR_CTYP_CALL_RECEIVED_CNT]
,[AICR_CTYP_1_DAY_REPEAT_CALL_CNT]
,[AICR_CTYP_7_DAY_REPEAT_CALL_CNT]
, [AICR_CTYP_30_DAY_REPEAT_CALL_CNT]
,[AICR_CUST_1_HR_REPEAT_CALL_CNT]
,[AICR_CUST_2_HR_REPEAT_CALL_CNT]
,[AICR_CUST_1_HR_REPEAT_CONTACT_CNT]
,[AICR_CUST_2_HR_REPEAT_CONTACT_CNT]
,[AICR_IQUEUE_1_HR_REPEAT_CALL_CNT]
,[AICR_IQUEUE_2_HR_REPEAT_CALL_CNT]
,[AICR_IQUEUE_1_HR_REPEAT_CONTACT_CNT]
,[AICR_IQUEUE_2_HR_REPEAT_CONTACT_CNT]
,[AICR_CTYP_1_HR_REPEAT_CALL_CNT]
,[AICR_CTYP_2_HR_REPEAT_CALL_CNT]
,[AICR_CUST_15_DAY_REPEAT_CALL_CNT]
,[AICR_CUST_15_DAY_REPEAT_CONTACT_CNT]
,[AICR_IQUEUE_15_DAY_REPEAT_CALL_CNT]
,[AICR_IQUEUE_15_DAY_REPEAT_CONTACT_CNT]
, [AICR_CTYP_15_DAY_REPEAT_CALL_CNT]
,[AICR_CUST_60_DAY_REPEAT_CALL_CNT]
,[AICR_CUST_60_DAY_REPEAT_CONTACT_CNT]
,[AICR_IQUEUE_60_DAY_REPEAT_CALL_CNT]
,[AICR_IQUEUE_60_DAY_REPEAT_CONTACT_CNT]
, [AICR_CTYP_60_DAY_REPEAT_CALL_CNT]
,[AICR_CUST_90_DAY_REPEAT_CALL_CNT]
,[AICR_CUST_90_DAY_REPEAT_CONTACT_CNT]
,[AICR_IQUEUE_90_DAY_REPEAT_CALL_CNT]
,[AICR_IQUEUE_90_DAY_REPEAT_CONTACT_CNT]
, [AICR_CTYP_90_DAY_REPEAT_CALL_CNT]
,[AICR_CUST_14_DAY_REPEAT_CALL_CNT]
,[AICR_CUST_14_DAY_REPEAT_CONTACT_CNT]
,[AICR_IQUEUE_14_DAY_REPEAT_CALL_CNT]
,[AICR_IQUEUE_14_DAY_REPEAT_CONTACT_CNT]
,[AICR_CTYP_14_DAY_REPEAT_CALL_CNT]



      ,[AICR_CUST_CHAT_RECEIVED_CNT] AS [AICR_CUST_CHAT_RECEIVED_CNT]
      ,[AICR_CUST_1_HR_REPEAT_CHAT_CNT]
      ,[AICR_CUST_2_HR_REPEAT_CHAT_CNT]
	  ,[AICR_CUST_1_DAY_REPEAT_CHAT_CNT]
      ,[AICR_CUST_7_DAY_REPEAT_CHAT_CNT]
      ,[AICR_CUST_14_DAY_REPEAT_CHAT_CNT]
      ,[AICR_CUST_15_DAY_REPEAT_CHAT_CNT]
      ,[AICR_CUST_30_DAY_REPEAT_CHAT_CNT]
      ,[AICR_CUST_60_DAY_REPEAT_CHAT_CNT]
      ,[AICR_CUST_90_DAY_REPEAT_CHAT_CNT]
      ,[AICR_CUST_CHAT_RECEIVED_CNT] AS [AICR_IQUEUE_CHAT_RECEIVED_CNT]
      ,[AICR_IQUEUE_1_HR_REPEAT_CHAT_CNT]
      ,[AICR_IQUEUE_2_HR_REPEAT_CHAT_CNT]
	  ,[AICR_IQUEUE_1_DAY_REPEAT_CHAT_CNT]
      ,[AICR_IQUEUE_7_DAY_REPEAT_CHAT_CNT]
      ,[AICR_IQUEUE_14_DAY_REPEAT_CHAT_CNT]
      ,[AICR_IQUEUE_15_DAY_REPEAT_CHAT_CNT]
      ,[AICR_IQUEUE_30_DAY_REPEAT_CHAT_CNT]
      ,[AICR_IQUEUE_60_DAY_REPEAT_CHAT_CNT]
      ,[AICR_IQUEUE_90_DAY_REPEAT_CHAT_CNT]
      ,[AICR_CUST_CHAT_RECEIVED_CNT] AS  [AICR_ITYP_CHAT_RECEIVED_CNT]
      ,[AICR_ITYP_1_HR_REPEAT_CHAT_CNT]
      ,[AICR_ITYP_2_HR_REPEAT_CHAT_CNT]
      ,[AICR_ITYP_7_DAY_REPEAT_CHAT_CNT]
      ,[AICR_ITYP_14_DAY_REPEAT_CHAT_CNT]
      ,[AICR_ITYP_15_DAY_REPEAT_CHAT_CNT]
      ,[AICR_ITYP_30_DAY_REPEAT_CHAT_CNT]
      ,[AICR_ITYP_60_DAY_REPEAT_CHAT_CNT]
      ,[AICR_ITYP_90_DAY_REPEAT_CHAT_CNT]

      ,[AICR_CUST_CONTACT_RECEIVED_CNT] AS  [AICR_ITYP_CONTACT_RECEIVED_CNT]
      ,[AICR_ITYP_1_HR_REPEAT_CONTACT_CNT]
      ,[AICR_ITYP_2_HR_REPEAT_CONTACT_CNT]
      ,[AICR_ITYP_7_DAY_REPEAT_CONTACT_CNT]
      ,[AICR_ITYP_14_DAY_REPEAT_CONTACT_CNT]
      ,[AICR_ITYP_15_DAY_REPEAT_CONTACT_CNT]
      ,[AICR_ITYP_30_DAY_REPEAT_CONTACT_CNT]
      ,[AICR_ITYP_60_DAY_REPEAT_CONTACT_CNT]
      ,[AICR_ITYP_90_DAY_REPEAT_CONTACT_CNT]


  FROM [NRDP_DM].[dbo].[FACT_MDM_AICR_BASE_V] C WITH (NOLOCK) left join 
  DIM_CURRENT_TODATE D 
  ON C.CALENDAR_DATE = D.CALENDAR_DATE LEFT join
  LKP_DIM_VALUES_INTERACTIONS dv WITH (NOLOCK) 
  ON C.FISCAL_PERIOD_INT =  dv.FISCAL_PERIOD_INT 
  AND c.CALENDAR_DATE = dv.CALENDAR_DATE
  AND c.METRIC_SOURCE = dv.METRIC_SOURCE
  AND c.METRIC_SOURCE_KEY = dv.METRIC_SOURCE_KEY lEFT JOIN
  [dbo].[FACT_AGENT_TRAINING_REF_V] atr WITH (NOLOCK)
  ON c.CALENDAR_DATE=atr.CALENDAR_DATE
  and c.PERNR_NUM= atr.PERNR_NUM left join 
[DIM_TABULAR_AGENT_SKILL_LOCATION_LKP] agt WITH (NOLOCK)
on C.PERNR_NUM = AGT.PERNR_NUM
AND C.FISCAL_PERIOD_INT = AGT.FISCAL_PERIOD_INT

"
FACT_MDM_AICR_V,"
















/****** Script for SELECT CAST(1 AS INT) AS SERIES_ID,TopNRows command from SSMS  ******/
CREATE VIEW [dbo].[FACT_MDM_AICR_V] AS 
SELECT CAST(1 AS INT) AS SERIES_ID, C.DATEKEY
      ,c.[CALENDAR_DATE]
	  ,c.[FISCAL_PERIOD_INT]
	  ,COALESCE(D.[FISCAL_PERIOD_TODATE_INT],C.FISCAL_PERIOD_INT) AS FISCAL_PERIOD_TODATE_INT
	  
      ,dv.[PERNR_NUM]
	  ,dv.[CUSTOMER_ACCOUNT_KEY]
      ,dv.[CUSTOMER_EBB_BULK_KEY]
      ,dv.[CUSTOMER_ACCOUNT_DEMO_KEY]
	  ,dv.[NRDP_CALL_ATTRIBUTE_ID]
      ,dv.[NRDP_CLV_ATTRIBUTE_ID]
      ,dv.[TRANSFER_ORIGIN_AGENT_ID]
      ,dv.[TRANSFER_ORIGIN_IACT_ID]
      ,dv.[TENURE_ID]
      ,dv.[BASE_RGU_PROFILE_ID]
      ,COALESCE(dv.SENTIMENT_QA_ID,100000) AS SENTIMENT_QA_ID
      ,dv.[NBX_M2M_ID]
 	  ,COALESCE(dv.MOVE_INCOME_CONSTRAINED_ID,-1) as MOVE_INCOME_CONSTRAINED_ID
	  ,COALESCE(dv.CALL_DRIVER_GROUP1_ID,0) AS CALL_DRIVER_GROUP1_ID
	  ,COALESCE(dv.CALL_DRIVER_GROUP2_ID,0) AS CALL_DRIVER_GROUP2_ID
	  ,COALESCE(dv.CALL_DRIVER_GROUP3_ID,0) AS CALL_DRIVER_GROUP3_ID
	  ,COALESCE(dv.SPEECH_QUERY_GROUP1_ID,0) AS SPEECH_QUERY_GROUP1_ID
	  ,COALESCE(dv.SPEECH_QUERY_GROUP2_ID,0) AS SPEECH_QUERY_GROUP2_ID
	  ,coalesce(dv.NRDP_CUST_MAP_ID,-1) as NRDP_CUST_MAP_ID
      ,COALESCE(dv.PRODCAT_EBB_ID,0) AS PRODCAT_EBB_ID
	  ,COALESCE(dv.PRE_NRDP_XAP_EXIT_ID,-1) as PRE_NRDP_XAP_EXIT_ID
	  ,COALESCE(atr.AGENT_TRAINING_ID,-1) AS AGENT_TRAINING_ID
	  ,COALESCE(agt.[AGENT_SKILL_LOCATION_ID],-1) AS AGENT_SKILL_LOCATION_ID 
	  ,COALESCE(agt.SK_PERSON_HIER_ID,-1) AS PERSON_HIER_ID
	  , COALESCE(agt.AGENT_TENURE_HIER_ID,-1) AS AGENT_TENURE_HIER_ID
,[AICR_CUST_CALL_RECEIVED_CNT]
,[AICR_CUST_CONTACT_RECEIVED_CNT]
,[AICR_CUST_1_DAY_REPEAT_CALL_CNT]
,[AICR_CUST_7_DAY_REPEAT_CALL_CNT]
,[AICR_CUST_30_DAY_REPEAT_CALL_CNT]
,[AICR_CUST_1_DAY_REPEAT_CONTACT_CNT]
,[AICR_CUST_7_DAY_REPEAT_CONTACT_CNT]
,[AICR_CUST_30_DAY_REPEAT_CONTACT_CNT]
,[AICR_CUST_CALL_RECEIVED_CNT] AS [AICR_IQUEUE_CALL_RECEIVED_CNT]
,[AICR_CUST_CONTACT_RECEIVED_CNT] AS [AICR_IQUEUE_CONTACT_RECEIVED_CNT]
,[AICR_IQUEUE_1_DAY_REPEAT_CALL_CNT]
,[AICR_IQUEUE_7_DAY_REPEAT_CALL_CNT]
,[AICR_IQUEUE_30_DAY_REPEAT_CALL_CNT]
,[AICR_IQUEUE_1_DAY_REPEAT_CONTACT_CNT]
,[AICR_IQUEUE_7_DAY_REPEAT_CONTACT_CNT]
,[AICR_IQUEUE_30_DAY_REPEAT_CONTACT_CNT]
,[AICR_CUST_CALL_RECEIVED_CNT] AS  [AICR_CTYP_CALL_RECEIVED_CNT]
,[AICR_CTYP_1_DAY_REPEAT_CALL_CNT]
,[AICR_CTYP_7_DAY_REPEAT_CALL_CNT]
, [AICR_CTYP_30_DAY_REPEAT_CALL_CNT]
,[AICR_CUST_1_HR_REPEAT_CALL_CNT]
,[AICR_CUST_2_HR_REPEAT_CALL_CNT]
,[AICR_CUST_1_HR_REPEAT_CONTACT_CNT]
,[AICR_CUST_2_HR_REPEAT_CONTACT_CNT]
,[AICR_IQUEUE_1_HR_REPEAT_CALL_CNT]
,[AICR_IQUEUE_2_HR_REPEAT_CALL_CNT]
,[AICR_IQUEUE_1_HR_REPEAT_CONTACT_CNT]
,[AICR_IQUEUE_2_HR_REPEAT_CONTACT_CNT]
,[AICR_CTYP_1_HR_REPEAT_CALL_CNT]
,[AICR_CTYP_2_HR_REPEAT_CALL_CNT]
,[AICR_CUST_15_DAY_REPEAT_CALL_CNT]
,[AICR_CUST_15_DAY_REPEAT_CONTACT_CNT]
,[AICR_IQUEUE_15_DAY_REPEAT_CALL_CNT]
,[AICR_IQUEUE_15_DAY_REPEAT_CONTACT_CNT]
, [AICR_CTYP_15_DAY_REPEAT_CALL_CNT]
,[AICR_CUST_60_DAY_REPEAT_CALL_CNT]
,[AICR_CUST_60_DAY_REPEAT_CONTACT_CNT]
,[AICR_IQUEUE_60_DAY_REPEAT_CALL_CNT]
,[AICR_IQUEUE_60_DAY_REPEAT_CONTACT_CNT]
, [AICR_CTYP_60_DAY_REPEAT_CALL_CNT]
,[AICR_CUST_90_DAY_REPEAT_CALL_CNT]
,[AICR_CUST_90_DAY_REPEAT_CONTACT_CNT]
,[AICR_IQUEUE_90_DAY_REPEAT_CALL_CNT]
,[AICR_IQUEUE_90_DAY_REPEAT_CONTACT_CNT]
, [AICR_CTYP_90_DAY_REPEAT_CALL_CNT]
,[AICR_CUST_14_DAY_REPEAT_CALL_CNT]
,[AICR_CUST_14_DAY_REPEAT_CONTACT_CNT]
,[AICR_IQUEUE_14_DAY_REPEAT_CALL_CNT]
,[AICR_IQUEUE_14_DAY_REPEAT_CONTACT_CNT]
,[AICR_CTYP_14_DAY_REPEAT_CALL_CNT]


      ,[AICR_CUST_CHAT_RECEIVED_CNT] AS [AICR_CUST_CHAT_RECEIVED_CNT]
      ,[AICR_CUST_1_HR_REPEAT_CHAT_CNT]
      ,[AICR_CUST_2_HR_REPEAT_CHAT_CNT]
	  ,[AICR_CUST_1_DAY_REPEAT_CHAT_CNT]
      ,[AICR_CUST_7_DAY_REPEAT_CHAT_CNT]
      ,[AICR_CUST_14_DAY_REPEAT_CHAT_CNT]
      ,[AICR_CUST_15_DAY_REPEAT_CHAT_CNT]
      ,[AICR_CUST_30_DAY_REPEAT_CHAT_CNT]
      ,[AICR_CUST_60_DAY_REPEAT_CHAT_CNT]
      ,[AICR_CUST_90_DAY_REPEAT_CHAT_CNT]
      ,[AICR_CUST_CHAT_RECEIVED_CNT] AS [AICR_IQUEUE_CHAT_RECEIVED_CNT]
      ,[AICR_IQUEUE_1_HR_REPEAT_CHAT_CNT]
      ,[AICR_IQUEUE_2_HR_REPEAT_CHAT_CNT]
	  ,[AICR_IQUEUE_1_DAY_REPEAT_CHAT_CNT]
      ,[AICR_IQUEUE_7_DAY_REPEAT_CHAT_CNT]
      ,[AICR_IQUEUE_14_DAY_REPEAT_CHAT_CNT]
      ,[AICR_IQUEUE_15_DAY_REPEAT_CHAT_CNT]
      ,[AICR_IQUEUE_30_DAY_REPEAT_CHAT_CNT]
      ,[AICR_IQUEUE_60_DAY_REPEAT_CHAT_CNT]
      ,[AICR_IQUEUE_90_DAY_REPEAT_CHAT_CNT]
      ,[AICR_CUST_CHAT_RECEIVED_CNT] AS  [AICR_ITYP_CHAT_RECEIVED_CNT]
      ,[AICR_ITYP_1_HR_REPEAT_CHAT_CNT]
      ,[AICR_ITYP_2_HR_REPEAT_CHAT_CNT]
      ,[AICR_ITYP_7_DAY_REPEAT_CHAT_CNT]
      ,[AICR_ITYP_14_DAY_REPEAT_CHAT_CNT]
      ,[AICR_ITYP_15_DAY_REPEAT_CHAT_CNT]
      ,[AICR_ITYP_30_DAY_REPEAT_CHAT_CNT]
      ,[AICR_ITYP_60_DAY_REPEAT_CHAT_CNT]
      ,[AICR_ITYP_90_DAY_REPEAT_CHAT_CNT]


      ,[AICR_CUST_CONTACT_RECEIVED_CNT] AS  [AICR_ITYP_CONTACT_RECEIVED_CNT]
      ,[AICR_ITYP_1_HR_REPEAT_CONTACT_CNT]
      ,[AICR_ITYP_2_HR_REPEAT_CONTACT_CNT]
      ,[AICR_ITYP_7_DAY_REPEAT_CONTACT_CNT]
      ,[AICR_ITYP_14_DAY_REPEAT_CONTACT_CNT]
      ,[AICR_ITYP_15_DAY_REPEAT_CONTACT_CNT]
      ,[AICR_ITYP_30_DAY_REPEAT_CONTACT_CNT]
      ,[AICR_ITYP_60_DAY_REPEAT_CONTACT_CNT]
      ,[AICR_ITYP_90_DAY_REPEAT_CONTACT_CNT]

      ,[AICR_CUST_CONTACT_RECEIVED_CNT] AS AICR_IQUEUE_LOB_CONTACT_RECEIVED_CNT --Added by SS ON 1/7/2022
   	  ,[AICR_IQUEUE_LOB_7_DAY_REPEAT_CONTACT_CNT] --Added by SS ON 1/7/2022
	  ,[AICR_IQUEUE_LOB_30_DAY_REPEAT_CONTACT_CNT] --Added by SS ON 1/7/2022

	  /*--Added by SS ON 3/8/2022*/
      ,[AICR_VCS_CUST_7_DAY_REPEAT_CONTACT_CNT]  
      ,[AICR_VCS_IQUEUE_7_DAY_REPEAT_CONTACT_CNT]
      ,[AICR_VCS_CUST_CONTACT_RECEIVED_CNT]
      ,[AICR_VCS_IQUEUE_CONTACT_RECEIVED_CNT]
	   /*--Added by SS ON 3/8/2022*/


  FROM [NRDP_DM].[dbo].[FACT_MDM_AICR_BASE_V] C WITH (NOLOCK) left join 
  DIM_CURRENT_TODATE D 
  ON C.CALENDAR_DATE = D.CALENDAR_DATE LEFT join
  LKP_DIM_VALUES_INTERACTIONS dv WITH (NOLOCK) 
  ON C.FISCAL_PERIOD_INT =  dv.FISCAL_PERIOD_INT 
  AND c.CALENDAR_DATE = dv.CALENDAR_DATE
  AND c.METRIC_SOURCE = dv.METRIC_SOURCE
  AND c.METRIC_SOURCE_KEY = dv.METRIC_SOURCE_KEY lEFT JOIN
  [dbo].[FACT_AGENT_TRAINING_REF_V] atr WITH (NOLOCK)
  ON c.CALENDAR_DATE=atr.CALENDAR_DATE
  and c.PERNR_NUM= atr.PERNR_NUM left join 
[DIM_TABULAR_AGENT_SKILL_LOCATION_LKP] agt WITH (NOLOCK)
on C.PERNR_NUM = AGT.PERNR_NUM
AND C.FISCAL_PERIOD_INT = AGT.FISCAL_PERIOD_INT

"
FACT_MDM_AUTOPAY_V,"
CREATE VIEW [dbo].[FACT_MDM_AUTOPAY_V] AS 
SELECT CAST(1 AS INT) AS SERIES_ID, 
c.[CALENDAR_DATE]
,C.DATEKEY
,C.CUSTOMER_ACCOUNT_KEY  % 100 AS CUSTOMER_ACCOUNT_KEY
,COALESCE(EBB.CUSTOMER_EBB_BULK_KEY,0) AS CUSTOMER_EBB_BULK_KEY

--,C.[NRDP_AGENT_FISCAL_PERIOD_ID]
,C.[PERNR_NUM]
,c.[FISCAL_PERIOD_INT]
	  ,COALESCE(D.[FISCAL_PERIOD_TODATE_INT],C.FISCAL_PERIOD_INT) AS FISCAL_PERIOD_TODATE_INT
,c.BASE_RGU_PROFILE_ID 
,c.[NRDP_CALL_ATTRIBUTE_ID] 
,c.[NRDP_CLV_ATTRIBUTE_ID]
,C.[TRANSFER_ORIGIN_AGENT_ID]
,C.[TRANSFER_ORIGIN_IACT_ID]
,c.[TENURE_ID]
,coalesce( C.[NBX_M2M_ID],-1) [NBX_M2M_ID]
,coalesce(C.NRDP_CUST_MAP_ID,-1) NRDP_CUST_MAP_ID
,COALESCE(c.SENTIMENT_QA_ID,100000) AS SENTIMENT_QA_ID
,COALESCE(atr.AGENT_TRAINING_ID,-1) AS AGENT_TRAINING_ID
,COALESCE(agt.[AGENT_SKILL_LOCATION_ID],-1) AS AGENT_SKILL_LOCATION_ID 
,COALESCE(agt.SK_PERSON_HIER_ID,-1) AS PERSON_HIER_ID
, COALESCE(agt.AGENT_TENURE_HIER_ID,-1) AS AGENT_TENURE_HIER_ID

,c.[SAMEDAY_AP_CNT]
,c.[POST3_AP_CNT]
,c.[POST7_AP_CNT]
,c.[POST14_AP_CNT]
,c.[POST30_AP_CNT]
,c.[OPPORTUNITY_CNT]
,coalesce(cdr.CALL_DRIVER_GROUP1_ID,0) as CALL_DRIVER_GROUP1_ID
,coalesce(cdr.CALL_DRIVER_GROUP2_ID,0) as CALL_DRIVER_GROUP2_ID
,coalesce(cdr.CALL_DRIVER_GROUP1_ID,0) as CALL_DRIVER_GROUP3_ID
,coalesce(cdr.SPEECH_QUERY_GROUP1_ID,0) as SPEECH_QUERY_GROUP1_ID
,coalesce(cdr.SPEECH_QUERY_GROUP2_ID,0) as SPEECH_QUERY_GROUP2_ID
,COALESCE(EBB.PRODCAT_EBB_ID,0) AS PRODCAT_EBB_ID
FROM   [NRDP_DM].[dbo].[FACT_AUTOPAY] C left join 
  DIM_CURRENT_TODATE D 
  ON C.CALENDAR_DATE = D.CALENDAR_DATE  left join 
  FACT_CALL_DRIVER_SPEECH_QUERY_REF cdr
  ON C.FISCAL_PERIOD_INT = cdr.FISCAL_PERIOD_INT
  AND C.CALENDAR_DATE = cdr.CALENDAR_DATE
  AND C.METRIC_SOURCE = cdr.METRIC_SOURCE
  AND C.METRIC_SOURCE_KEY = cdr.METRIC_SOURCE_KEY left join
[DIM_TABULAR_PERSON_HIER_LKP] lh 
on C.PERNR_NUM = lh.PERNR_NUM
AND c.FISCAL_PERIOD_INT = lh.FISCAL_PERIOD_INT left join 
[DIM_TABULAR_AGENT_SKILL_LOCATION_LKP] agt
on C.PERNR_NUM = AGT.PERNR_NUM
AND C.FISCAL_PERIOD_INT = AGT.FISCAL_PERIOD_INT lEFT JOIN
  [dbo].[FACT_AGENT_TRAINING_REF_V] atr
  ON c.DATEKEY=atr.DATEKEY
  and c.NRDP_AGENT_FISCAL_PERIOD_ID= atr.NRDP_AGENT_FISCAL_PERIOD_ID
left join FACT_EBB_BULK_REF EBB with (nolock)
    on c.[FISCAL_PERIOD_INT] = EBB.[FISCAL_PERIOD_INT]
  and c.[METRIC_SOURCE] = EBB.[METRIC_SOURCE]
  and  c.[CALENDAR_DATE] =EBB.[CALENDAR_DATE]
  and c.[METRIC_SOURCE_KEY] = EBB.[METRIC_SOURCE_KEY]
WHERE c.FISCAL_PERIOD_INT > 201812 

"
FACT_MDM_BIW_ENGAGEMENT_PERNR,"CREATE VIEW [dbo].[FACT_MDM_BIW_ENGAGEMENT_PERNR]
AS
SELECT CAST(1 AS INT) AS SERIES_ID,   --   C. NRDP_AGENT_FISCAL_PERIOD_ID, 
C.FISCAL_PERIOD_INT,D.FISCAL_PERIOD_TODATE_INT, C.CALENDAR_DATE, PERNR, ENGAGEMENTID, PROMOTION_NAME, CAST(CONVERT(VARCHAR(10), C.CALENDAR_DATE, 112) AS INTEGER) AS DATEKEY
,COALESCE(agt.[AGENT_SKILL_LOCATION_ID],-1) AS AGENT_SKILL_LOCATION_ID 
,COALESCE(agt.SK_PERSON_HIER_ID,-1) AS PERSON_HIER_ID, COALESCE(agt.AGENT_TENURE_HIER_ID,-1) AS AGENT_TENURE_HIER_ID

FROM            FACT_BIW_ENGAGEMENT C left join 
  DIM_MDM_FISCAL_PERIOD_TODATE_V D 
  ON C.CALENDAR_DATE = D.CALENDAR_DATE
 left join [DIM_TABULAR_AGENT_SKILL_LOCATION_LKP] agt with (nolock) 
    --on A.PERNR_NUM = AGT.PERNR_NUM AND C.FISCAL_PERIOD_INT = AGT.FISCAL_PERIOD_INT
	ON C.NRDP_AGENT_FISCAL_PERIOD_ID = agt.NRDP_AGENT_FISCAL_PERIOD_ID
WHERE        (PERNR > 0)
"
FACT_MDM_BIW_ENGAGEMENT_V,"
CREATE VIEW [dbo].[FACT_MDM_BIW_ENGAGEMENT_V]
AS
SELECT CAST(1 AS INT) AS SERIES_ID, C.[FISCAL_PERIOD_INT]
	  ,COALESCE(D.[FISCAL_PERIOD_TODATE_INT],C.FISCAL_PERIOD_INT) AS FISCAL_PERIOD_TODATE_INT
      ,C.[CALENDAR_DATE]
      ,CAST(Convert(CHAR(8),C.[CALENDAR_DATE],112) AS INT) AS [DATEKEY]

      ,C.[NTLOGIN_ID] AS NTLOGINID
	--  ,C.NRDP_AGENT_FISCAL_PERIOD_ID
      ,A.PERNR_NUM AS PERNR
     ,nullif([BADGE_RECEIVED_COUNT],0) as [BADGE_RECEIVED_COUNT]
     ,nullif([ALL_PLAYS_DATE_ISSUED],0) as [ALL_PLAYS_DATE_ISSUED]
     ,nullif([ALL_PLAYS_DATE_PLAYED],0) as [ALL_PLAYS_DATE_PLAYED]
     ,nullif([ALL_PLAYS_AWARD_QUANTITY],0) as [ALL_PLAYS_AWARD_QUANTITY]
     ,nullif([ALL_PLAYS_GAMES_AWARDED],0) as [ALL_PLAYS_GAMES_AWARDED]
     ,nullif([ALL_PLAYS_GAMES_PLAYED],0) as [ALL_PLAYS_GAMES_PLAYED]
     ,nullif([ALL_PLAYS_GAMES_UNPLAYED],0) as [ALL_PLAYS_GAMES_UNPLAYED]
     ,nullif([PERCENT_GAMES_ISSUED],0) as [PERCENT_GAMES_ISSUED]
     ,nullif([PERCENT_GAMES_PLAYED],0) as [PERCENT_GAMES_PLAYED]
     ,nullif([PERCENT_PLAYED],0) as [PERCENT_PLAYED]
     ,nullif([NRDP_AGENT_ID],0) as [NRDP_AGENT_ID]
     ,nullif([NRDP_PERNR_NUM],0) as [NRDP_PERNR_NUM]
     ,nullif([TRANSACTION_AMT],0) as [TRANSACTION_AMT]
     ,nullif([PASSING_SCORE],0) as [PASSING_SCORE]
     ,nullif([PROMOTION_START_DATE],0) as [PROMOTION_START_DATE]
     ,nullif([PROMOTION_END_DATE],0) as [PROMOTION_END_DATE]
     ,nullif([NBR_CORRECT],0) as [NBR_CORRECT]
     ,nullif([NBR_TIMES_ASKED],0) as [NBR_TIMES_ASKED]
     ,nullif([NBR_ASKED],0) as [NBR_ASKED]
     ,nullif([DEPOSIT_TRANSACTION_COUNT],0) as [DEPOSIT_TRANSACTION_COUNT]
	  ,CAST(100000 as int) as SENTIMENT_QA_ID
,CAST(-1 AS INT) AS AGENT_TRAINING_ID
,COALESCE(ENGAGEMENTID,-1) AS ENGAGEMENTID
,CASE WHEN ALL_PLAYS_GAMES_PLAYED = 1 THEN nullif(ALL_PLAYS_AWARD_QUANTITY,0)  END AS GAMES_PLAYED_AWARD_QUANTITY
,CASE WHEN ALL_PLAYS_GAMES_UNPLAYED = 1 THEN nullif(ALL_PLAYS_AWARD_QUANTITY,0) END AS GAMES_UNPLAYED_AWARD_QUANTITY
,COALESCE(agt.[AGENT_SKILL_LOCATION_ID],-1) AS AGENT_SKILL_LOCATION_ID 
,COALESCE(agt.SK_PERSON_HIER_ID,-1) AS PERSON_HIER_ID
, COALESCE(agt.AGENT_TENURE_HIER_ID,-1) AS AGENT_TENURE_HIER_ID
  FROM [NRDP_DM].[dbo].[FACT_BIW_ENGAGEMENT] C left join 
  DIM_CURRENT_TODATE D 
  ON C.CALENDAR_DATE = D.CALENDAR_DATE
  LEFT JOIN
  [dbo].[DIM_AGENT_FISCAL_PERIOD_EOM_V] A
  ON C.[FISCAL_PERIOD_INT] = A.[FISCAL_PERIOD_INT]
  AND C.[NTLOGIN_ID] = A.[NTLOGIN_ID] 
  lEFT JOIN
  [dbo].[FACT_AGENT_TRAINING_REF_V] atr
  ON CAST(CONVERT(VARCHAR(10), C.CALENDAR_DATE , 112) AS INTEGER) =atr.DATEKEY
  and  COALESCE(C.[NRDP_AGENT_FISCAL_PERIOD_ID], CAST('-1.'+RIGHT(C.[FISCAL_PERIOD_INT],4) AS MONEY))= atr.NRDP_AGENT_FISCAL_PERIOD_ID
   left join [DIM_TABULAR_AGENT_SKILL_LOCATION_LKP] agt with (nolock)
    --on A.PERNR_NUM = AGT.PERNR_NUM AND C.FISCAL_PERIOD_INT = AGT.FISCAL_PERIOD_INT
	ON C.NRDP_AGENT_FISCAL_PERIOD_ID = agt.NRDP_AGENT_FISCAL_PERIOD_ID


"
FACT_MDM_BIW_XCHANGE_PERNR,"



CREATE     VIEW [dbo].[FACT_MDM_BIW_XCHANGE_PERNR]
AS
SELECT CAST(1 AS INT) AS SERIES_ID   --   C. NRDP_AGENT_FISCAL_PERIOD_ID, 
, C.FISCAL_PERIOD_INT
, C.CALENDAR_DATE
, case when c.NO_OF_LOGIN >0 then coalesce(C.PERNR,C.NRDP_PERNR_NUM)
else 0
end   PERNR --coalesce(C.PERNR,C.NRDP_PERNR_NUM)  PERNR (altered for DMRASSIST-2801 26/03/2023)
,-1 AS ENGAGEMENTID
, CAST(CONVERT(VARCHAR(10), C.CALENDAR_DATE, 112) AS INTEGER) AS DATEKEY
,COALESCE(agt.[AGENT_SKILL_LOCATION_ID],-1) AS AGENT_SKILL_LOCATION_ID 
,COALESCE(agt.SK_PERSON_HIER_ID,-1) AS PERSON_HIER_ID
, COALESCE(agt.AGENT_TENURE_HIER_ID,-1) AS AGENT_TENURE_HIER_ID

FROM           [dbo].[FACT_BIW_XCHANGE] C left join 
[DIM_TABULAR_AGENT_SKILL_LOCATION_LKP] agt with (nolock) 
    on coalesce(C.PERNR,C.NRDP_PERNR_NUM) = AGT.PERNR_NUM AND C.FISCAL_PERIOD_INT = AGT.FISCAL_PERIOD_INT
	--ON C.NRDP_AGENT_FISCAL_PERIOD_ID = agt.NRDP_AGENT_FISCAL_PERIOD_ID
WHERE        (coalesce(C.PERNR,C.NRDP_PERNR_NUM)  > 0)
"
FACT_MDM_BIW_XCHANGE_V,"













CREATE VIEW [dbo].[FACT_MDM_BIW_XCHANGE_V] AS 
SELECT CAST(1 AS INT) AS SERIES_ID, 
 C.[FISCAL_PERIOD_INT]
      ,C.[CALENDAR_DATE]
      ,CAST(Convert(CHAR(8),C.[CALENDAR_DATE],112) AS INT) AS [DATEKEY]
, coalesce(C.PERNR,C.NRDP_PERNR_NUM) AS PERNR_NUM 
,COALESCE(agt.[AGENT_SKILL_LOCATION_ID],-1) AS AGENT_SKILL_LOCATION_ID 
,COALESCE(agt.SK_PERSON_HIER_ID,-1) AS PERSON_HIER_ID
, COALESCE(agt.AGENT_TENURE_HIER_ID,-1) AS AGENT_TENURE_HIER_ID,
CAST(-1 AS INTEGER) CUSTOMER_ACCOUNT_BULK_KEY -- Added by SS ON 7/19/21

,CAST(-1 AS INTEGER) CUSTOMER_ACCOUNT_DEMO_KEY -- Added by SS ON 7/19/21
,CAST(-1 AS INTEGER) ENGAGEMENTID

 ,case when NO_OF_LOGIN =0 then 100
when  NO_OF_LOGIN  between 1 and 10 then 200
when  NO_OF_LOGIN  between 11 and 20 then 300
when  NO_OF_LOGIN  between 21 and 30 then 400
else 500 end +
case when NO_OF_RECOG_RECEIVED =0 then 10
when  NO_OF_RECOG_RECEIVED = 1 then  20
when  NO_OF_RECOG_RECEIVED = 2 then 30
when  NO_OF_RECOG_RECEIVED = 3 then 40
else 50 end +
case when NO_OF_AWARD_PNTS_RECEIVED = 0 then 1
when  NO_OF_AWARD_PNTS_RECEIVED between 1 and 50 then  2
when  NO_OF_AWARD_PNTS_RECEIVED between 51 and 150 then 3
when  NO_OF_AWARD_PNTS_RECEIVED between 151 and 300 then 4
else 5 end as BUCKET_ID,
 [NO_OF_LOGIN], 
 [NO_OF_RECOG_GIVEN], 
 [NO_OF_RECOG_RECEIVED], 
 [NO_BADGES_SENT],
 [NO_OF_BADGES_RECEIVED], 
 [NO_OF_AWARD_PNTS_RECEIVED], 
 [NO_OF_RECOG_GIVEN_PNTS], 
 [NO_RECOG_LIKES], 
 [NO_RECOG_COMMENTS],
 [NO_POINTS_SENT]

,CAST(100000 as int) as SENTIMENT_QA_ID
FROM  [dbo].[FACT_BIW_XCHANGE] C WITH (NOLOCK)  LEFT JOIN 
  [dbo].[DIM_AGENT_FISCAL_PERIOD_MOST_V] A WITH (NOLOCK)
  ON C.[FISCAL_PERIOD_INT] = A.[FISCAL_PERIOD_INT]
  AND C.[NRDP_PERNR_NUM] = A.[PERNR_NUM]   left join 
[DIM_TABULAR_AGENT_SKILL_LOCATION_LKP] agt with (nolock) 
    on coalesce(C.PERNR,C.NRDP_PERNR_NUM) = AGT.PERNR_NUM AND C.FISCAL_PERIOD_INT = AGT.FISCAL_PERIOD_INT
  WHERE C.DATA_IND=1 AND  C.CALENDAR_DATE < DATEADD(D,-1,GETDATE())
  and c.FISCAL_PERIOD_INT > 201812 
"
FACT_MDM_BRIDGE_FISCAL_PERIOD_TODATE_V,"


CREATE VIEW [dbo].[FACT_MDM_BRIDGE_FISCAL_PERIOD_TODATE_V] AS 
    SELECT DISTINCT 
	  ([FISCAL_PERIOD_INT]* 1000)+1 AS BRIDGE_KEY
      ,[FISCAL_PERIOD_INT]
      ,[FISCAL_PERIOD_TODATE_INT] 
	  ,'Current' as COMPARE_TYPE
	  ,PERIOD_DESC
	  ,FISCAL_PERIOD_ORDER 
    FROM [NRDP_DM].[dbo].[DIM_MDM_FISCAL_PERIOD_TODATE_V]
UNION ALL
  SELECT DISTINCT 
	  (V1.[FISCAL_PERIOD_INT]* 1000)+2

      ,V1.[FISCAL_PERIOD_INT]
      ,V2.[FISCAL_PERIOD_TODATE_INT]
	  ,'Prior Period' as COMPARE_TYPE
	  ,V1.PERIOD_DESC
	  ,V1.FISCAL_PERIOD_ORDER 

    FROM [NRDP_DM].[dbo].[DIM_MDM_FISCAL_PERIOD_TODATE_V] V1 JOIN
	[NRDP_DM].[dbo].[DIM_MDM_FISCAL_PERIOD_TODATE_V] V2
	ON V1.CALENDAR_DATE = DATEADD(MONTH,1,V2.CALENDAR_DATE) 

  WHERE V1.[PP_IND]='YES' AND V1.CALENDAR_DATE <=DATEADD(MONTH, 1,V1.LOAD_DATE) 
  UNION ALL
    SELECT DISTINCT 
	  (V1.[FISCAL_PERIOD_INT]* 1000)+3

      ,V1.[FISCAL_PERIOD_INT]
      ,V2.[FISCAL_PERIOD_TODATE_INT]
	  ,'Year Ago' as COMPARE_TYPE
	  ,V1.PERIOD_DESC
	  ,V1.FISCAL_PERIOD_ORDER 

    FROM [NRDP_DM].[dbo].[DIM_MDM_FISCAL_PERIOD_TODATE_V] V1 JOIN
	[NRDP_DM].[dbo].[DIM_MDM_FISCAL_PERIOD_TODATE_V] V2
	ON V1.CALENDAR_DATE = DATEADD(YEAR,1,V2.CALENDAR_DATE) 

  WHERE V1.[YTD_IND]='YES' AND V1.CALENDAR_DATE <=DATEADD(YEAR,1,V1.LOAD_DATE) 

"
FACT_MDM_BRIDGE_PRODUCT_ORDER_TYPE_V,"CREATE VIEW [dbo].[FACT_MDM_BRIDGE_PRODUCT_ORDER_TYPE_V]
AS
SELECT      *
FROM [FACT_BRIDGE_PRODUCT_ORDER_TYPE_V2]
"
FACT_MDM_CALL_BEG_COUNTS_V,"















CREATE VIEW [dbo].[FACT_MDM_CALL_BEG_COUNTS_V] AS 
SELECT C.DATEKEY
      ,c.[CALENDAR_DATE]
	  ,c.[FISCAL_PERIOD_INT]
     ,c.[FISCAL_PERIOD_INT] AS FISCAL_PERIOD_TODATE_INT
           , CAST(1 AS DECIMAL(12,4)) AS [NRDP_AGENT_FISCAL_PERIOD] 
	  ,CAST(1 AS INT) SERIES_ID
      ,dv.[PERNR_NUM]
	  ,dv.[CUSTOMER_ACCOUNT_KEY]
      ,dv.[CUSTOMER_EBB_BULK_KEY]
      ,dv.[CUSTOMER_ACCOUNT_DEMO_KEY]
	  ,dv.[NRDP_CALL_ATTRIBUTE_ID]
      ,dv.[NRDP_CLV_ATTRIBUTE_ID]
      ,dv.[TRANSFER_ORIGIN_AGENT_ID]
      ,dv.[TRANSFER_ORIGIN_IACT_ID]
      ,dv.[TENURE_ID]
      ,dv.[BASE_RGU_PROFILE_ID]
      ,COALESCE(dv.SENTIMENT_QA_ID,100000) AS SENTIMENT_QA_ID
      ,dv.[NBX_M2M_ID]
  	  ,COALESCE(dv.MOVE_INCOME_CONSTRAINED_ID,-1) as MOVE_INCOME_CONSTRAINED_ID
	  ,CASE WHEN dv.PERNR_NUM > 0 AND dv.CUSTOMER_ACCOUNT_ID > 0 THEN 1 ELSE 0 END AS LTR_CANDIDATE_IND
      ,COALESCE(c.[PRODCAT_XTV_DGTL_ID],0) AS [PRODCAT_XTV_DGTL_ID]
      ,COALESCE(c.[PRODCAT_XTV_PPAY_ID],0) AS [PRODCAT_XTV_PPAY_ID]
      ,COALESCE(c.[PRODCAT_XI_TIER_ID],0) AS [PRODCAT_XI_TIER_ID]
      ,COALESCE(c.[PRODCAT_XH_XTV_XV_TIER_ID],0) AS [PRODCAT_XH_XTV_XV_TIER_ID]
      ,COALESCE(c.[PRODCAT_AO_ID],0) AS [PRODCAT_AO_ID]
	  ,COALESCE(dv.CALL_DRIVER_GROUP1_ID,0) AS CALL_DRIVER_GROUP1_ID
	  ,COALESCE(dv.CALL_DRIVER_GROUP2_ID,0) AS CALL_DRIVER_GROUP2_ID
	  ,COALESCE(dv.CALL_DRIVER_GROUP3_ID,0) AS CALL_DRIVER_GROUP3_ID
	  ,COALESCE(dv.SPEECH_QUERY_GROUP1_ID,0) AS SPEECH_QUERY_GROUP1_ID
	  ,COALESCE(dv.SPEECH_QUERY_GROUP2_ID,0) AS SPEECH_QUERY_GROUP2_ID
	  ,coalesce(dv.NRDP_CUST_MAP_ID,-1) as NRDP_CUST_MAP_ID
      ,COALESCE(dv.PRODCAT_EBB_ID,0) AS PRODCAT_EBB_ID
	  ,COALESCE(dv.PRE_NRDP_XAP_EXIT_ID,-1) as PRE_NRDP_XAP_EXIT_ID

	  ,COALESCE(atr.AGENT_TRAINING_ID,-1) AS AGENT_TRAINING_ID
	  ,COALESCE(agt.[AGENT_SKILL_LOCATION_ID],-1) AS AGENT_SKILL_LOCATION_ID 
	  ,COALESCE(agt.SK_PERSON_HIER_ID,-1) AS PERSON_HIER_ID
	  , COALESCE(agt.AGENT_TENURE_HIER_ID,-1) AS AGENT_TENURE_HIER_ID

,NULLIF(pcAO.BEG_BULK_INTERNET_CNT,0) as IACT_BEG_BULK_INTERNET_CNT
,NULLIF(pcAO.BEG_BULK_TV_CNT,0) as IACT_BEG_BULK_TV_CNT
,NULLIF(pcAO.BEG_CONTRACT_ACCEPT_CNT,0) as IACT_BEG_CONTRACT_ACCEPT_CNT
,NULLIF(c.BEG_FLEX_CNT,0) as IACT_BEG_FLEX_CNT
,NULLIF(pcAO.BEG_IP_STREAMING_CNT,0) as IACT_BEG_IP_STREAMING_CNT
,NULLIF(pcAO.BEG_NETFLIX_BUNDLE_CNT,0) as IACT_BEG_NETFLIX_BUNDLE_CNT
,NULLIF(pcAO.BEG_NETFLIX_BUNDLE_PROMO_CNT,0) as IACT_BEG_NETFLIX_BUNDLE_PROMO_CNT
,NULLIF(pcAO.BEG_PREPAID_INSTANT_TV_CNT,0) as IACT_BEG_PREPAID_INSTANT_TV_CNT
,NULLIF(pcAO.BEG_PREPAID_XI_CNT,0) as IACT_BEG_PREPAID_XI_CNT
,NULLIF(pcAO.BEG_PREPAID_XTV_CNT,0) as IACT_BEG_PREPAID_XTV_CNT
,NULLIF(pcAO.BEG_SEASONAL_XH_CNT,0) as IACT_BEG_SEASONAL_XH_CNT
,NULLIF(pcAO.BEG_SEASONAL_XI_CNT,0) as IACT_BEG_SEASONAL_XI_CNT
,NULLIF(pcAO.BEG_SEASONAL_XTV_CNT,0) as IACT_BEG_SEASONAL_XTV_CNT
,NULLIF(pcAO.BEG_SEASONAL_XV_CNT,0) as IACT_BEG_SEASONAL_XV_CNT
,NULLIF(pcAO.BEG_SIK_CNT,0) as IACT_BEG_SIK_CNT
,NULLIF(pcAO.BEG_XFI_ADVANCED_SECURITY_CNT,0) as IACT_BEG_XFI_ADVANCED_SECURITY_CNT
,NULLIF(pcAO.BEG_XFI_POD_CNT,0) as IACT_BEG_XFI_POD_CNT
,NULLIF(BEG_XH_TIER_BASIC_CNT,0) as IACT_BEG_XH_TIER_BASIC_CNT
,NULLIF(BEG_XH_TIER_BETTER_CNT,0) as IACT_BEG_XH_TIER_BETTER_CNT
,NULLIF(BEG_XH_TIER_BULK_MASTER_SECURE_SERVICE_CNT,0) as IACT_BEG_XH_TIER_BULK_MASTER_SECURE_SERVICE_CNT
,NULLIF(BEG_XH_TIER_CONTROL_100_CNT,0) as IACT_BEG_XH_TIER_CONTROL_100_CNT
,NULLIF(BEG_XH_TIER_CONTROL_150_CNT,0) as IACT_BEG_XH_TIER_CONTROL_150_CNT
,NULLIF(BEG_XH_TIER_PREMIER_CNT,0) as IACT_BEG_XH_TIER_PREMIER_CNT
,NULLIF(BEG_XH_TIER_SECURE_PLUS_SERVICE_CNT,0) as IACT_BEG_XH_TIER_SECURE_PLUS_SERVICE_CNT
,NULLIF(BEG_XH_TIER_SECURITY_SERVICE_CNT,0) as IACT_BEG_XH_TIER_SECURITY_SERVICE_CNT
,NULLIF(BEG_XH_TIER_SECURITY_SERVICE_MODULAR_CNT,0) as IACT_BEG_XH_TIER_SECURITY_SERVICE_MODULAR_CNT
,NULLIF(BEG_XH_TIER_TPS_CNT,0) as IACT_BEG_XH_TIER_TPS_CNT
,NULLIF(BEG_XI_TIER_BLAST_CNT,0) as IACT_BEG_XI_TIER_BLAST_CNT
,NULLIF(BEG_XI_TIER_BLASTPRO_CNT,0) as IACT_BEG_XI_TIER_BLASTPRO_CNT
,NULLIF(BEG_XI_TIER_ECONOMY_PLUS_CNT,0) as IACT_BEG_XI_TIER_ECONOMY_PLUS_CNT
,NULLIF(BEG_XI_TIER_EXTREME_CNT,0) as IACT_BEG_XI_TIER_EXTREME_CNT
,NULLIF(BEG_XI_TIER_EXTREME_105_150_CNT,0) as IACT_BEG_XI_TIER_EXTREME_105_150_CNT
,NULLIF(BEG_XI_TIER_EXTREME_250_CNT,0) as IACT_BEG_XI_TIER_EXTREME_250_CNT
,NULLIF(BEG_XI_TIER_EXTREME_250_505_CNT,0) as IACT_BEG_XI_TIER_EXTREME_250_505_CNT
,NULLIF(BEG_XI_TIER_EXTREME_300_CNT,0) as IACT_BEG_XI_TIER_EXTREME_300_CNT
,NULLIF(BEG_XI_TIER_EXTREME_400_CNT,0) as IACT_BEG_XI_TIER_EXTREME_400_CNT
,NULLIF(BEG_XI_TIER_GIGABIT_CNT,0) as IACT_BEG_XI_TIER_GIGABIT_CNT
,NULLIF(BEG_XI_TIER_GIGABIT_INTERNET_CNT,0) as IACT_BEG_XI_TIER_GIGABIT_INTERNET_CNT
,NULLIF(BEG_XI_TIER_GIGABIT_PRO_CNT,0) as IACT_BEG_XI_TIER_GIGABIT_PRO_CNT
,NULLIF(BEG_XI_TIER_HSI_PERFORMANCE_CNT,0) as IACT_BEG_XI_TIER_HSI_PERFORMANCE_CNT
,NULLIF(BEG_XI_TIER_INTERNET_5_CNT,0) as IACT_BEG_XI_TIER_INTERNET_5_CNT
,NULLIF(pcXI.BEG_XI_TIER_INTERNET_ESSENTIALS_CNT,0) as IACT_BEG_XI_TIER_INTERNET_ESSENTIALS_CNT
,NULLIF(BEG_XI_TIER_PERFORMANCE_100_CNT,0) as IACT_BEG_XI_TIER_PERFORMANCE_100_CNT
,NULLIF(BEG_XI_TIER_PERFORMANCE_25_CNT,0) as IACT_BEG_XI_TIER_PERFORMANCE_25_CNT
,NULLIF(BEG_XI_TIER_PERFORMANCE_PRO_CNT,0) as IACT_BEG_XI_TIER_PERFORMANCE_PRO_CNT
,NULLIF(BEG_XI_TIER_PERFORMANCE_SELECT_CNT,0) as IACT_BEG_XI_TIER_PERFORMANCE_SELECT_CNT
,NULLIF(BEG_XI_TIER_PERFORMANCE_STARTER_CNT,0) as IACT_BEG_XI_TIER_PERFORMANCE_STARTER_CNT
,NULLIF(BEG_XI_TIER_ULTRA_CNT,0) as IACT_BEG_XI_TIER_ULTRA_CNT
,NULLIF(BEG_XI_TIER_UNLIMITED_CNT,0) as IACT_BEG_XI_TIER_UNLIMITED_CNT
,NULLIF(BEG_XTV_DGTL_ADD_ON_3D_TV_CNT,0) as IACT_BEG_XTV_DGTL_ADD_ON_3D_TV_CNT
,NULLIF(BEG_XTV_DGTL_ADD_ON_DEPORTES_CNT,0) as IACT_BEG_XTV_DGTL_ADD_ON_DEPORTES_CNT
,NULLIF(BEG_XTV_DGTL_ADD_ON_ATT_CNT,0) as IACT_BEG_XTV_DGTL_ADD_ON_ATT_CNT
,NULLIF(BEG_XTV_DGTL_ADD_ON_BASIC_CNT,0) as IACT_BEG_XTV_DGTL_ADD_ON_BASIC_CNT
,NULLIF(BEG_XTV_DGTL_ADD_ON_INFORMATION_CNT,0) as IACT_BEG_XTV_DGTL_ADD_ON_INFORMATION_CNT
,NULLIF(BEG_XTV_DGTL_ADD_ON_MUSIC_CNT,0) as IACT_BEG_XTV_DGTL_ADD_ON_MUSIC_CNT
,NULLIF(BEG_XTV_DGTL_ADD_ON_STANDARD_CNT,0) as IACT_BEG_XTV_DGTL_ADD_ON_STANDARD_CNT
,NULLIF(BEG_XTV_DGTL_ADD_ON_VARIETY_CNT,0) as IACT_BEG_XTV_DGTL_ADD_ON_VARIETY_CNT
,NULLIF(BEG_XTV_DGTL_ADD_ON_ENTERTAINMENT_LIFESTYLE_CNT,0) as IACT_BEG_XTV_DGTL_ADD_ON_ENTERTAINMENT_LIFESTYLE_CNT
,NULLIF(BEG_XTV_DGTL_ADD_ON_FAMILY_TIER_CNT,0) as IACT_BEG_XTV_DGTL_ADD_ON_FAMILY_TIER_CNT
,NULLIF(BEG_XTV_DGTL_ADD_ON_KIDS_CNT,0) as IACT_BEG_XTV_DGTL_ADD_ON_KIDS_CNT
,NULLIF(BEG_XTV_DGTL_ADD_ON_LATINO_CNT,0) as IACT_BEG_XTV_DGTL_ADD_ON_LATINO_CNT
,NULLIF(BEG_XTV_DGTL_ADD_ON_MINI_TIER_CNT,0) as IACT_BEG_XTV_DGTL_ADD_ON_MINI_TIER_CNT
,NULLIF(BEG_XTV_DGTL_ADD_ON_MOVIES_MUSIC_TIER_CNT,0) as IACT_BEG_XTV_DGTL_ADD_ON_MOVIES_MUSIC_TIER_CNT
,NULLIF(BEG_XTV_DGTL_ADD_ON_MOVIES_THEME_PACK_CNT,0) as IACT_BEG_XTV_DGTL_ADD_ON_MOVIES_THEME_PACK_CNT
,NULLIF(BEG_XTV_DGTL_ADD_ON_MUSIC_CHOICE_CNT,0) as IACT_BEG_XTV_DGTL_ADD_ON_MUSIC_CHOICE_CNT
,NULLIF(BEG_XTV_DGTL_ADD_ON_NEWS_INFO_THEME_PACK_CNT,0) as IACT_BEG_XTV_DGTL_ADD_ON_NEWS_INFO_THEME_PACK_CNT
,NULLIF(BEG_XTV_DGTL_ADD_ON_SPORTS_CNT,0) as IACT_BEG_XTV_DGTL_ADD_ON_SPORTS_CNT
,NULLIF(BEG_XTV_DGTL_ADD_ON_THEME_REVENUE_CNT,0) as IACT_BEG_XTV_DGTL_ADD_ON_THEME_REVENUE_CNT
,NULLIF(BEG_XTV_DGTL_TIER_BASIC_VIDEO_A_O_CNT,0) as IACT_BEG_XTV_DGTL_TIER_BASIC_VIDEO_A_O_CNT
,NULLIF(BEG_XTV_DGTL_TIER_ECONOMY_CNT,0) as IACT_BEG_XTV_DGTL_TIER_ECONOMY_CNT
,NULLIF(BEG_XTV_DGTL_TIER_PREFERRED_CNT,0) as IACT_BEG_XTV_DGTL_TIER_PREFERRED_CNT
,NULLIF(BEG_XTV_DGTL_TIER_STARTER_CNT,0) as IACT_BEG_XTV_DGTL_TIER_STARTER_CNT
,NULLIF(BEG_XTV_DGTL_TIER_STARTER_LITE_CNT,0) as IACT_BEG_XTV_DGTL_TIER_STARTER_LITE_CNT
,NULLIF(BEG_XTV_DGTL_TIER_ENTERTAINMENT_CNT,0) as IACT_BEG_XTV_DGTL_TIER_ENTERTAINMENT_CNT
,NULLIF(BEG_XTV_DGTL_TIER_GENREPACKS_CNT,0) as IACT_BEG_XTV_DGTL_TIER_GENREPACKS_CNT
,NULLIF(BEG_XTV_DGTL_TIER_GET_STARTED_CNT,0) as IACT_BEG_XTV_DGTL_TIER_GET_STARTED_CNT
,NULLIF(BEG_XTV_DGTL_TIER_KIDS_FAMILY_CNT,0) as IACT_BEG_XTV_DGTL_TIER_KIDS_FAMILY_CNT
,NULLIF(BEG_XTV_DGTL_TIER_SPORTS_NEWS_CNT,0) as IACT_BEG_XTV_DGTL_TIER_SPORTS_NEWS_CNT
,NULLIF(BEG_XTV_PPAY_CINEMAX_CNT,0) as IACT_BEG_XTV_PPAY_CINEMAX_CNT
,NULLIF(BEG_XTV_PPAY_ENCORE_CNT,0) as IACT_BEG_XTV_PPAY_ENCORE_CNT
,NULLIF(BEG_XTV_PPAY_EPIX_CNT,0) as IACT_BEG_XTV_PPAY_EPIX_CNT
,NULLIF(BEG_XTV_PPAY_HBO_CNT,0) as IACT_BEG_XTV_PPAY_HBO_CNT
,NULLIF(BEG_XTV_PPAY_PLAYBOY_CNT,0) as IACT_BEG_XTV_PPAY_PLAYBOY_CNT
,NULLIF(BEG_XTV_PPAY_SHOWTIME_CNT,0) as IACT_BEG_XTV_PPAY_SHOWTIME_CNT
,NULLIF(BEG_XTV_PPAY_STARZ_CNT,0) as IACT_BEG_XTV_PPAY_STARZ_CNT
,NULLIF(BEG_XTV_PPAY_STREAMPIX_CNT,0) as IACT_BEG_XTV_PPAY_STREAMPIX_CNT
,NULLIF(BEG_XTV_PPAY_TMC_CNT,0) as IACT_BEG_XTV_PPAY_TMC_CNT
,NULLIF(BEG_XTV_TIER_B1_FAT_CNT,0) as IACT_BEG_XTV_TIER_B1_FAT_CNT
,NULLIF(BEG_XTV_TIER_B1_IP_VIDEO_CNT,0) as IACT_BEG_XTV_TIER_B1_IP_VIDEO_CNT
,NULLIF(BEG_XTV_TIER_B1_MODULAR_CNT,0) as IACT_BEG_XTV_TIER_B1_MODULAR_CNT
,NULLIF(BEG_XTV_TIER_B2_CNT,0) as IACT_BEG_XTV_TIER_B2_CNT
,NULLIF(BEG_XTV_TIER_LIMITED_ANALOG_CNT,0) as IACT_BEG_XTV_TIER_LIMITED_ANALOG_CNT
,NULLIF(BEG_XV_TIER_LOCAL_CNT,0) as IACT_BEG_XV_TIER_LOCAL_CNT
,NULLIF(BEG_XV_TIER_UNLIMITED_CNT,0) as IACT_BEG_XV_TIER_UNLIMITED_CNT
,NULLIF(BEG_XV_TIER_UNLIMITED_SAVER_CNT,0) as IACT_BEG_XV_TIER_UNLIMITED_SAVER_CNT
,NULLIF(BEG_XV_TIER_UNLIMITED_SELECT_CNT,0) as IACT_BEG_XV_TIER_UNLIMITED_SELECT_CNT
,NULLIF(pcAO.BEG_XFI_ADVANTAGE_CNT,0) as IACT_BEG_XFI_ADVANTAGE_CNT
,NULLIF(pcAO.BEG_XI_EQUIP_XFI_ADVANCED_GTWY_XB6_CNT,0) as IACT_BEG_XI_EQUIP_XFI_ADVANCED_GTWY_XB6_CNT
,NULLIF(BEG_XTV_PPAY_EXTRA_CHANNELS_PACK_CNT,0) as IACT_BEG_XTV_PPAY_EXTRA_CHANNELS_PACK_CNT
,NULLIF(BEG_XTV_PPAY_PREFERRED_PLUS_CHANNELS_PACK_CNT,0) as IACT_BEG_XTV_PPAY_PREFERRED_PLUS_CHANNELS_PACK_CNT
,NULLIF(BEG_XI_TIER_BLASTPRO_PLUS_CNT,0) as IACT_BEG_XI_TIER_BLASTPRO_PLUS_CNT
,NULLIF(BEG_XI_TIER_EXTREME_PRO_PLUS_CNT,0) as IACT_BEG_XI_TIER_EXTREME_PRO_PLUS_CNT
,NULLIF(BEG_XI_TIER_PERFORMANCE_PRO_PLUS_CNT,0) as IACT_BEG_XI_TIER_PERFORMANCE_PRO_PLUS_CNT
,NULLIF(BEG_XI_TIER_PERFORMANCE_STARTER_PLUS_CNT,0) as IACT_BEG_XI_TIER_PERFORMANCE_STARTER_PLUS_CNT

,NULLIF(BEG_SUB_XMPP_CNT,0) AS IACT_BEG_SUB_XMPP_CNT
,NULLIF(BEG_XMPP_REV_AMT,0) AS IACT_BEG_XMPP_REV_AMT
,NULLIF(BEG_XM_LINE_BY_THE_GIG_CNT,0) AS IACT_BEG_XM_LINE_BY_THE_GIG_CNT
,NULLIF(BEG_XM_LINE_UNLIMITED_CNT,0) AS IACT_BEG_XM_LINE_UNLIMITED_CNT
,NULLIF(BEG_FOREIGN_PAY_TV_CNT,0) AS IACT_BEG_FOREIGN_PAY_TV_CNT
,NULLIF(BEG_PPV_SPORTS_PACKAGE_CNT,0) AS IACT_BEG_PPV_SPORTS_PACKAGE_CNT
,NULLIF(BEG_SUBSCRIPTION_VOD_CNT,0) AS IACT_BEG_SUBSCRIPTION_VOD_CNT
,NULLIF(BEG_XH_EQUIP_CNT,0) AS IACT_BEG_XH_EQUIP_CNT
,NULLIF(BEG_XI_EQUIP_WIRELESS_GTWY_FIBER_CDV_HSD_CNT,0) AS IACT_BEG_XI_EQUIP_WIRELESS_GTWY_FIBER_CDV_HSD_CNT
,NULLIF(pcAO.BEG_XI_EQUIP_XFI_WIRELESS_GTWY_XB3_CNT,0) AS IACT_BEG_XI_EQUIP_XFI_WIRELESS_GTWY_XB3_CNT
,NULLIF(BEG_XTV_EQUIP_CNT,0) AS IACT_BEG_XTV_EQUIP_CNT
,NULLIF(BEG_XTV_EQUIP_ADVANCED_CNT,0) AS IACT_BEG_XTV_EQUIP_ADVANCED_CNT
,NULLIF(BEG_XV_EQUIP_CNT,0) AS IACT_BEG_XV_EQUIP_CNT
,NULLIF(BEG_XV_XI_CUST_OWNED_EQUIP_CNT,0) AS IACT_BEG_XV_XI_CUST_OWNED_EQUIP_CNT
,NULLIF(BEG_BROADCAST_TV_FEES_AMT,0) AS IACT_BEG_BROADCAST_TV_FEES_AMT
,NULLIF(BEG_REGIONAL_SPORTS_NETWORK_FEES_AMT,0) AS IACT_BEG_REGIONAL_SPORTS_NETWORK_FEES_AMT
,NULLIF(c.BEG_ACCESSIBILITY_CUSTOMER_TRACKING_CNT,0) AS IACT_BEG_ACCESSIBILITY_CUSTOMER_TRACKING_CNT
,NULLIF(c.INTERACTION_BEG_XAP_CNT,0) AS IACT_BEG_XAP_CNT
,NULLIF(c.INTERACTION_BEG_XAP_DROP_PENDING_CNT,0) AS IACT_BEG_XAP_DROP_PENDING_CNT
,NULLIF(c.INTERACTION_BEG_XAP_ADD_PENDING_CNT,0) AS IACT_BEG_XAP_ADD_PENDING_CNT
,NULLIF(pcAO.BEG_XFI_COMPLETE_CNT,0) AS IACT_BEG_XFI_COMPLETE_CNT
,NULLIF(pcXI.[BEG_XI_TIER_INTERNET_ESSENTIALS_PLUS_CNT],0) AS IACT_BEG_XI_TIER_INTERNET_ESSENTIALS_PLUS_CNT 
  FROM   [NRDP_DM].[dbo].[FACT_CALL_DETAIL] C WITH (NOLOCK) --JOIN 
 --- DIM_CURRENT_TODATE D 
 -- ON C.CALENDAR_DATE = D.CALENDAR_DATE 
  LEFT join
  LKP_DIM_VALUES_INTERACTIONS dv WITH (NOLOCK) 
  ON C.FISCAL_PERIOD_INT =  dv.FISCAL_PERIOD_INT 
  AND c.CALENDAR_DATE = dv.CALENDAR_DATE
  AND c.METRIC_SOURCE = dv.METRIC_SOURCE
  AND c.METRIC_SOURCE_KEY = dv.METRIC_SOURCE_KEY lEFT JOIN
  [dbo].[FACT_AGENT_TRAINING_REF_V] atr WITH (NOLOCK)
  ON c.DATEKEY=atr.DATEKEY
  and c.NRDP_AGENT_FISCAL_PERIOD_ID= atr.NRDP_AGENT_FISCAL_PERIOD_ID left join 
[DIM_TABULAR_AGENT_SKILL_LOCATION_LKP] agt WITH (NOLOCK)
on C.PERNR_NUM = AGT.PERNR_NUM
AND C.FISCAL_PERIOD_INT = AGT.FISCAL_PERIOD_INT LEFT JOIN 
  [dbo].[DIM_PRODCAT_ALL_OTHERS] pcAO
  on c.PRODCAT_AO_ID = pcAO.PRODCAT_AO_ID  LEFT JOIN 
  [dbo].[DIM_PRODCAT_XI_TIER] pcXI
  on c.PRODCAT_XI_TIER_ID = pcXI.PRODCAT_XI_TIER_ID LEFT JOIN 
  [dbo].[DIM_PRODCAT_XH_XTV_XV_TIER] pcXH_XV
  on c.PRODCAT_XH_XTV_XV_TIER_ID = pcXH_XV.PRODCAT_XH_XTV_XV_TIER_ID LEFT JOIN 
  [dbo].[DIM_PRODCAT_XTV_DGTL] pcXTV_DGTL
  on c.PRODCAT_XTV_DGTL_ID = pcXTV_DGTL.PRODCAT_XTV_DGTL_ID LEFT JOIN 
  [dbo].[DIM_PRODCAT_XTV_PPAY] pcXTV_PPAY
  on c.PRODCAT_XTV_PPAY_ID = pcXTV_PPAY.PRODCAT_XTV_PPAY_ID 

  where c.FISCAL_PERIOD_INT > 201812 --AND  C.CALENDAR_DATE < DATEADD(D,-1,GETDATE())
"
FACT_MDM_CALL_BEG_COUNTS_V2,"
















CREATE VIEW [dbo].[FACT_MDM_CALL_BEG_COUNTS_V2] AS 
SELECT C.DATEKEY
      ,c.[CALENDAR_DATE]
	  ,c.[FISCAL_PERIOD_INT]
	  ,C.METRIC_SOURCE_KEY 
     ,c.[FISCAL_PERIOD_INT] AS FISCAL_PERIOD_TODATE_INT
           , CAST(1 AS DECIMAL(12,4)) AS [NRDP_AGENT_FISCAL_PERIOD] 
	  ,CAST(1 AS INT) SERIES_ID
      ,dv.[PERNR_NUM]
	  ,dv.[CUSTOMER_ACCOUNT_KEY]
      ,dv.[CUSTOMER_EBB_BULK_KEY]
      ,dv.[CUSTOMER_ACCOUNT_DEMO_KEY]
	  ,dv.[NRDP_CALL_ATTRIBUTE_ID]
      ,dv.[NRDP_CLV_ATTRIBUTE_ID]
      ,dv.[TRANSFER_ORIGIN_AGENT_ID]
      ,dv.[TRANSFER_ORIGIN_IACT_ID]
      ,dv.[TENURE_ID]
      ,dv.[BASE_RGU_PROFILE_ID]
      ,COALESCE(dv.SENTIMENT_QA_ID,100000) AS SENTIMENT_QA_ID
      ,dv.[NBX_M2M_ID]
	  ,CASE WHEN dv.PERNR_NUM > 0 AND dv.CUSTOMER_ACCOUNT_ID > 0 THEN 1 ELSE 0 END AS LTR_CANDIDATE_IND
      ,COALESCE(c.[PRODCAT_XTV_DGTL_ID],0) AS [PRODCAT_XTV_DGTL_ID]
      ,COALESCE(c.[PRODCAT_XTV_PPAY_ID],0) AS [PRODCAT_XTV_PPAY_ID]
      ,COALESCE(c.[PRODCAT_XI_TIER_ID],0) AS [PRODCAT_XI_TIER_ID]
      ,COALESCE(c.[PRODCAT_XH_XTV_XV_TIER_ID],0) AS [PRODCAT_XH_XTV_XV_TIER_ID]
      ,COALESCE(c.[PRODCAT_AO_ID],0) AS [PRODCAT_AO_ID]
	  ,COALESCE(dv.CALL_DRIVER_GROUP1_ID,0) AS CALL_DRIVER_GROUP1_ID
	  ,COALESCE(dv.CALL_DRIVER_GROUP2_ID,0) AS CALL_DRIVER_GROUP2_ID
	  ,COALESCE(dv.CALL_DRIVER_GROUP3_ID,0) AS CALL_DRIVER_GROUP3_ID
	  ,COALESCE(dv.SPEECH_QUERY_GROUP1_ID,0) AS SPEECH_QUERY_GROUP1_ID
	  ,COALESCE(dv.SPEECH_QUERY_GROUP2_ID,0) AS SPEECH_QUERY_GROUP2_ID
	  ,coalesce(dv.NRDP_CUST_MAP_ID,-1) as NRDP_CUST_MAP_ID
      ,COALESCE(dv.PRODCAT_EBB_ID,0) AS PRODCAT_EBB_ID
	  ,COALESCE(dv.PRE_NRDP_XAP_EXIT_ID,-1) as PRE_NRDP_XAP_EXIT_ID
	  ,COALESCE(dv.MOVE_INCOME_CONSTRAINED_ID,-1) as MOVE_INCOME_CONSTRAINED_ID
	  ,COALESCE(atr.AGENT_TRAINING_ID,-1) AS AGENT_TRAINING_ID
	  ,COALESCE(agt.[AGENT_SKILL_LOCATION_ID],-1) AS AGENT_SKILL_LOCATION_ID 
	  ,COALESCE(agt.SK_PERSON_HIER_ID,-1) AS PERSON_HIER_ID
	  , COALESCE(agt.AGENT_TENURE_HIER_ID,-1) AS AGENT_TENURE_HIER_ID

,NULLIF(pcAO.BEG_BULK_INTERNET_CNT,0) as IACT_BEG_BULK_INTERNET_CNT
,NULLIF(pcAO.BEG_BULK_TV_CNT,0) as IACT_BEG_BULK_TV_CNT
,NULLIF(pcAO.BEG_CONTRACT_ACCEPT_CNT,0) as IACT_BEG_CONTRACT_ACCEPT_CNT
,NULLIF(c.BEG_FLEX_CNT,0) as IACT_BEG_FLEX_CNT
,NULLIF(pcAO.BEG_IP_STREAMING_CNT,0) as IACT_BEG_IP_STREAMING_CNT
,NULLIF(pcAO.BEG_NETFLIX_BUNDLE_CNT,0) as IACT_BEG_NETFLIX_BUNDLE_CNT
,NULLIF(pcAO.BEG_NETFLIX_BUNDLE_PROMO_CNT,0) as IACT_BEG_NETFLIX_BUNDLE_PROMO_CNT
,NULLIF(pcAO.BEG_PREPAID_INSTANT_TV_CNT,0) as IACT_BEG_PREPAID_INSTANT_TV_CNT
,NULLIF(pcAO.BEG_PREPAID_XI_CNT,0) as IACT_BEG_PREPAID_XI_CNT
,NULLIF(pcAO.BEG_PREPAID_XTV_CNT,0) as IACT_BEG_PREPAID_XTV_CNT
,NULLIF(pcAO.BEG_SEASONAL_XH_CNT,0) as IACT_BEG_SEASONAL_XH_CNT
,NULLIF(pcAO.BEG_SEASONAL_XI_CNT,0) as IACT_BEG_SEASONAL_XI_CNT
,NULLIF(pcAO.BEG_SEASONAL_XTV_CNT,0) as IACT_BEG_SEASONAL_XTV_CNT
,NULLIF(pcAO.BEG_SEASONAL_XV_CNT,0) as IACT_BEG_SEASONAL_XV_CNT
,NULLIF(pcAO.BEG_SIK_CNT,0) as IACT_BEG_SIK_CNT
,NULLIF(pcAO.BEG_XFI_ADVANCED_SECURITY_CNT,0) as IACT_BEG_XFI_ADVANCED_SECURITY_CNT
,NULLIF(pcAO.BEG_XFI_POD_CNT,0) as IACT_BEG_XFI_POD_CNT
,NULLIF(BEG_XH_TIER_BASIC_CNT,0) as IACT_BEG_XH_TIER_BASIC_CNT
,NULLIF(BEG_XH_TIER_BETTER_CNT,0) as IACT_BEG_XH_TIER_BETTER_CNT
,NULLIF(BEG_XH_TIER_BULK_MASTER_SECURE_SERVICE_CNT,0) as IACT_BEG_XH_TIER_BULK_MASTER_SECURE_SERVICE_CNT
,NULLIF(BEG_XH_TIER_CONTROL_100_CNT,0) as IACT_BEG_XH_TIER_CONTROL_100_CNT
,NULLIF(BEG_XH_TIER_CONTROL_150_CNT,0) as IACT_BEG_XH_TIER_CONTROL_150_CNT
,NULLIF(BEG_XH_TIER_PREMIER_CNT,0) as IACT_BEG_XH_TIER_PREMIER_CNT
,NULLIF(BEG_XH_TIER_SECURE_PLUS_SERVICE_CNT,0) as IACT_BEG_XH_TIER_SECURE_PLUS_SERVICE_CNT
,NULLIF(BEG_XH_TIER_SECURITY_SERVICE_CNT,0) as IACT_BEG_XH_TIER_SECURITY_SERVICE_CNT
,NULLIF(BEG_XH_TIER_SECURITY_SERVICE_MODULAR_CNT,0) as IACT_BEG_XH_TIER_SECURITY_SERVICE_MODULAR_CNT
,NULLIF(BEG_XH_TIER_TPS_CNT,0) as IACT_BEG_XH_TIER_TPS_CNT
,NULLIF(BEG_XI_TIER_BLAST_CNT,0) as IACT_BEG_XI_TIER_BLAST_CNT
,NULLIF(BEG_XI_TIER_BLASTPRO_CNT,0) as IACT_BEG_XI_TIER_BLASTPRO_CNT
,NULLIF(BEG_XI_TIER_ECONOMY_PLUS_CNT,0) as IACT_BEG_XI_TIER_ECONOMY_PLUS_CNT
,NULLIF(BEG_XI_TIER_EXTREME_CNT,0) as IACT_BEG_XI_TIER_EXTREME_CNT
,NULLIF(BEG_XI_TIER_EXTREME_105_150_CNT,0) as IACT_BEG_XI_TIER_EXTREME_105_150_CNT
,NULLIF(BEG_XI_TIER_EXTREME_250_CNT,0) as IACT_BEG_XI_TIER_EXTREME_250_CNT
,NULLIF(BEG_XI_TIER_EXTREME_250_505_CNT,0) as IACT_BEG_XI_TIER_EXTREME_250_505_CNT
,NULLIF(BEG_XI_TIER_EXTREME_300_CNT,0) as IACT_BEG_XI_TIER_EXTREME_300_CNT
,NULLIF(BEG_XI_TIER_EXTREME_400_CNT,0) as IACT_BEG_XI_TIER_EXTREME_400_CNT
,NULLIF(BEG_XI_TIER_GIGABIT_CNT,0) as IACT_BEG_XI_TIER_GIGABIT_CNT
,NULLIF(BEG_XI_TIER_GIGABIT_INTERNET_CNT,0) as IACT_BEG_XI_TIER_GIGABIT_INTERNET_CNT
,NULLIF(BEG_XI_TIER_GIGABIT_PRO_CNT,0) as IACT_BEG_XI_TIER_GIGABIT_PRO_CNT
,NULLIF(BEG_XI_TIER_HSI_PERFORMANCE_CNT,0) as IACT_BEG_XI_TIER_HSI_PERFORMANCE_CNT
,NULLIF(BEG_XI_TIER_INTERNET_5_CNT,0) as IACT_BEG_XI_TIER_INTERNET_5_CNT
,NULLIF(pcXI.BEG_XI_TIER_INTERNET_ESSENTIALS_CNT,0) as IACT_BEG_XI_TIER_INTERNET_ESSENTIALS_CNT
,NULLIF(BEG_XI_TIER_PERFORMANCE_100_CNT,0) as IACT_BEG_XI_TIER_PERFORMANCE_100_CNT
,NULLIF(BEG_XI_TIER_PERFORMANCE_25_CNT,0) as IACT_BEG_XI_TIER_PERFORMANCE_25_CNT
,NULLIF(BEG_XI_TIER_PERFORMANCE_PRO_CNT,0) as IACT_BEG_XI_TIER_PERFORMANCE_PRO_CNT
,NULLIF(BEG_XI_TIER_PERFORMANCE_SELECT_CNT,0) as IACT_BEG_XI_TIER_PERFORMANCE_SELECT_CNT
,NULLIF(BEG_XI_TIER_PERFORMANCE_STARTER_CNT,0) as IACT_BEG_XI_TIER_PERFORMANCE_STARTER_CNT
,NULLIF(BEG_XI_TIER_ULTRA_CNT,0) as IACT_BEG_XI_TIER_ULTRA_CNT
,NULLIF(BEG_XI_TIER_UNLIMITED_CNT,0) as IACT_BEG_XI_TIER_UNLIMITED_CNT
,NULLIF(BEG_XTV_DGTL_ADD_ON_3D_TV_CNT,0) as IACT_BEG_XTV_DGTL_ADD_ON_3D_TV_CNT
,NULLIF(BEG_XTV_DGTL_ADD_ON_DEPORTES_CNT,0) as IACT_BEG_XTV_DGTL_ADD_ON_DEPORTES_CNT
,NULLIF(BEG_XTV_DGTL_ADD_ON_ATT_CNT,0) as IACT_BEG_XTV_DGTL_ADD_ON_ATT_CNT
,NULLIF(BEG_XTV_DGTL_ADD_ON_BASIC_CNT,0) as IACT_BEG_XTV_DGTL_ADD_ON_BASIC_CNT
,NULLIF(BEG_XTV_DGTL_ADD_ON_INFORMATION_CNT,0) as IACT_BEG_XTV_DGTL_ADD_ON_INFORMATION_CNT
,NULLIF(BEG_XTV_DGTL_ADD_ON_MUSIC_CNT,0) as IACT_BEG_XTV_DGTL_ADD_ON_MUSIC_CNT
,NULLIF(BEG_XTV_DGTL_ADD_ON_STANDARD_CNT,0) as IACT_BEG_XTV_DGTL_ADD_ON_STANDARD_CNT
,NULLIF(BEG_XTV_DGTL_ADD_ON_VARIETY_CNT,0) as IACT_BEG_XTV_DGTL_ADD_ON_VARIETY_CNT
,NULLIF(BEG_XTV_DGTL_ADD_ON_ENTERTAINMENT_LIFESTYLE_CNT,0) as IACT_BEG_XTV_DGTL_ADD_ON_ENTERTAINMENT_LIFESTYLE_CNT
,NULLIF(BEG_XTV_DGTL_ADD_ON_FAMILY_TIER_CNT,0) as IACT_BEG_XTV_DGTL_ADD_ON_FAMILY_TIER_CNT
,NULLIF(BEG_XTV_DGTL_ADD_ON_KIDS_CNT,0) as IACT_BEG_XTV_DGTL_ADD_ON_KIDS_CNT
,NULLIF(BEG_XTV_DGTL_ADD_ON_LATINO_CNT,0) as IACT_BEG_XTV_DGTL_ADD_ON_LATINO_CNT
,NULLIF(BEG_XTV_DGTL_ADD_ON_MINI_TIER_CNT,0) as IACT_BEG_XTV_DGTL_ADD_ON_MINI_TIER_CNT
,NULLIF(BEG_XTV_DGTL_ADD_ON_MOVIES_MUSIC_TIER_CNT,0) as IACT_BEG_XTV_DGTL_ADD_ON_MOVIES_MUSIC_TIER_CNT
,NULLIF(BEG_XTV_DGTL_ADD_ON_MOVIES_THEME_PACK_CNT,0) as IACT_BEG_XTV_DGTL_ADD_ON_MOVIES_THEME_PACK_CNT
,NULLIF(BEG_XTV_DGTL_ADD_ON_MUSIC_CHOICE_CNT,0) as IACT_BEG_XTV_DGTL_ADD_ON_MUSIC_CHOICE_CNT
,NULLIF(BEG_XTV_DGTL_ADD_ON_NEWS_INFO_THEME_PACK_CNT,0) as IACT_BEG_XTV_DGTL_ADD_ON_NEWS_INFO_THEME_PACK_CNT
,NULLIF(BEG_XTV_DGTL_ADD_ON_SPORTS_CNT,0) as IACT_BEG_XTV_DGTL_ADD_ON_SPORTS_CNT
,NULLIF(BEG_XTV_DGTL_ADD_ON_THEME_REVENUE_CNT,0) as IACT_BEG_XTV_DGTL_ADD_ON_THEME_REVENUE_CNT
,NULLIF(BEG_XTV_DGTL_TIER_BASIC_VIDEO_A_O_CNT,0) as IACT_BEG_XTV_DGTL_TIER_BASIC_VIDEO_A_O_CNT
,NULLIF(BEG_XTV_DGTL_TIER_ECONOMY_CNT,0) as IACT_BEG_XTV_DGTL_TIER_ECONOMY_CNT
,NULLIF(BEG_XTV_DGTL_TIER_PREFERRED_CNT,0) as IACT_BEG_XTV_DGTL_TIER_PREFERRED_CNT
,NULLIF(BEG_XTV_DGTL_TIER_STARTER_CNT,0) as IACT_BEG_XTV_DGTL_TIER_STARTER_CNT
,NULLIF(BEG_XTV_DGTL_TIER_STARTER_LITE_CNT,0) as IACT_BEG_XTV_DGTL_TIER_STARTER_LITE_CNT
,NULLIF(BEG_XTV_DGTL_TIER_ENTERTAINMENT_CNT,0) as IACT_BEG_XTV_DGTL_TIER_ENTERTAINMENT_CNT
,NULLIF(BEG_XTV_DGTL_TIER_GENREPACKS_CNT,0) as IACT_BEG_XTV_DGTL_TIER_GENREPACKS_CNT
,NULLIF(BEG_XTV_DGTL_TIER_GET_STARTED_CNT,0) as IACT_BEG_XTV_DGTL_TIER_GET_STARTED_CNT
,NULLIF(BEG_XTV_DGTL_TIER_KIDS_FAMILY_CNT,0) as IACT_BEG_XTV_DGTL_TIER_KIDS_FAMILY_CNT
,NULLIF(BEG_XTV_DGTL_TIER_SPORTS_NEWS_CNT,0) as IACT_BEG_XTV_DGTL_TIER_SPORTS_NEWS_CNT
,NULLIF(BEG_XTV_PPAY_CINEMAX_CNT,0) as IACT_BEG_XTV_PPAY_CINEMAX_CNT
,NULLIF(BEG_XTV_PPAY_ENCORE_CNT,0) as IACT_BEG_XTV_PPAY_ENCORE_CNT
,NULLIF(BEG_XTV_PPAY_EPIX_CNT,0) as IACT_BEG_XTV_PPAY_EPIX_CNT
,NULLIF(BEG_XTV_PPAY_HBO_CNT,0) as IACT_BEG_XTV_PPAY_HBO_CNT
,NULLIF(BEG_XTV_PPAY_PLAYBOY_CNT,0) as IACT_BEG_XTV_PPAY_PLAYBOY_CNT
,NULLIF(BEG_XTV_PPAY_SHOWTIME_CNT,0) as IACT_BEG_XTV_PPAY_SHOWTIME_CNT
,NULLIF(BEG_XTV_PPAY_STARZ_CNT,0) as IACT_BEG_XTV_PPAY_STARZ_CNT
,NULLIF(BEG_XTV_PPAY_STREAMPIX_CNT,0) as IACT_BEG_XTV_PPAY_STREAMPIX_CNT
,NULLIF(BEG_XTV_PPAY_TMC_CNT,0) as IACT_BEG_XTV_PPAY_TMC_CNT
,NULLIF(BEG_XTV_TIER_B1_FAT_CNT,0) as IACT_BEG_XTV_TIER_B1_FAT_CNT
,NULLIF(BEG_XTV_TIER_B1_IP_VIDEO_CNT,0) as IACT_BEG_XTV_TIER_B1_IP_VIDEO_CNT
,NULLIF(BEG_XTV_TIER_B1_MODULAR_CNT,0) as IACT_BEG_XTV_TIER_B1_MODULAR_CNT
,NULLIF(BEG_XTV_TIER_B2_CNT,0) as IACT_BEG_XTV_TIER_B2_CNT
,NULLIF(BEG_XTV_TIER_LIMITED_ANALOG_CNT,0) as IACT_BEG_XTV_TIER_LIMITED_ANALOG_CNT
,NULLIF(BEG_XV_TIER_LOCAL_CNT,0) as IACT_BEG_XV_TIER_LOCAL_CNT
,NULLIF(BEG_XV_TIER_UNLIMITED_CNT,0) as IACT_BEG_XV_TIER_UNLIMITED_CNT
,NULLIF(BEG_XV_TIER_UNLIMITED_SAVER_CNT,0) as IACT_BEG_XV_TIER_UNLIMITED_SAVER_CNT
,NULLIF(BEG_XV_TIER_UNLIMITED_SELECT_CNT,0) as IACT_BEG_XV_TIER_UNLIMITED_SELECT_CNT
,NULLIF(pcAO.BEG_XFI_ADVANTAGE_CNT,0) as IACT_BEG_XFI_ADVANTAGE_CNT
,NULLIF(pcAO.BEG_XI_EQUIP_XFI_ADVANCED_GTWY_XB6_CNT,0) as IACT_BEG_XI_EQUIP_XFI_ADVANCED_GTWY_XB6_CNT
,NULLIF(BEG_XTV_PPAY_EXTRA_CHANNELS_PACK_CNT,0) as IACT_BEG_XTV_PPAY_EXTRA_CHANNELS_PACK_CNT
,NULLIF(BEG_XTV_PPAY_PREFERRED_PLUS_CHANNELS_PACK_CNT,0) as IACT_BEG_XTV_PPAY_PREFERRED_PLUS_CHANNELS_PACK_CNT
,NULLIF(BEG_XI_TIER_BLASTPRO_PLUS_CNT,0) as IACT_BEG_XI_TIER_BLASTPRO_PLUS_CNT
,NULLIF(BEG_XI_TIER_EXTREME_PRO_PLUS_CNT,0) as IACT_BEG_XI_TIER_EXTREME_PRO_PLUS_CNT
,NULLIF(BEG_XI_TIER_PERFORMANCE_PRO_PLUS_CNT,0) as IACT_BEG_XI_TIER_PERFORMANCE_PRO_PLUS_CNT
,NULLIF(BEG_XI_TIER_PERFORMANCE_STARTER_PLUS_CNT,0) as IACT_BEG_XI_TIER_PERFORMANCE_STARTER_PLUS_CNT

,NULLIF(BEG_SUB_XMPP_CNT,0) AS IACT_BEG_SUB_XMPP_CNT
,NULLIF(BEG_XMPP_REV_AMT,0) AS IACT_BEG_XMPP_REV_AMT
,NULLIF(BEG_XM_LINE_BY_THE_GIG_CNT,0) AS IACT_BEG_XM_LINE_BY_THE_GIG_CNT
,NULLIF(BEG_XM_LINE_UNLIMITED_CNT,0) AS IACT_BEG_XM_LINE_UNLIMITED_CNT
,NULLIF(BEG_FOREIGN_PAY_TV_CNT,0) AS IACT_BEG_FOREIGN_PAY_TV_CNT
,NULLIF(BEG_PPV_SPORTS_PACKAGE_CNT,0) AS IACT_BEG_PPV_SPORTS_PACKAGE_CNT
,NULLIF(BEG_SUBSCRIPTION_VOD_CNT,0) AS IACT_BEG_SUBSCRIPTION_VOD_CNT
,NULLIF(BEG_XH_EQUIP_CNT,0) AS IACT_BEG_XH_EQUIP_CNT
,NULLIF(BEG_XI_EQUIP_WIRELESS_GTWY_FIBER_CDV_HSD_CNT,0) AS IACT_BEG_XI_EQUIP_WIRELESS_GTWY_FIBER_CDV_HSD_CNT
,NULLIF(pcAO.BEG_XI_EQUIP_XFI_WIRELESS_GTWY_XB3_CNT,0) AS IACT_BEG_XI_EQUIP_XFI_WIRELESS_GTWY_XB3_CNT
,NULLIF(BEG_XTV_EQUIP_CNT,0) AS IACT_BEG_XTV_EQUIP_CNT
,NULLIF(BEG_XTV_EQUIP_ADVANCED_CNT,0) AS IACT_BEG_XTV_EQUIP_ADVANCED_CNT
,NULLIF(BEG_XV_EQUIP_CNT,0) AS IACT_BEG_XV_EQUIP_CNT
,NULLIF(BEG_XV_XI_CUST_OWNED_EQUIP_CNT,0) AS IACT_BEG_XV_XI_CUST_OWNED_EQUIP_CNT
,NULLIF(BEG_BROADCAST_TV_FEES_AMT,0) AS IACT_BEG_BROADCAST_TV_FEES_AMT
,NULLIF(BEG_REGIONAL_SPORTS_NETWORK_FEES_AMT,0) AS IACT_BEG_REGIONAL_SPORTS_NETWORK_FEES_AMT
,NULLIF(c.BEG_ACCESSIBILITY_CUSTOMER_TRACKING_CNT,0) AS IACT_BEG_ACCESSIBILITY_CUSTOMER_TRACKING_CNT
,NULLIF(c.INTERACTION_BEG_XAP_CNT,0) AS IACT_BEG_XAP_CNT
,NULLIF(c.INTERACTION_BEG_XAP_DROP_PENDING_CNT,0) AS IACT_BEG_XAP_DROP_PENDING_CNT
,NULLIF(c.INTERACTION_BEG_XAP_ADD_PENDING_CNT,0) AS IACT_BEG_XAP_ADD_PENDING_CNT
,NULLIF(pcAO.BEG_XFI_COMPLETE_CNT,0) AS IACT_BEG_XFI_COMPLETE_CNT
,NULLIF(pcXI.[BEG_XI_TIER_INTERNET_ESSENTIALS_PLUS_CNT],0) AS IACT_BEG_XI_TIER_INTERNET_ESSENTIALS_PLUS_CNT 
  FROM   [NRDP_DM].[dbo].[FACT_CALL_DETAIL] C WITH (NOLOCK) --JOIN 
 --- DIM_CURRENT_TODATE D 
 -- ON C.CALENDAR_DATE = D.CALENDAR_DATE 
  LEFT join
  LKP_DIM_VALUES_INTERACTIONS dv WITH (NOLOCK) 
  ON C.FISCAL_PERIOD_INT =  dv.FISCAL_PERIOD_INT 
  AND c.CALENDAR_DATE = dv.CALENDAR_DATE
  AND c.METRIC_SOURCE = dv.METRIC_SOURCE
  AND c.METRIC_SOURCE_KEY = dv.METRIC_SOURCE_KEY lEFT JOIN
  [dbo].[FACT_AGENT_TRAINING_REF_V] atr WITH (NOLOCK)
  ON c.DATEKEY=atr.DATEKEY
  and c.NRDP_AGENT_FISCAL_PERIOD_ID= atr.NRDP_AGENT_FISCAL_PERIOD_ID left join 
[DIM_TABULAR_AGENT_SKILL_LOCATION_LKP] agt WITH (NOLOCK)
on C.PERNR_NUM = AGT.PERNR_NUM
AND C.FISCAL_PERIOD_INT = AGT.FISCAL_PERIOD_INT LEFT JOIN 
  [dbo].[DIM_PRODCAT_ALL_OTHERS] pcAO
  on c.PRODCAT_AO_ID = pcAO.PRODCAT_AO_ID  LEFT JOIN 
  [dbo].[DIM_PRODCAT_XI_TIER] pcXI
  on c.PRODCAT_XI_TIER_ID = pcXI.PRODCAT_XI_TIER_ID LEFT JOIN 
  [dbo].[DIM_PRODCAT_XH_XTV_XV_TIER] pcXH_XV
  on c.PRODCAT_XH_XTV_XV_TIER_ID = pcXH_XV.PRODCAT_XH_XTV_XV_TIER_ID LEFT JOIN 
  [dbo].[DIM_PRODCAT_XTV_DGTL] pcXTV_DGTL
  on c.PRODCAT_XTV_DGTL_ID = pcXTV_DGTL.PRODCAT_XTV_DGTL_ID LEFT JOIN 
  [dbo].[DIM_PRODCAT_XTV_PPAY] pcXTV_PPAY
  on c.PRODCAT_XTV_PPAY_ID = pcXTV_PPAY.PRODCAT_XTV_PPAY_ID 

  where c.FISCAL_PERIOD_INT > 201812 --AND  C.CALENDAR_DATE < DATEADD(D,-1,GETDATE())
"
FACT_MDM_CALLS_V,"
CREATE   VIEW [dbo].[FACT_MDM_CALLS_V] AS 
SELECT c.DATEKEY
      ,c.[CALENDAR_DATE]
	  ,c.[FISCAL_PERIOD_INT]
	  ,c.[FISCAL_PERIOD_INT] AS FISCAL_PERIOD_TODATE_INT
      , C.[NRDP_AGENT_FISCAL_PERIOD_ID] 
	  ,CAST(1 AS INT) SERIES_ID
      ,dv.[PERNR_NUM]
	  ,dv.[CUSTOMER_ACCOUNT_KEY]
      ,dv.[CUSTOMER_EBB_BULK_KEY]
      ,dv.[CUSTOMER_ACCOUNT_DEMO_KEY]
	  ,dv.[NRDP_CALL_ATTRIBUTE_ID]
      ,dv.[NRDP_CLV_ATTRIBUTE_ID]
      ,dv.[TRANSFER_ORIGIN_AGENT_ID]
      ,dv.[TRANSFER_ORIGIN_IACT_ID]
      ,dv.[TENURE_ID]
      ,dv.[BASE_RGU_PROFILE_ID]
      ,COALESCE(dv.SENTIMENT_QA_ID,100000) AS SENTIMENT_QA_ID
	  ,dv.[NBX_M2M_ID]

	  ,CASE WHEN dv.PERNR_NUM > 0 AND dv.CUSTOMER_ACCOUNT_ID > 0 THEN 1 ELSE 0 END AS LTR_CANDIDATE_IND
      ,COALESCE(c.[PRODCAT_XTV_DGTL_ID],0) AS [PRODCAT_XTV_DGTL_ID]
      ,COALESCE(c.[PRODCAT_XTV_PPAY_ID],0) AS [PRODCAT_XTV_PPAY_ID]
      ,COALESCE(c.[PRODCAT_XI_TIER_ID],0) AS [PRODCAT_XI_TIER_ID]
      ,COALESCE(c.[PRODCAT_XH_XTV_XV_TIER_ID],0) AS [PRODCAT_XH_XTV_XV_TIER_ID]
      ,COALESCE(c.[PRODCAT_AO_ID],0) AS [PRODCAT_AO_ID]
	  ,COALESCE(dv.CALL_DRIVER_GROUP1_ID,0) AS CALL_DRIVER_GROUP1_ID
	  ,COALESCE(dv.CALL_DRIVER_GROUP2_ID,0) AS CALL_DRIVER_GROUP2_ID
	  ,COALESCE(dv.CALL_DRIVER_GROUP3_ID,0) AS CALL_DRIVER_GROUP3_ID
	  ,COALESCE(dv.SPEECH_QUERY_GROUP1_ID,0) AS SPEECH_QUERY_GROUP1_ID
	  ,COALESCE(dv.SPEECH_QUERY_GROUP2_ID,0) AS SPEECH_QUERY_GROUP2_ID
	  ,coalesce(dv.NRDP_CUST_MAP_ID,-1) as NRDP_CUST_MAP_ID
      ,COALESCE(dv.PRODCAT_EBB_ID,0) AS PRODCAT_EBB_ID
	  ,COALESCE(dv.PRE_NRDP_XAP_EXIT_ID,-1) as PRE_NRDP_XAP_EXIT_ID
	  ,COALESCE(dv.MOVE_INCOME_CONSTRAINED_ID,-1) as MOVE_INCOME_CONSTRAINED_ID

	  ,COALESCE(atr.AGENT_TRAINING_ID,-1) AS AGENT_TRAINING_ID
	  ,COALESCE(agt.[AGENT_SKILL_LOCATION_ID],-1) AS AGENT_SKILL_LOCATION_ID 
	  ,COALESCE(agt.SK_PERSON_HIER_ID,-1) AS PERSON_HIER_ID
	  , COALESCE(agt.AGENT_TENURE_HIER_ID,-1) AS AGENT_TENURE_HIER_ID
	  --,case when C.pernr_num < 0 then cast(0 as bit) else cast(1 as bit) END AS IS_VALID_PERNR


	  ,CASE WHEN c.PERNR_NUM > 0 AND dv.CUSTOMER_ACCOUNT_ID>0 THEN CP.[LTR_IND] ELSE 0 END LTR_IND 
,C.INTERACTION_OFFERED_COUNT - c.INTERACTION_HANDLED_COUNT AS CALLS_ABANDONED_FLAG_COUNT
,c.INTERACTION_HANDLED_COUNT AS CALLS_HANDLED_COUNT
,CAST(NULL AS INTEGER)  AS CALLS_HANDLED_CONSULTS
,c.INTERACTION_OFFERED_COUNT AS   CALLS_OFFERED_COUNT
,CAST(NULL AS INTEGER) AS [CALLS_TRANSFERRED_COUNT]
,NULLIF(c.[BEG_SUB_CNT],0) as [CALLS_BEG_SUB_CNT]
,NULLIF(c.[BEG_SUB_XTV_RGU_CNT] * c.[INTERACTION_HANDLED_COUNT],0) as  [CALLS_BEG_SUB_XTV_RGU_CNT]
,NULLIF(c.[BEG_SUB_XH_RGU_CNT] * c.[INTERACTION_HANDLED_COUNT],0) as  [CALLS_BEG_SUB_XH_RGU_CNT]
,NULLIF(c.[BEG_SUB_XV_RGU_CNT] * c.[INTERACTION_HANDLED_COUNT],0) as  [CALLS_BEG_SUB_XV_RGU_CNT]
,NULLIF(c.[BEG_SUB_XI_RGU_CNT] * c.[INTERACTION_HANDLED_COUNT],0) as  [CALLS_BEG_SUB_XI_RGU_CNT]
,NULLIF(c.[BEG_SUB_XM_RGU_CNT] * c.[INTERACTION_HANDLED_COUNT],0) as  [CALLS_BEG_SUB_XM_RGU_CNT]
,NULLIF(c.[BEG_SUB_H1_CNT] * c.[INTERACTION_HANDLED_COUNT],0) as  [CALLS_BEG_SUB_H1_CNT]
,NULLIF(c.[BEG_SUB_X1_CNT] * c.[INTERACTION_HANDLED_COUNT],0) as  [CALLS_BEG_SUB_X1_CNT]
,NULLIF(c.[BEG_SUB_INST_TV_CNT] * c.[INTERACTION_HANDLED_COUNT],0) as  [CALLS_BEG_SUB_INST_TV_CNT]
,NULLIF(c.[BEG_SUB_XM_LINE_CNT] * c.[INTERACTION_HANDLED_COUNT],0) as  [CALLS_BEG_SUB_XM_LINE_CNT]
,NULLIF(c.[BEG_SUB_XMPP_CNT] * c.[INTERACTION_HANDLED_COUNT],0) as  [CALLS_BEG_SUB_XMPP_CNT]
,NULLIF(c.[BEG_SUB_REV_AMT] * c.[INTERACTION_HANDLED_COUNT],0) as  [CALLS_BEG_SUB_REV_AMT]
,NULLIF(c.[BEG_XM_RGU_REV_AMT] * c.[INTERACTION_HANDLED_COUNT],0) as  [CALLS_BEG_SUB_XM_REV_AMT]
,nullif(( 5 - (coalesce(c.[BEG_SUB_XTV_RGU_CNT],0) + 
coalesce(c.[BEG_SUB_XI_RGU_CNT],0) +
coalesce(c.[BEG_SUB_XV_RGU_CNT],0) +
coalesce(c.[BEG_SUB_XH_RGU_CNT],0) + 
coalesce(c.[BEG_SUB_XM_RGU_CNT],0)) )  * c.[INTERACTION_HANDLED_COUNT],0) AS  [INTERACTION_OPPORTUNITY_COUNT]


,nullif(case when c.[BEG_SUB_XTV_RGU_CNT]+c.[BEG_SUB_XH_RGU_CNT]+c.[BEG_SUB_XV_RGU_CNT]
+c.[BEG_SUB_XI_RGU_CNT]+c.[BEG_SUB_XM_RGU_CNT] > 0
--+c.[BEG_SUB_X1_CNT] + C.BEG_SUB_H1_CNT > 0
	then c.[INTERACTION_HANDLED_COUNT] else 0 end,0)  as [CALLS_WITH_RGUS_CNT]
,nullif(case when c.[BEG_SUB_REV_AMT] > 0 then c.[INTERACTION_HANDLED_COUNT] else 0 end,0) AS  [CALLS_WITH_REV_CNT]
,nullif((c.[QUEUE_TIME]+c.[RING_TIME]) * c.INTERACTION_HANDLED_COUNT,0) as [SPEED_OF_ANSWER]
,nullif(c.[TALK_TIME],0) as TALK_TIME
,nullif(c.[HOLD_TIME],0) as HOLD_TIME
,nullif(c.[WRAP_TIME],0) as WRAP_TIME
,nullif(c.[QUEUE_TIME],0) as QUEUE_TIME
,nullif(c.[RING_TIME],0) as RING_TIME
,nullif(c.[HANDLED_SERVICE_LVL],0) as HANDLED_SERVICE_LVL
,nullif(c.VIRTUAL_HOLD,0) as VIRTUAL_HOLD  
,CASE WHEN COALESCE(HOLD_TIME,0)+COALESCE(TALK_TIME,0)+COALESCE(WRAP_TIME,0) <= 5 THEN 1 ELSE 0 END AS FIVE_SECOND_SHORT_CALLS
,CASE WHEN COALESCE(HOLD_TIME,0)+COALESCE(TALK_TIME,0)+COALESCE(WRAP_TIME,0) BETWEEN  6 and 15 THEN 1 ELSE 0 END AS FIFTEEN_SECOND_SHORT_CALLS
,CASE WHEN COALESCE(HOLD_TIME,0)+COALESCE(TALK_TIME,0)+COALESCE(WRAP_TIME,0) BETWEEN 16 AND 30 THEN 1 ELSE 0 END AS THIRTY_SECOND_SHORT_CALLS
,CASE WHEN COALESCE(HOLD_TIME,0)+COALESCE(TALK_TIME,0)+COALESCE(WRAP_TIME,0) BETWEEN 31 AND 60 THEN 1 ELSE 0 END AS SIXTY_SECOND_SHORT_CALLS
,CASE WHEN COALESCE(HOLD_TIME,0)+COALESCE(TALK_TIME,0)+COALESCE(WRAP_TIME,0) BETWEEN 61 AND 90 THEN 1 ELSE 0 END AS NINETY_SECOND_SHORT_CALLS

,CASE WHEN COALESCE(HOLD_TIME,0)+COALESCE(TALK_TIME,0)+COALESCE(WRAP_TIME,0) <= 5 THEN 1 
      WHEN COALESCE(HOLD_TIME,0)+COALESCE(TALK_TIME,0)+COALESCE(WRAP_TIME,0) BETWEEN  6 and 15 THEN 2 
      WHEN COALESCE(HOLD_TIME,0)+COALESCE(TALK_TIME,0)+COALESCE(WRAP_TIME,0) BETWEEN 16 AND 30 THEN 3
      WHEN COALESCE(HOLD_TIME,0)+COALESCE(TALK_TIME,0)+COALESCE(WRAP_TIME,0) BETWEEN 31 AND 60 THEN 4 
      WHEN COALESCE(HOLD_TIME,0)+COALESCE(TALK_TIME,0)+COALESCE(WRAP_TIME,0) BETWEEN 61 AND 90 THEN 5 ELSE -1 END AS SHORT_CALLS_CATEGORY_ID

,ISNULL([CALENDAR_DATE_TMESTAMP],'1753-01-01 00:00:00.000') AS PERIODDATETIME

,CASE WHEN PROMO_STATUS = 'PROMO-NO-ROLL' AND PR_REV_STEP = '0' THEN 1
     WHEN PROMO_STATUS = 'PROMO-NO-ROLL' AND PR_REV_STEP = '0-5'THEN 2
	 WHEN PROMO_STATUS = 'PROMO-NO-ROLL' AND PR_REV_STEP = '5-10'THEN 3
	 WHEN PROMO_STATUS = 'PROMO-NO-ROLL' AND PR_REV_STEP = '10-20'THEN 4
	 WHEN PROMO_STATUS = 'PROMO-NO-ROLL' AND PR_REV_STEP = '20-30'THEN 5
	 WHEN PROMO_STATUS = 'PROMO-NO-ROLL' AND PR_REV_STEP = '30+'THEN 6
	 WHEN PROMO_STATUS = 'PROMO-ROLL' AND PR_REV_STEP = '0' THEN 7
	 WHEN PROMO_STATUS = 'PROMO-ROLL' AND PR_REV_STEP = '0-5'THEN 8
	 WHEN PROMO_STATUS = 'PROMO-ROLL' AND PR_REV_STEP = '5-10'THEN 9
	 WHEN PROMO_STATUS = 'PROMO-ROLL' AND PR_REV_STEP = '10-20'THEN 10
	 WHEN PROMO_STATUS = 'PROMO-ROLL' AND PR_REV_STEP = '20-30'THEN 11
	 WHEN PROMO_STATUS = 'PROMO-ROLL' AND PR_REV_STEP = '30+' THEN 12
	 WHEN PROMO_STATUS = 'EDP' AND PR_REV_STEP = '0' THEN 13
	 WHEN PROMO_STATUS = 'EDP' AND PR_REV_STEP = '0-5'THEN 14
	 WHEN PROMO_STATUS = 'EDP' AND PR_REV_STEP = '5-10'THEN 15
	 WHEN PROMO_STATUS = 'EDP' AND PR_REV_STEP = '10-20'THEN 16
	 WHEN PROMO_STATUS = 'EDP' AND PR_REV_STEP = '20-30'THEN 17
	 WHEN PROMO_STATUS = 'EDP' AND PR_REV_STEP = '30+' THEN 18
	 WHEN PROMO_STATUS = 'PROMO-ROLL' AND PR_REV_STEP IS NULL THEN 19
	 WHEN PROMO_STATUS = 'PROMO-NO-ROLL' AND PR_REV_STEP IS NULL THEN 20
	 WHEN PROMO_STATUS = 'EDP' AND PR_REV_STEP IS NULL THEN 21
	 WHEN PROMO_STATUS IS NULL AND PR_REV_STEP IS NULL THEN -1
	 ELSE -1 END AS PROMOROLLKEY
,COALESCE(DR.DISCONNECT_REASON_INDICATOR,-1) AS DISCONNECT_REASON_INDICATOR
--DMRCXSO-1466
,C.VIDEO_DOWNGRADE_DENOM as VIDEO_DOWNGRADE_DENOM_CALLS
,C.XI_SPEED_DOWNGRADE_DENOM as XI_SPEED_DOWNGRADE_DENOM_CALLS
,C.VIDEO_UPGRADE_DENOM as VIDEO_UPGRADE_DENOM_CALLS
,C.XI_SPEED_UPGRADE_DENOM as XI_SPEED_UPGRADE_DENOM_CALLS
--DMRCXSO-4410,4106
,EBI_SCORE as EBI_score
,C.UUI_CONTEXT_CODE as CONTEXT_CD_Key
,C.CALL_SEGMENT_ID as SEGMENT_CD_Key
--DMRCXSO-4182
,NULLIF(c.[BEG_SUB_INTERNET_RGU_CNT] * c.[INTERACTION_HANDLED_COUNT],0) as  [BEG_SUB_INTERNET_RGU_CNT]
,C.END_SUB_INTERNET_RGU_CNT as END_SUB_INTERNET_RGU_CNT
--added [BEG_SUB_VIDEO_RGU_CNT] as part DMRCXSO-8633
,NULLIF(CASE WHEN C.[BEG_SUB_XTV_RGU_CNT] + C.[BEG_SUB_XH_RGU_CNT]+C.[BEG_SUB_XV_RGU_CNT] +C.[BEG_SUB_XI_RGU_CNT]+C.[BEG_SUB_XM_RGU_CNT] + C.[BEG_SUB_INTERNET_RGU_CNT] + C.[BEG_SUB_VIDEO_RGU_CNT]>0 THEN C.[INTERACTION_HANDLED_COUNT] ELSE 0 END,0)  
AS INTERACTION_HANDLED_WITH_RGU_AND_NOW_CNT
,CASE 
            WHEN Round(C.EBI_SCORE,2) >= 0 AND Round(C.EBI_SCORE,2) <= 0.25 THEN 1
            WHEN Round(C.EBI_SCORE,2) > 0.25 AND Round(C.EBI_SCORE,2) <= 0.50 THEN 2
            WHEN Round(C.EBI_SCORE,2) > 0.50 THEN 3
            ELSE -1
        END AS EBI_Range_ID

--DMRCXSO-8633
,NULLIF(c.[BEG_SUB_VIDEO_RGU_CNT] * c.[INTERACTION_HANDLED_COUNT],0) as  BEG_SUB_VIDEO_RGU_CNT
,C.END_SUB_VIDEO_RGU_CNT as END_SUB_VIDEO_RGU_CNT
,C.XI_ONLY_CALLS_HANDLED AS XI_ONLY_CALLS_HANDLED
,C.XI_ONLY_CALLS_WITH_RGU_AND_NOW AS XI_ONLY_CALLS_WITH_RGU_AND_NOW
,C.XI_MULTI_CALLS_HANDLED AS XI_MULTI_CALLS_HANDLED
,C.XI_MULTI_CALLS_WITH_RGU_AND_NOW AS XI_MULTI_CALLS_WITH_RGU_AND_NOW
 FROM 
  [NRDP_DM].[dbo].[FACT_CALL_DETAIL] C WITH (NOLOCK)  join
  DIM_DATE_CUSTOM_PERIODS CP
  ON C.CALENDAR_DATE = CP.CALENDAR_DATE LEFT join
  LKP_DIM_VALUES_INTERACTIONS dv WITH (NOLOCK) 
  ON C.FISCAL_PERIOD_INT =  dv.FISCAL_PERIOD_INT 
  AND c.CALENDAR_DATE = dv.CALENDAR_DATE
  AND c.METRIC_SOURCE = dv.METRIC_SOURCE
  AND c.METRIC_SOURCE_KEY = dv.METRIC_SOURCE_KEY lEFT JOIN
  [dbo].[FACT_AGENT_TRAINING_REF_V] atr WITH (NOLOCK)
  ON c.DATEKEY=atr.DATEKEY
  and c.NRDP_AGENT_FISCAL_PERIOD_ID= atr.NRDP_AGENT_FISCAL_PERIOD_ID left join 
[DIM_TABULAR_AGENT_SKILL_LOCATION_LKP] agt WITH (NOLOCK)
on C.PERNR_NUM = AGT.PERNR_NUM
AND C.FISCAL_PERIOD_INT = AGT.FISCAL_PERIOD_INT LEFT JOIN
DIM_ACCOUNT_PROMOTION_MONTHLY_SUMMARY AP
ON C.METRIC_SOURCE = AP.METRIC_SOURCE
AND C.METRIC_SOURCE_KEY = AP.METRIC_SOURCE_KEY
AND C.CALENDAR_DATE = AP.CALENDAR_DATE
AND C.FISCAL_PERIOD_INT = AP.FISCAL_PERIOD_INT LEFT JOIN 
FACT_DISCONNECT_REASONS DR
ON C.METRIC_SOURCE = DR.METRIC_SOURCE
AND C.METRIC_SOURCE_KEY = DR.METRIC_SOURCE_KEY
AND C.CALENDAR_DATE = DR.CALENDAR_DATE
AND C.FISCAL_PERIOD_INT = DR.FISCAL_PERIOD_INT


"
FACT_MDM_CHAT_BEG_COUNTS_V,"















CREATE VIEW [dbo].[FACT_MDM_CHAT_BEG_COUNTS_V] AS 
SELECT c.DATEKEY
      ,c.[CALENDAR_DATE]
	  ,c.[FISCAL_PERIOD_INT]
       ,c.[FISCAL_PERIOD_INT] AS FISCAL_PERIOD_TODATE_INT
, CAST(1 AS DECIMAL(12,4)) AS [NRDP_AGENT_FISCAL_PERIOD] 
	  ,CAST(1 AS INT) SERIES_ID
      ,dv.[PERNR_NUM]
	  ,dv.[CUSTOMER_ACCOUNT_KEY]
      ,dv.[CUSTOMER_EBB_BULK_KEY]
      ,dv.[CUSTOMER_ACCOUNT_DEMO_KEY]
	  ,dv.[NRDP_CALL_ATTRIBUTE_ID]
      ,dv.[NRDP_CLV_ATTRIBUTE_ID]
      ,dv.[TRANSFER_ORIGIN_AGENT_ID]
      ,dv.[TRANSFER_ORIGIN_IACT_ID]
      ,dv.[TENURE_ID]
      ,dv.[BASE_RGU_PROFILE_ID]
      ,COALESCE(dv.SENTIMENT_QA_ID,100000) AS SENTIMENT_QA_ID
      ,dv.[NBX_M2M_ID]
  	  ,COALESCE(dv.MOVE_INCOME_CONSTRAINED_ID,-1) as MOVE_INCOME_CONSTRAINED_ID
	  ,CASE WHEN dv.PERNR_NUM > 0 AND dv.CUSTOMER_ACCOUNT_ID > 0 THEN 1 ELSE 0 END AS LTR_CANDIDATE_IND
      ,COALESCE(c.[PRODCAT_XTV_DGTL_ID],0) AS [PRODCAT_XTV_DGTL_ID]
      ,COALESCE(c.[PRODCAT_XTV_PPAY_ID],0) AS [PRODCAT_XTV_PPAY_ID]
      ,COALESCE(c.[PRODCAT_XI_TIER_ID],0) AS [PRODCAT_XI_TIER_ID]
      ,COALESCE(c.[PRODCAT_XH_XTV_XV_TIER_ID],0) AS [PRODCAT_XH_XTV_XV_TIER_ID]
      ,COALESCE(c.[PRODCAT_AO_ID],0) AS [PRODCAT_AO_ID]
	  ,COALESCE(dv.CALL_DRIVER_GROUP1_ID,0) AS CALL_DRIVER_GROUP1_ID
	  ,COALESCE(dv.CALL_DRIVER_GROUP2_ID,0) AS CALL_DRIVER_GROUP2_ID
	  ,COALESCE(dv.CALL_DRIVER_GROUP3_ID,0) AS CALL_DRIVER_GROUP3_ID
	  ,COALESCE(dv.SPEECH_QUERY_GROUP1_ID,0) AS SPEECH_QUERY_GROUP1_ID
	  ,COALESCE(dv.SPEECH_QUERY_GROUP2_ID,0) AS SPEECH_QUERY_GROUP2_ID
	  ,coalesce(dv.NRDP_CUST_MAP_ID,-1) as NRDP_CUST_MAP_ID
      ,COALESCE(dv.PRODCAT_EBB_ID,0) AS PRODCAT_EBB_ID
	  ,COALESCE(dv.PRE_NRDP_XAP_EXIT_ID,-1) as PRE_NRDP_XAP_EXIT_ID


	  ,COALESCE(atr.AGENT_TRAINING_ID,-1) AS AGENT_TRAINING_ID
	  ,COALESCE(agt.[AGENT_SKILL_LOCATION_ID],-1) AS AGENT_SKILL_LOCATION_ID 
	  ,COALESCE(agt.SK_PERSON_HIER_ID,-1) AS PERSON_HIER_ID
	  , COALESCE(agt.AGENT_TENURE_HIER_ID,-1) AS AGENT_TENURE_HIER_ID

,NULLIF(pcAO.BEG_BULK_INTERNET_CNT,0) as IACT_BEG_BULK_INTERNET_CNT
,NULLIF(pcAO.BEG_BULK_TV_CNT,0) as IACT_BEG_BULK_TV_CNT
,NULLIF(pcAO.BEG_CONTRACT_ACCEPT_CNT,0) as IACT_BEG_CONTRACT_ACCEPT_CNT
,NULLIF(c.BEG_FLEX_CNT,0) as IACT_BEG_FLEX_CNT
,NULLIF(pcAO.BEG_IP_STREAMING_CNT,0) as IACT_BEG_IP_STREAMING_CNT
,NULLIF(pcAO.BEG_NETFLIX_BUNDLE_CNT,0) as IACT_BEG_NETFLIX_BUNDLE_CNT
,NULLIF(pcAO.BEG_NETFLIX_BUNDLE_PROMO_CNT,0) as IACT_BEG_NETFLIX_BUNDLE_PROMO_CNT
,NULLIF(pcAO.BEG_PREPAID_INSTANT_TV_CNT,0) as IACT_BEG_PREPAID_INSTANT_TV_CNT
,NULLIF(pcAO.BEG_PREPAID_XI_CNT,0) as IACT_BEG_PREPAID_XI_CNT
,NULLIF(pcAO.BEG_PREPAID_XTV_CNT,0) as IACT_BEG_PREPAID_XTV_CNT
,NULLIF(pcAO.BEG_SEASONAL_XH_CNT,0) as IACT_BEG_SEASONAL_XH_CNT
,NULLIF(pcAO.BEG_SEASONAL_XI_CNT,0) as IACT_BEG_SEASONAL_XI_CNT
,NULLIF(pcAO.BEG_SEASONAL_XTV_CNT,0) as IACT_BEG_SEASONAL_XTV_CNT
,NULLIF(pcAO.BEG_SEASONAL_XV_CNT,0) as IACT_BEG_SEASONAL_XV_CNT
,NULLIF(pcAO.BEG_SIK_CNT,0) as IACT_BEG_SIK_CNT
,NULLIF(pcAO.BEG_XFI_ADVANCED_SECURITY_CNT,0) as IACT_BEG_XFI_ADVANCED_SECURITY_CNT
,NULLIF(pcAO.BEG_XFI_POD_CNT,0) as IACT_BEG_XFI_POD_CNT
,NULLIF(BEG_XH_TIER_BASIC_CNT,0) as IACT_BEG_XH_TIER_BASIC_CNT
,NULLIF(BEG_XH_TIER_BETTER_CNT,0) as IACT_BEG_XH_TIER_BETTER_CNT
,NULLIF(BEG_XH_TIER_BULK_MASTER_SECURE_SERVICE_CNT,0) as IACT_BEG_XH_TIER_BULK_MASTER_SECURE_SERVICE_CNT
,NULLIF(BEG_XH_TIER_CONTROL_100_CNT,0) as IACT_BEG_XH_TIER_CONTROL_100_CNT
,NULLIF(BEG_XH_TIER_CONTROL_150_CNT,0) as IACT_BEG_XH_TIER_CONTROL_150_CNT
,NULLIF(BEG_XH_TIER_PREMIER_CNT,0) as IACT_BEG_XH_TIER_PREMIER_CNT
,NULLIF(BEG_XH_TIER_SECURE_PLUS_SERVICE_CNT,0) as IACT_BEG_XH_TIER_SECURE_PLUS_SERVICE_CNT
,NULLIF(BEG_XH_TIER_SECURITY_SERVICE_CNT,0) as IACT_BEG_XH_TIER_SECURITY_SERVICE_CNT
,NULLIF(BEG_XH_TIER_SECURITY_SERVICE_MODULAR_CNT,0) as IACT_BEG_XH_TIER_SECURITY_SERVICE_MODULAR_CNT
,NULLIF(BEG_XH_TIER_TPS_CNT,0) as IACT_BEG_XH_TIER_TPS_CNT
,NULLIF(BEG_XI_TIER_BLAST_CNT,0) as IACT_BEG_XI_TIER_BLAST_CNT
,NULLIF(BEG_XI_TIER_BLASTPRO_CNT,0) as IACT_BEG_XI_TIER_BLASTPRO_CNT
,NULLIF(BEG_XI_TIER_ECONOMY_PLUS_CNT,0) as IACT_BEG_XI_TIER_ECONOMY_PLUS_CNT
,NULLIF(BEG_XI_TIER_EXTREME_CNT,0) as IACT_BEG_XI_TIER_EXTREME_CNT
,NULLIF(BEG_XI_TIER_EXTREME_105_150_CNT,0) as IACT_BEG_XI_TIER_EXTREME_105_150_CNT
,NULLIF(BEG_XI_TIER_EXTREME_250_CNT,0) as IACT_BEG_XI_TIER_EXTREME_250_CNT
,NULLIF(BEG_XI_TIER_EXTREME_250_505_CNT,0) as IACT_BEG_XI_TIER_EXTREME_250_505_CNT
,NULLIF(BEG_XI_TIER_EXTREME_300_CNT,0) as IACT_BEG_XI_TIER_EXTREME_300_CNT
,NULLIF(BEG_XI_TIER_EXTREME_400_CNT,0) as IACT_BEG_XI_TIER_EXTREME_400_CNT
,NULLIF(BEG_XI_TIER_GIGABIT_CNT,0) as IACT_BEG_XI_TIER_GIGABIT_CNT
,NULLIF(BEG_XI_TIER_GIGABIT_INTERNET_CNT,0) as IACT_BEG_XI_TIER_GIGABIT_INTERNET_CNT
,NULLIF(BEG_XI_TIER_GIGABIT_PRO_CNT,0) as IACT_BEG_XI_TIER_GIGABIT_PRO_CNT
,NULLIF(BEG_XI_TIER_HSI_PERFORMANCE_CNT,0) as IACT_BEG_XI_TIER_HSI_PERFORMANCE_CNT
,NULLIF(BEG_XI_TIER_INTERNET_5_CNT,0) as IACT_BEG_XI_TIER_INTERNET_5_CNT
,NULLIF(BEG_XI_TIER_INTERNET_ESSENTIALS_CNT,0) as IACT_BEG_XI_TIER_INTERNET_ESSENTIALS_CNT
,NULLIF(BEG_XI_TIER_PERFORMANCE_100_CNT,0) as IACT_BEG_XI_TIER_PERFORMANCE_100_CNT
,NULLIF(BEG_XI_TIER_PERFORMANCE_25_CNT,0) as IACT_BEG_XI_TIER_PERFORMANCE_25_CNT
,NULLIF(BEG_XI_TIER_PERFORMANCE_PRO_CNT,0) as IACT_BEG_XI_TIER_PERFORMANCE_PRO_CNT
,NULLIF(BEG_XI_TIER_PERFORMANCE_SELECT_CNT,0) as IACT_BEG_XI_TIER_PERFORMANCE_SELECT_CNT
,NULLIF(BEG_XI_TIER_PERFORMANCE_STARTER_CNT,0) as IACT_BEG_XI_TIER_PERFORMANCE_STARTER_CNT
,NULLIF(BEG_XI_TIER_ULTRA_CNT,0) as IACT_BEG_XI_TIER_ULTRA_CNT
,NULLIF(BEG_XI_TIER_UNLIMITED_CNT,0) as IACT_BEG_XI_TIER_UNLIMITED_CNT
,NULLIF(BEG_XTV_DGTL_ADD_ON_3D_TV_CNT,0) as IACT_BEG_XTV_DGTL_ADD_ON_3D_TV_CNT
,NULLIF(BEG_XTV_DGTL_ADD_ON_DEPORTES_CNT,0) as IACT_BEG_XTV_DGTL_ADD_ON_DEPORTES_CNT
,NULLIF(BEG_XTV_DGTL_ADD_ON_ATT_CNT,0) as IACT_BEG_XTV_DGTL_ADD_ON_ATT_CNT
,NULLIF(BEG_XTV_DGTL_ADD_ON_BASIC_CNT,0) as IACT_BEG_XTV_DGTL_ADD_ON_BASIC_CNT
,NULLIF(BEG_XTV_DGTL_ADD_ON_INFORMATION_CNT,0) as IACT_BEG_XTV_DGTL_ADD_ON_INFORMATION_CNT
,NULLIF(BEG_XTV_DGTL_ADD_ON_MUSIC_CNT,0) as IACT_BEG_XTV_DGTL_ADD_ON_MUSIC_CNT
,NULLIF(BEG_XTV_DGTL_ADD_ON_STANDARD_CNT,0) as IACT_BEG_XTV_DGTL_ADD_ON_STANDARD_CNT
,NULLIF(BEG_XTV_DGTL_ADD_ON_VARIETY_CNT,0) as IACT_BEG_XTV_DGTL_ADD_ON_VARIETY_CNT
,NULLIF(BEG_XTV_DGTL_ADD_ON_ENTERTAINMENT_LIFESTYLE_CNT,0) as IACT_BEG_XTV_DGTL_ADD_ON_ENTERTAINMENT_LIFESTYLE_CNT
,NULLIF(BEG_XTV_DGTL_ADD_ON_FAMILY_TIER_CNT,0) as IACT_BEG_XTV_DGTL_ADD_ON_FAMILY_TIER_CNT
,NULLIF(BEG_XTV_DGTL_ADD_ON_KIDS_CNT,0) as IACT_BEG_XTV_DGTL_ADD_ON_KIDS_CNT
,NULLIF(BEG_XTV_DGTL_ADD_ON_LATINO_CNT,0) as IACT_BEG_XTV_DGTL_ADD_ON_LATINO_CNT
,NULLIF(BEG_XTV_DGTL_ADD_ON_MINI_TIER_CNT,0) as IACT_BEG_XTV_DGTL_ADD_ON_MINI_TIER_CNT
,NULLIF(BEG_XTV_DGTL_ADD_ON_MOVIES_MUSIC_TIER_CNT,0) as IACT_BEG_XTV_DGTL_ADD_ON_MOVIES_MUSIC_TIER_CNT
,NULLIF(BEG_XTV_DGTL_ADD_ON_MOVIES_THEME_PACK_CNT,0) as IACT_BEG_XTV_DGTL_ADD_ON_MOVIES_THEME_PACK_CNT
,NULLIF(BEG_XTV_DGTL_ADD_ON_MUSIC_CHOICE_CNT,0) as IACT_BEG_XTV_DGTL_ADD_ON_MUSIC_CHOICE_CNT
,NULLIF(BEG_XTV_DGTL_ADD_ON_NEWS_INFO_THEME_PACK_CNT,0) as IACT_BEG_XTV_DGTL_ADD_ON_NEWS_INFO_THEME_PACK_CNT
,NULLIF(BEG_XTV_DGTL_ADD_ON_SPORTS_CNT,0) as IACT_BEG_XTV_DGTL_ADD_ON_SPORTS_CNT
,NULLIF(BEG_XTV_DGTL_ADD_ON_THEME_REVENUE_CNT,0) as IACT_BEG_XTV_DGTL_ADD_ON_THEME_REVENUE_CNT
,NULLIF(BEG_XTV_DGTL_TIER_BASIC_VIDEO_A_O_CNT,0) as IACT_BEG_XTV_DGTL_TIER_BASIC_VIDEO_A_O_CNT
,NULLIF(BEG_XTV_DGTL_TIER_ECONOMY_CNT,0) as IACT_BEG_XTV_DGTL_TIER_ECONOMY_CNT
,NULLIF(BEG_XTV_DGTL_TIER_PREFERRED_CNT,0) as IACT_BEG_XTV_DGTL_TIER_PREFERRED_CNT
,NULLIF(BEG_XTV_DGTL_TIER_STARTER_CNT,0) as IACT_BEG_XTV_DGTL_TIER_STARTER_CNT
,NULLIF(BEG_XTV_DGTL_TIER_STARTER_LITE_CNT,0) as IACT_BEG_XTV_DGTL_TIER_STARTER_LITE_CNT
,NULLIF(BEG_XTV_DGTL_TIER_ENTERTAINMENT_CNT,0) as IACT_BEG_XTV_DGTL_TIER_ENTERTAINMENT_CNT
,NULLIF(BEG_XTV_DGTL_TIER_GENREPACKS_CNT,0) as IACT_BEG_XTV_DGTL_TIER_GENREPACKS_CNT
,NULLIF(BEG_XTV_DGTL_TIER_GET_STARTED_CNT,0) as IACT_BEG_XTV_DGTL_TIER_GET_STARTED_CNT
,NULLIF(BEG_XTV_DGTL_TIER_KIDS_FAMILY_CNT,0) as IACT_BEG_XTV_DGTL_TIER_KIDS_FAMILY_CNT
,NULLIF(BEG_XTV_DGTL_TIER_SPORTS_NEWS_CNT,0) as IACT_BEG_XTV_DGTL_TIER_SPORTS_NEWS_CNT
,NULLIF(BEG_XTV_PPAY_CINEMAX_CNT,0) as IACT_BEG_XTV_PPAY_CINEMAX_CNT
,NULLIF(BEG_XTV_PPAY_ENCORE_CNT,0) as IACT_BEG_XTV_PPAY_ENCORE_CNT
,NULLIF(BEG_XTV_PPAY_EPIX_CNT,0) as IACT_BEG_XTV_PPAY_EPIX_CNT
,NULLIF(BEG_XTV_PPAY_HBO_CNT,0) as IACT_BEG_XTV_PPAY_HBO_CNT
,NULLIF(BEG_XTV_PPAY_PLAYBOY_CNT,0) as IACT_BEG_XTV_PPAY_PLAYBOY_CNT
,NULLIF(BEG_XTV_PPAY_SHOWTIME_CNT,0) as IACT_BEG_XTV_PPAY_SHOWTIME_CNT
,NULLIF(BEG_XTV_PPAY_STARZ_CNT,0) as IACT_BEG_XTV_PPAY_STARZ_CNT
,NULLIF(BEG_XTV_PPAY_STREAMPIX_CNT,0) as IACT_BEG_XTV_PPAY_STREAMPIX_CNT
,NULLIF(BEG_XTV_PPAY_TMC_CNT,0) as IACT_BEG_XTV_PPAY_TMC_CNT
,NULLIF(BEG_XTV_TIER_B1_FAT_CNT,0) as IACT_BEG_XTV_TIER_B1_FAT_CNT
,NULLIF(BEG_XTV_TIER_B1_IP_VIDEO_CNT,0) as IACT_BEG_XTV_TIER_B1_IP_VIDEO_CNT
,NULLIF(BEG_XTV_TIER_B1_MODULAR_CNT,0) as IACT_BEG_XTV_TIER_B1_MODULAR_CNT
,NULLIF(BEG_XTV_TIER_B2_CNT,0) as IACT_BEG_XTV_TIER_B2_CNT
,NULLIF(BEG_XTV_TIER_LIMITED_ANALOG_CNT,0) as IACT_BEG_XTV_TIER_LIMITED_ANALOG_CNT
,NULLIF(BEG_XV_TIER_LOCAL_CNT,0) as IACT_BEG_XV_TIER_LOCAL_CNT
,NULLIF(BEG_XV_TIER_UNLIMITED_CNT,0) as IACT_BEG_XV_TIER_UNLIMITED_CNT
,NULLIF(BEG_XV_TIER_UNLIMITED_SAVER_CNT,0) as IACT_BEG_XV_TIER_UNLIMITED_SAVER_CNT
,NULLIF(BEG_XV_TIER_UNLIMITED_SELECT_CNT,0) as IACT_BEG_XV_TIER_UNLIMITED_SELECT_CNT
,NULLIF(pcAO.BEG_XFI_ADVANTAGE_CNT,0) as IACT_BEG_XFI_ADVANTAGE_CNT
,NULLIF(pcAO.BEG_XI_EQUIP_XFI_ADVANCED_GTWY_XB6_CNT,0) as IACT_BEG_XI_EQUIP_XFI_ADVANCED_GTWY_XB6_CNT
,NULLIF(BEG_XTV_PPAY_EXTRA_CHANNELS_PACK_CNT,0) as IACT_BEG_XTV_PPAY_EXTRA_CHANNELS_PACK_CNT
,NULLIF(BEG_XTV_PPAY_PREFERRED_PLUS_CHANNELS_PACK_CNT,0) as IACT_BEG_XTV_PPAY_PREFERRED_PLUS_CHANNELS_PACK_CNT
,NULLIF(BEG_XI_TIER_BLASTPRO_PLUS_CNT,0) as IACT_BEG_XI_TIER_BLASTPRO_PLUS_CNT
,NULLIF(BEG_XI_TIER_EXTREME_PRO_PLUS_CNT,0) as IACT_BEG_XI_TIER_EXTREME_PRO_PLUS_CNT
,NULLIF(BEG_XI_TIER_PERFORMANCE_PRO_PLUS_CNT,0) as IACT_BEG_XI_TIER_PERFORMANCE_PRO_PLUS_CNT
,NULLIF(BEG_XI_TIER_PERFORMANCE_STARTER_PLUS_CNT,0) as IACT_BEG_XI_TIER_PERFORMANCE_STARTER_PLUS_CNT

,NULLIF(BEG_SUB_XMPP_CNT,0) AS IACT_BEG_SUB_XMPP_CNT
,NULLIF(BEG_XMPP_REV_AMT,0) AS IACT_BEG_XMPP_REV_AMT
,NULLIF(BEG_XM_LINE_BY_THE_GIG_CNT,0) AS IACT_BEG_XM_LINE_BY_THE_GIG_CNT
,NULLIF(BEG_XM_LINE_UNLIMITED_CNT,0) AS IACT_BEG_XM_LINE_UNLIMITED_CNT
,NULLIF(BEG_FOREIGN_PAY_TV_CNT,0) AS IACT_BEG_FOREIGN_PAY_TV_CNT
,NULLIF(BEG_PPV_SPORTS_PACKAGE_CNT,0) AS IACT_BEG_PPV_SPORTS_PACKAGE_CNT
,NULLIF(BEG_SUBSCRIPTION_VOD_CNT,0) AS IACT_BEG_SUBSCRIPTION_VOD_CNT
,NULLIF(BEG_XH_EQUIP_CNT,0) AS IACT_BEG_XH_EQUIP_CNT
,NULLIF(BEG_XI_EQUIP_WIRELESS_GTWY_FIBER_CDV_HSD_CNT,0) AS IACT_BEG_XI_EQUIP_WIRELESS_GTWY_FIBER_CDV_HSD_CNT
,NULLIF(pcAO.BEG_XI_EQUIP_XFI_WIRELESS_GTWY_XB3_CNT,0) AS IACT_BEG_XI_EQUIP_XFI_WIRELESS_GTWY_XB3_CNT
,NULLIF(BEG_XTV_EQUIP_CNT,0) AS IACT_BEG_XTV_EQUIP_CNT
,NULLIF(BEG_XTV_EQUIP_ADVANCED_CNT,0) AS IACT_BEG_XTV_EQUIP_ADVANCED_CNT
,NULLIF(BEG_XV_EQUIP_CNT,0) AS IACT_BEG_XV_EQUIP_CNT
,NULLIF(BEG_XV_XI_CUST_OWNED_EQUIP_CNT,0) AS IACT_BEG_XV_XI_CUST_OWNED_EQUIP_CNT
,NULLIF(BEG_BROADCAST_TV_FEES_AMT,0) AS IACT_BEG_BROADCAST_TV_FEES_AMT
,NULLIF(BEG_REGIONAL_SPORTS_NETWORK_FEES_AMT,0) AS IACT_BEG_REGIONAL_SPORTS_NETWORK_FEES_AMT
,NULLIF(c.BEG_ACCESSIBILITY_CUSTOMER_TRACKING_CNT,0) AS IACT_BEG_ACCESSIBILITY_CUSTOMER_TRACKING_CNT
,NULLIF(c.INTERACTION_BEG_XAP_CNT,0) AS IACT_BEG_XAP_CNT
,NULLIF(c.INTERACTION_BEG_XAP_DROP_PENDING_CNT,0) AS IACT_BEG_XAP_DROP_PENDING_CNT
,NULLIF(c.INTERACTION_BEG_XAP_ADD_PENDING_CNT,0) AS IACT_BEG_XAP_ADD_PENDING_CNT
,NULLIF(pcAO.BEG_XFI_COMPLETE_CNT,0) AS IACT_BEG_XFI_COMPLETE_CNT
,NULLIF(pcXI.[BEG_XI_TIER_INTERNET_ESSENTIALS_PLUS_CNT],0) AS IACT_BEG_XI_TIER_INTERNET_ESSENTIALS_PLUS_CNT 
  FROM   [NRDP_DM].[dbo].[FACT_CHAT_DETAIL] C WITH (NOLOCK)  LEFT join
  LKP_DIM_VALUES_INTERACTIONS dv WITH (NOLOCK) 
  ON C.FISCAL_PERIOD_INT =  dv.FISCAL_PERIOD_INT 
  AND c.CALENDAR_DATE = dv.CALENDAR_DATE
  AND c.METRIC_SOURCE = dv.METRIC_SOURCE
  AND c.METRIC_SOURCE_KEY = dv.METRIC_SOURCE_KEY lEFT JOIN
  [dbo].[FACT_AGENT_TRAINING_REF_V] atr WITH (NOLOCK)
  ON c.DATEKEY=atr.DATEKEY
  and c.NRDP_AGENT_FISCAL_PERIOD_ID= atr.NRDP_AGENT_FISCAL_PERIOD_ID left join 
[DIM_TABULAR_AGENT_SKILL_LOCATION_LKP] agt WITH (NOLOCK)
on C.PERNR_NUM = AGT.PERNR_NUM
AND C.FISCAL_PERIOD_INT = AGT.FISCAL_PERIOD_INT LEFT JOIN 
  [dbo].[DIM_PRODCAT_ALL_OTHERS] pcAO
  on c.PRODCAT_AO_ID = pcAO.PRODCAT_AO_ID  LEFT JOIN 
  [dbo].[DIM_PRODCAT_XI_TIER] pcXI
  on c.PRODCAT_XI_TIER_ID = pcXI.PRODCAT_XI_TIER_ID LEFT JOIN 
  [dbo].[DIM_PRODCAT_XH_XTV_XV_TIER] pcXH_XV
  on c.PRODCAT_XH_XTV_XV_TIER_ID = pcXH_XV.PRODCAT_XH_XTV_XV_TIER_ID LEFT JOIN 
  [dbo].[DIM_PRODCAT_XTV_DGTL] pcXTV_DGTL
  on c.PRODCAT_XTV_DGTL_ID = pcXTV_DGTL.PRODCAT_XTV_DGTL_ID LEFT JOIN 
  [dbo].[DIM_PRODCAT_XTV_PPAY] pcXTV_PPAY
  on c.PRODCAT_XTV_PPAY_ID = pcXTV_PPAY.PRODCAT_XTV_PPAY_ID 

  where c.FISCAL_PERIOD_INT > 201812 AND  C.CALENDAR_DATE < DATEADD(D,-1,GETDATE())
"
FACT_MDM_CHATS_V,"

CREATE     VIEW [dbo].[FACT_MDM_CHATS_V] AS 
SELECT  c.DATEKEY
      ,c.[CALENDAR_DATE]
	  ,c.[FISCAL_PERIOD_INT]
	  ,COALESCE(D.[FISCAL_PERIOD_TODATE_INT],C.[FISCAL_PERIOD_INT]) AS [FISCAL_PERIOD_TODATE_INT]
	  ,CAST(1 AS INT) SERIES_ID
     ,dv.[PERNR_NUM]
	  
	  ,dv.[CUSTOMER_ACCOUNT_KEY]
      ,dv.[CUSTOMER_EBB_BULK_KEY]
      ,dv.[CUSTOMER_ACCOUNT_DEMO_KEY]
	  ,dv.[NRDP_CALL_ATTRIBUTE_ID]
      ,dv.[NRDP_CLV_ATTRIBUTE_ID]
      ,dv.[TRANSFER_ORIGIN_AGENT_ID]
      ,dv.[TRANSFER_ORIGIN_IACT_ID]
      ,dv.[TENURE_ID]
      ,dv.[BASE_RGU_PROFILE_ID]
      ,dv.[BASE_RGU_PROFILE_ID] AS PRODUCT_ATTRIBUTE_ID
      ,COALESCE(dv.SENTIMENT_QA_ID,100000) AS SENTIMENT_QA_ID
      ,dv.[NBX_M2M_ID]
	  ,CASE WHEN c.PERNR_NUM > 0 AND dv.CUSTOMER_ACCOUNT_ID>0 THEN CP.[LTR_IND] ELSE 0 END LTR_IND 
      ,COALESCE(c.[PRODCAT_XTV_DGTL_ID],0) AS [PRODCAT_XTV_DGTL_ID]
      ,COALESCE(c.[PRODCAT_XTV_PPAY_ID],0) AS [PRODCAT_XTV_PPAY_ID]
      ,COALESCE(c.[PRODCAT_XI_TIER_ID],0) AS [PRODCAT_XI_TIER_ID]
      ,COALESCE(c.[PRODCAT_XH_XTV_XV_TIER_ID],0) AS [PRODCAT_XH_XTV_XV_TIER_ID]
      ,COALESCE(c.[PRODCAT_AO_ID],0) AS [PRODCAT_AO_ID]
	  ,COALESCE(dv.CALL_DRIVER_GROUP1_ID,0) AS CALL_DRIVER_GROUP1_ID
	  ,COALESCE(dv.CALL_DRIVER_GROUP2_ID,0) AS CALL_DRIVER_GROUP2_ID
	  ,COALESCE(dv.CALL_DRIVER_GROUP3_ID,0) AS CALL_DRIVER_GROUP3_ID
	  ,COALESCE(dv.SPEECH_QUERY_GROUP1_ID,0) AS SPEECH_QUERY_GROUP1_ID
	  ,COALESCE(dv.SPEECH_QUERY_GROUP2_ID,0) AS SPEECH_QUERY_GROUP2_ID
	  ,coalesce(dv.NRDP_CUST_MAP_ID,-1) as NRDP_CUST_MAP_ID
      ,COALESCE(dv.PRODCAT_EBB_ID,0) AS PRODCAT_EBB_ID
	  ,COALESCE(dv.PRE_NRDP_XAP_EXIT_ID,-1) as PRE_NRDP_XAP_EXIT_ID
	  ,COALESCE(dv.MOVE_INCOME_CONSTRAINED_ID,-1) as MOVE_INCOME_CONSTRAINED_ID
	  	  ,COALESCE(atr.AGENT_TRAINING_ID,-1) AS AGENT_TRAINING_ID
	  ,COALESCE(agt.[AGENT_SKILL_LOCATION_ID],-1) AS AGENT_SKILL_LOCATION_ID 
	  ,COALESCE(agt.SK_PERSON_HIER_ID,-1) AS PERSON_HIER_ID
	  , COALESCE(agt.AGENT_TENURE_HIER_ID,-1) AS AGENT_TENURE_HIER_ID

,C.INTERACTION_OFFERED_COUNT - c.INTERACTION_HANDLED_COUNT AS CHAT_ABANDONED_COUNT

,c.INTERACTION_HANDLED_COUNT AS CHAT_HANDLED_COUNT
,c.INTERACTION_OFFERED_COUNT AS   CHAT_OFFERED_COUNT
,NULLIF(c.[BEG_SUB_CNT],0) AS [CHATS_CUST_CNT]

,nullif(c.[BEG_SUB_XTV_RGU_CNT] * c.[INTERACTION_HANDLED_COUNT],0) AS  [CHATS_XTV_CNT]
,nullif(c.[BEG_SUB_XH_RGU_CNT] * c.[INTERACTION_HANDLED_COUNT],0) AS  [CHATS_XH_CNT]
,nullif(c.[BEG_SUB_XV_RGU_CNT] * c.[INTERACTION_HANDLED_COUNT],0) AS  [CHATS_XV_CNT]
,nullif(c.[BEG_SUB_XI_RGU_CNT] * c.[INTERACTION_HANDLED_COUNT],0) AS  [CHATS_XI_CNT]
,nullif(c.[BEG_SUB_XM_RGU_CNT] * c.[INTERACTION_HANDLED_COUNT],0) AS  [CHATS_XM_CNT]
,nullif(c.[BEG_SUB_H1_CNT] * c.[INTERACTION_HANDLED_COUNT],0) AS  [CHATS_H1_CNT]
,nullif(c.[BEG_SUB_X1_CNT] * c.[INTERACTION_HANDLED_COUNT],0) AS  [CHATS_X1_CNT]
,nullif(c.[BEG_SUB_INST_TV_CNT] * c.[INTERACTION_HANDLED_COUNT],0) AS  [CHATS_INST_TV_CNT]
,nullif(c.[BEG_SUB_XM_LINE_CNT] * c.[INTERACTION_HANDLED_COUNT],0) AS  [CHATS_XM_LINE_CNT]
,nullif(c.[BEG_SUB_XMPP_CNT] * c.[INTERACTION_HANDLED_COUNT],0) AS  [CHATS_XMPP_CNT]
,nullif(c.[BEG_SUB_REV_AMT] * c.[INTERACTION_HANDLED_COUNT],0) AS  [CHATS_REV_AMT]
,nullif(c.[BEG_XM_RGU_REV_AMT] * c.[INTERACTION_HANDLED_COUNT],0) AS  [CHATS_XM_REV_AMT]
,nullif(c.[BEG_XMPP_REV_AMT] * c.[INTERACTION_HANDLED_COUNT],0) AS [CHATS_XMPP_REV_AMT]
,nullif(case when c.[BEG_SUB_XTV_RGU_CNT]+c.[BEG_SUB_XH_RGU_CNT]+c.[BEG_SUB_XV_RGU_CNT]
+c.[BEG_SUB_XI_RGU_CNT]+c.[BEG_SUB_XM_RGU_CNT] >0
--+c.[BEG_SUB_X1_CNT] + C.BEG_SUB_H1_CNT > 0
	then c.[INTERACTION_HANDLED_COUNT] else 0 end,0) as [CHATS_WITH_RGUS_CNT]

,nullif(case when c.[BEG_SUB_REV_AMT] > 0 then c.[INTERACTION_HANDLED_COUNT] else 0 end,0) AS  [CHATS_WITH_REV_CNT]

,( 5 - (coalesce(c.[BEG_SUB_XTV_RGU_CNT],0) + 
coalesce(c.[BEG_SUB_XI_RGU_CNT],0) +
coalesce(c.[BEG_SUB_XV_RGU_CNT],0) +
coalesce(c.[BEG_SUB_XH_RGU_CNT],0) + 
coalesce(c.[BEG_SUB_XM_RGU_CNT],0)) )  * c.[INTERACTION_HANDLED_COUNT] AS  [INTERACTION_OPPORTUNITY_COUNT]


,NULLIF(c.[QUEUE_TIME] ,0) AS [SPEED_OF_ANSWER]
,NULLIF(c.[QUEUE_TIME] ,0) AS [ASA]
--,nullif(c.[TALK_TIME] ,0) AS [TALK_TIME]
,nullif(c.[TALK_TIME] ,0) AS [WORKTIME]
,CAST(NULL AS INT) AS [HOLD_TIME]
,nullif(c.[WRAP_TIME],0) AS [WRAP_TIME]
--,c.[QUEUE_TIME]
,CAST(NULL AS INT) AS [RING_TIME]
,nullif(c.[HANDLED_SERVICE_LVL],0) AS [HANDLED_SERVICE_LVL]
	  ,NULLIF([CHATS_SUSPICIOUS_CNT],0) AS [CHATS_SUSPICIOUS_CNT]
	  ,NULLIF([CHATS_AVG_RESPONSE_TIME],0) [CHATS_AVG_RESPONSE_TIME]
	  ,nullif(cASE WHEN [CHATS_AVG_RESPONSE_TIME] > 0 THEN 1 ELSE NULL END,0) AS  [CHATS_AVG_RESPONSE_DENOM]
	  ,NULLIF([CHAT_SMS_WO_RESPONSE],0) AS [SMSWithoutresponse]
	  ,NULLIF([CHAT_TO_VH_IND],0) AS [CHAT_TO_VH_IND]
	  ,NULLIF([CHAT_WORK_TIME],0) AS [CHAT_WORK_TIME]



,NULLIF(CHAT_NONRESPONSIVE,0) AS CHAT_NONRESPONSIVE
,nullif(CHAT_SERVICED_COUNT,0) AS CHAT_SERVICED_COUNT

,nullif(cASE WHEN c.INTERACTION_OFFERED_COUNT = 0 THEN 1 ELSE NULL END,0) CHAT_SHORT_ABANDONED
,nullif(CASE WHEN c.CUST_CHAT_AGENT_NONRESPONSIVE = 1 THEN COALESCE(C.TALK_TIME,0) + COALESCE(C.WRAP_TIME,0) ELSE NULL END,0) UNRESPONSIVE_CHAT_HANDLED_TIME

, NULLIF( CASE WHEN C.METRIC_SOURCE_KEY < 200000000 THEN COALESCE(C.TALK_TIME,0) + COALESCE(C.WRAP_TIME,0) ELSE NULL END,0) EGAIN_CHAT_TIME
, NULLIF(CASE WHEN C.METRIC_SOURCE_KEY < 200000000 THEN c.INTERACTION_OFFERED_COUNT  ELSE NULL END,0) EGAIN_CHAT_HANDLED_COUNT
, NULLIF(CHAT_AGENT_LOST_CONNECT_CNT,0) AS CHAT_AGENT_LOST_CONNECT_CNT
,NULLIF(CHAT_AGENT_INTIAL_RESPONSE_TIME,0) AS CHAT_AGENT_INTIAL_RESPONSE_TIME
,nullif(cASE WHEN [CHAT_AGENT_INTIAL_RESPONSE_TIME] > 0 THEN 1 ELSE NULL END,0) AS CHAT_AGENT_INTIAL_RESPONSE_TIME_DENOM
,nullif(CHAT_PUSH_TO_QUEUE,0) AS CHAT_PUSH_TO_QUEUE
,NULLIF(CHAT_TIME_INQUEUE,0) AS CHAT_TIME_INQUEUE
,NULLIF(SERVICE_LVL_MET_CX,0) AS CHAT_SERVICE_LEVEL_CUST_XP
,NULLIF(SERVICE_LVL_MET_AGENT_ASSIGNED_TO_RESPOND,0) AS CHAT_SERVICE_LEVEL_AGENT_ASSIGNED
,NULLIF(SERVICE_LVL_MET_QUEUE_TO_AGENT_ASSIGNED,0) AS CHAT_SERVICE_LEVEL_QUEUE_TO_AGENT_ASSIGNED
,NULLIF(CACR_TIME,0) AS CACR_TIME
,NULLIF(CUST_CHAT_NONRESPONSIVE,0) AS CUST_CHAT_NONRESPONSIVE
,NULLIF(CUST_CHAT_AGENT_NONRESPONSIVE,0) AS CUST_CHAT_AGENT_NONRESPONSIVE
,NULLIF(TOTAL_AGENT_CUSTOM_SCRIPT_LINES_CNT,0) AS TOTAL_AGENT_CUSTOM_SCRIPT_LINES_CNT
,NULLIF(TOTAL_AGENT_EDITED_SCRIPT_LINES_CNT,0) AS TOTAL_AGENT_EDITED_SCRIPT_LINES_CNT
,NULLIF(TOTAL_AGENT_FREEHAND_LINES_CNT,0) AS TOTAL_AGENT_FREEHAND_LINES_CNT
,NULLIF(TOTAL_AGENT_SCRIPT_LINES_CNT,0) AS TOTAL_AGENT_SCRIPT_LINES_CNT
,NULLIF(TOTAL_CUSTOMER_LINES_CNT,0) AS TOTAL_CUSTOMER_LINES_CNT
,NULLIF(CUSTOMER_LOST_CONNECT_CNT,0) AS CUSTOMER_LOST_CONNECT_CNT
,NULLIF(TOTAL_CUSTOMER_RESPONSE_TIME,0) AS TOTAL_CUSTOMER_RESPONSE_TIME
,NULLIF(AVERAGE_POST_INITIAL_RESPONSE_TIME,0) AS AVERAGE_POST_INITIAL_RESPONSE_TIME
,NULLIF(TOTAL_AGENT_RESPONSE_TIME,0) AS TOTAL_AGENT_RESPONSE_TIME
,NULLIF(TOTAL_AGENT_RESPONSE_COUNT,0) AS TOTAL_AGENT_RESPONSE_COUNT
,TOTAL_AGENT_RESPONSE_COUNT -1 AS POST_INITIAL_RESPONSE_TIME_DENOM
,NULLIF(CHAT_TRANSFER_FROM_AGENT_LOST_CONNECT_CNT,0) AS CHAT_TRANSFER_FROM_AGENT_LOST_CONNECT_CNT --ADDED BY SS ON 1/24/22--
,NULLIF(CASE WHEN c.INTERACTION_HANDLED_COUNT = 1 THEN INTERACTION_DURATION ELSE 0 END,0) AS CHAT_CONCURRENCY_NUM

,ISNULL([CALENDAR_DATE_TIMESTAMP],'1753-01-01 00:00:00.000') AS PERIODDATETIME


,CASE WHEN PROMO_STATUS = 'PROMO-NO-ROLL' AND PR_REV_STEP = '0' THEN 1
     WHEN PROMO_STATUS = 'PROMO-NO-ROLL' AND PR_REV_STEP = '0-5'THEN 2
	 WHEN PROMO_STATUS = 'PROMO-NO-ROLL' AND PR_REV_STEP = '5-10'THEN 3
	 WHEN PROMO_STATUS = 'PROMO-NO-ROLL' AND PR_REV_STEP = '10-20'THEN 4
	 WHEN PROMO_STATUS = 'PROMO-NO-ROLL' AND PR_REV_STEP = '20-30'THEN 5
	 WHEN PROMO_STATUS = 'PROMO-NO-ROLL' AND PR_REV_STEP = '30+'THEN 6
	 WHEN PROMO_STATUS = 'PROMO-ROLL' AND PR_REV_STEP = '0' THEN 7
	 WHEN PROMO_STATUS = 'PROMO-ROLL' AND PR_REV_STEP = '0-5'THEN 8
	 WHEN PROMO_STATUS = 'PROMO-ROLL' AND PR_REV_STEP = '5-10'THEN 9
	 WHEN PROMO_STATUS = 'PROMO-ROLL' AND PR_REV_STEP = '10-20'THEN 10
	 WHEN PROMO_STATUS = 'PROMO-ROLL' AND PR_REV_STEP = '20-30'THEN 11
	 WHEN PROMO_STATUS = 'PROMO-ROLL' AND PR_REV_STEP = '30+' THEN 12
	 WHEN PROMO_STATUS = 'EDP' AND PR_REV_STEP = '0' THEN 13
	 WHEN PROMO_STATUS = 'EDP' AND PR_REV_STEP = '0-5'THEN 14
	 WHEN PROMO_STATUS = 'EDP' AND PR_REV_STEP = '5-10'THEN 15
	 WHEN PROMO_STATUS = 'EDP' AND PR_REV_STEP = '10-20'THEN 16
	 WHEN PROMO_STATUS = 'EDP' AND PR_REV_STEP = '20-30'THEN 17
	 WHEN PROMO_STATUS = 'EDP' AND PR_REV_STEP = '30+' THEN 18
	 WHEN PROMO_STATUS = 'PROMO-ROLL' AND PR_REV_STEP IS NULL THEN 19
	 WHEN PROMO_STATUS = 'PROMO-NO-ROLL' AND PR_REV_STEP IS NULL THEN 20
	 WHEN PROMO_STATUS = 'EDP' AND PR_REV_STEP IS NULL THEN 21
	 WHEN PROMO_STATUS IS NULL AND PR_REV_STEP IS NULL THEN -1
	 ELSE -1 END AS PROMOROLLKEY

,COALESCE(DR.DISCONNECT_REASON_INDICATOR,-1) AS DISCONNECT_REASON_INDICATOR
--DMRCXSO-1466
,C.VIDEO_DOWNGRADE_DENOM as VIDEO_DOWNGRADE_DENOM_CHATS
,C.XI_SPEED_DOWNGRADE_DENOM as XI_SPEED_DOWNGRADE_DENOM_CHATS
,C.VIDEO_UPGRADE_DENOM as VIDEO_UPGRADE_DENOM_CHATS
,C.XI_SPEED_UPGRADE_DENOM as XI_SPEED_UPGRADE_DENOM_CHATS
--DMRCXSO-2740
,CHAT_ACTIVITY_ID
,ASYNC_CONVERSATION_ID
--DMRCXSO-2767
,C.ASYNC_SAME_AGENT_RECONNECT 
,C.ASYNC_SAME_AGENT_RECONNECT_ELIGABLE
--DMRCXSO-3008
,CAST(C.ASYNC_DURATION AS BIGINT) AS ASYNC_DURATION
--DMRCXSO-4182
,NULLIF(c.[BEG_SUB_INTERNET_RGU_CNT] * c.[INTERACTION_HANDLED_COUNT],0) as  [BEG_SUB_INTERNET_RGU_CNT]
,C.END_SUB_INTERNET_RGU_CNT as END_SUB_INTERNET_RGU_CNT
--added [BEG_SUB_VIDEO_RGU_CNT] as part DMRCXSO-8633
,NULLIF(CASE WHEN C.[BEG_SUB_XTV_RGU_CNT] + C.[BEG_SUB_XH_RGU_CNT] + C.[BEG_SUB_XV_RGU_CNT] + C.[BEG_SUB_XI_RGU_CNT]+ C.[BEG_SUB_XM_RGU_CNT] + C.[BEG_SUB_INTERNET_RGU_CNT] + C.[BEG_SUB_VIDEO_RGU_CNT]>0 THEN C.[INTERACTION_HANDLED_COUNT] ELSE 0 END,0)  
AS INTERACTION_HANDLED_WITH_RGU_AND_NOW_CNT
--DMRCXSO-8633
,NULLIF(c.[BEG_SUB_VIDEO_RGU_CNT] * c.[INTERACTION_HANDLED_COUNT],0) as  [BEG_SUB_VIDEO_RGU_CNT]
,C.END_SUB_VIDEO_RGU_CNT as END_SUB_VIDEO_RGU_CNT
,C.XI_ONLY_CHATS_HANDLED AS XI_ONLY_CHATS_HANDLED
,C.XI_ONLY_CHATS_WITH_RGU_AND_NOW AS XI_ONLY_CHATS_WITH_RGU_AND_NOW
,C.XI_MULTI_CHATS_HANDLED AS XI_MULTI_CHATS_HANDLED
,C.XI_MULTI_CHATS_WITH_RGU_AND_NOW AS XI_MULTI_CHATS_WITH_RGU_AND_NOW
 FROM  
  [NRDP_DM].[dbo].[FACT_CHAT_DETAIL] C WITH (NOLOCK)  join
  DIM_DATE_CUSTOM_PERIODS CP
  ON C.CALENDAR_DATE = CP.CALENDAR_DATE left join 
  DIM_CURRENT_TODATE D 
  ON C.CALENDAR_DATE = D.CALENDAR_DATE  LEFT join
  LKP_DIM_VALUES_INTERACTIONS dv WITH (NOLOCK) 
  ON C.FISCAL_PERIOD_INT =  dv.FISCAL_PERIOD_INT 
  AND c.CALENDAR_DATE = dv.CALENDAR_DATE
  AND c.METRIC_SOURCE = dv.METRIC_SOURCE
  AND c.METRIC_SOURCE_KEY = dv.METRIC_SOURCE_KEY 
  AND dv.METRIC_SOURCE =3 lEFT JOIN
  [dbo].[FACT_AGENT_TRAINING_REF_V] atr
  ON c.DATEKEY=atr.DATEKEY
  and c.NRDP_AGENT_FISCAL_PERIOD_ID= atr.NRDP_AGENT_FISCAL_PERIOD_ID left join 
[DIM_TABULAR_AGENT_SKILL_LOCATION_LKP] agt WITH (NOLOCK)
on C.PERNR_NUM = AGT.PERNR_NUM
AND C.FISCAL_PERIOD_INT = AGT.FISCAL_PERIOD_INT LEFT JOIN
DIM_ACCOUNT_PROMOTION_MONTHLY_SUMMARY AP
ON C.METRIC_SOURCE = AP.METRIC_SOURCE
AND C.METRIC_SOURCE_KEY = AP.METRIC_SOURCE_KEY
AND C.CALENDAR_DATE = AP.CALENDAR_DATE
AND C.FISCAL_PERIOD_INT = AP.FISCAL_PERIOD_INT LEFT JOIN 
FACT_DISCONNECT_REASONS DR
ON C.METRIC_SOURCE = DR.METRIC_SOURCE
AND C.METRIC_SOURCE_KEY = DR.METRIC_SOURCE_KEY
AND C.CALENDAR_DATE = DR.CALENDAR_DATE
AND C.FISCAL_PERIOD_INT = DR.FISCAL_PERIOD_INT

"
FACT_MDM_COE_RATES_V,"

CREATE VIEW [dbo].[FACT_MDM_COE_RATES_V] AS 
SELECT CAST(1 AS INT) AS  SERIES_ID , C.[FISCAL_PERIOD_INT]
	,D.FISCAL_PERIOD_TODATE_INT
	,agt.AGENT_SKILL_LOCATION_ID
	,agt.AGENT_TENURE_HIER_ID
	,agt.AGENT_SUPERVISOR_HIER_ID
      ,c.[PERNR_NUM]
      ,[QUEUE_NAME]
      ,[CALL_CENTER_NAME]
      ,[COE_CALL_RATES_XTV]
      ,[COE_CALL_RATES_XHS]
      ,[COE_CALL_RATES_XV]
      ,[COE_CALL_RATES_HSI]
      ,[COE_CALL_RATES_H1]
      ,[COE_CALL_RATES_X1]
      ,[COE_CALL_RATES_REV]
      ,[COE_CALL_RATES_XM]
	  ,[COE_CALL_RATES_INTERNET]
  FROM [NRDP_DM].[dbo].[FACT_COE_RATES] C WITH (NOLOCK) left join 
  (select DISTINCT FISCAL_PERIOD_INT, FISCAL_PERIOD_TODATE_INT FROM DIM_MDM_FISCAL_PERIOD_TODATE_V)D 
  ON C.FISCAL_PERIOD_INT = D.FISCAL_PERIOD_INT left join 
[DIM_TABULAR_AGENT_SKILL_LOCATION_LKP] agt WITH (NOLOCK)
on C.PERNR_NUM = AGT.PERNR_NUM
AND C.FISCAL_PERIOD_INT = AGT.FISCAL_PERIOD_INT 
"
FACT_MDM_COLLECTION_V,"
CREATE VIEW [dbo].[FACT_MDM_COLLECTION_V] AS
SELECT CAST(1 AS INT) AS SERIES_ID, C.[FISCAL_PERIOD_INT]
	  ,COALESCE(D.[FISCAL_PERIOD_TODATE_INT],C.FISCAL_PERIOD_INT) AS FISCAL_PERIOD_TODATE_INT
      ,C.[CALENDAR_DATE]
      ,C.DATEKEY
,C.CUSTOMER_ACCOUNT_KEY  % 100 AS CUSTOMER_ACCOUNT_KEY
, COALESCE(EBB.CUSTOMER_EBB_BULK_KEY,0) AS CUSTOMER_EBB_BULK_KEY -- Added by SS ON 7/19/21

,CAST(-1 AS INTEGER) CUSTOMER_ACCOUNT_DEMO_KEY -- Added by SS ON 7/19/21
--,C.[NRDP_AGENT_FISCAL_PERIOD_ID]
,C.[PERNR_NUM]
,c.BASE_RGU_PROFILE_ID 
,c.[NRDP_CALL_ATTRIBUTE_ID] 
,c.[NRDP_CLV_ATTRIBUTE_ID]
,C.[TRANSFER_ORIGIN_AGENT_ID]
,C.[TRANSFER_ORIGIN_IACT_ID]
,c.[TENURE_ID]
,coalesce( C.[NBX_M2M_ID],-1) [NBX_M2M_ID]
,coalesce(C.NRDP_CUST_MAP_ID,-1) NRDP_CUST_MAP_ID
,COALESCE(c.SENTIMENT_QA_ID,100000) AS SENTIMENT_QA_ID
  ,COALESCE(atr.AGENT_TRAINING_ID,-1) AS AGENT_TRAINING_ID
,COALESCe(xap.PRE_NRDP_XAP_EXIT_ID,-1) as PRE_NRDP_XAP_EXIT_ID
,COALESCE(agt.[AGENT_SKILL_LOCATION_ID],-1) AS AGENT_SKILL_LOCATION_ID 
,COALESCE(agt.SK_PERSON_HIER_ID,-1) AS PERSON_HIER_ID
, COALESCE(agt.AGENT_TENURE_HIER_ID,-1) AS AGENT_TENURE_HIER_ID

,[TOTAL_DOLLARS_COLLECTED]
      ,[TOTAL_COUNT_CONFIRMED_PAYMENTS_PROCESSED]
      ,[TOTAL_CONFIRMED_DOLLARS_COLLECTED]
      ,[TOTAL_COUNT_FUTURE_DATED_PAYMENTS_PROCESSED]
      ,[TOTAL_FUTURE_DATED_DOLLARS_PROCESSED]
      ,[TOTAL_COUNT_FUTURE_DATED_PAYMENTS_CANCELLED]
      ,[TOTAL_COUNT_LIVE_PAYMENTS_PROCESSED_COVERING_PASTDUE]
      ,[TOTAL_COUNT_LIVE_PAYMENTS_PROCESSED_NOT_COVERING_PASTDUE]
      ,[TOTAL_PAST_DUE_BALANCE]
      ,[TOTAL_CURR_BALANCE]
      ,[TOTAL_BALANCE]
      ,[FEES_COLLECTED]
      ,[FEES_WAIVED]
      ,[SAME_DAY_EARLIER_PAY_AMOUNTS]
	  ,[COLLECTION_INTERACTION_COUNT]
	  ,[SAVE]
      ,[PROMISE_TO_PAY_DAYS]
      ,[PROMISE_TO_PAYS_CREATED]
      ,[PROMISE_TO_PAYS_SATISFIED]
      ,[PROMISE_TO_PAYS_NOT_SATISFIED]
      ,[PROMISE_TO_PAYS_COMPLIANCE]
      ,[DUNNING_GROUP_ID]
      ,[NO_DAY_GROUP_ID]
      ,[NO_TIMES_GROUP_ID]
	  ,CONCAT(DUNNING_GROUP_ID,'.',NO_DAY_GROUP_ID,'.',NO_TIMES_GROUP_ID) AS GROUP_ID
,coalesce(cdr.CALL_DRIVER_GROUP1_ID,0) as CALL_DRIVER_GROUP1_ID
,coalesce(cdr.CALL_DRIVER_GROUP2_ID,0) as CALL_DRIVER_GROUP2_ID
,coalesce(cdr.CALL_DRIVER_GROUP1_ID,0) as CALL_DRIVER_GROUP3_ID
,coalesce(cdr.SPEECH_QUERY_GROUP1_ID,0) as SPEECH_QUERY_GROUP1_ID
,coalesce(cdr.SPEECH_QUERY_GROUP2_ID,0) as SPEECH_QUERY_GROUP2_ID
,COALESCE(EBB.PRODCAT_EBB_ID,0) AS PRODCAT_EBB_ID
FROM  [NRDP_DM].[dbo].[FACT_COLLECTION] c left join 
  DIM_CURRENT_TODATE D  
  ON C.CALENDAR_DATE = D.CALENDAR_DATE LEFT join 
  FACT_CALL_DRIVER_SPEECH_QUERY_REF cdr
  ON C.FISCAL_PERIOD_INT = cdr.FISCAL_PERIOD_INT
  AND C.CALENDAR_DATE = cdr.CALENDAR_DATE
  AND C.METRIC_SOURCE = cdr.METRIC_SOURCE
  AND C.METRIC_SOURCE_KEY = cdr.METRIC_SOURCE_KEY
LEFT JOIN
  [dbo].[FACT_PRE_XAP_EXIT] xap
  on c.[FISCAL_PERIOD_INT] = xap.[FISCAL_PERIOD_INT]
  and c.[METRIC_SOURCE] = xap.[METRIC_SOURCE]
  and  c.[CALENDAR_DATE] =xap.[CALENDAR_DATE]
  and c.[METRIC_SOURCE_KEY] = xap.[METRIC_SOURCE_KEY] left join 
[DIM_TABULAR_AGENT_SKILL_LOCATION_LKP] agt
on C.PERNR_NUM = AGT.PERNR_NUM
AND C.FISCAL_PERIOD_INT = AGT.FISCAL_PERIOD_INT lEFT JOIN
  [dbo].[FACT_AGENT_TRAINING_REF_V] atr
  ON c.DATEKEY=atr.DATEKEY
  and c.NRDP_AGENT_FISCAL_PERIOD_ID= atr.NRDP_AGENT_FISCAL_PERIOD_ID
left join FACT_EBB_BULK_REF EBB with (nolock)
    on c.[FISCAL_PERIOD_INT] = EBB.[FISCAL_PERIOD_INT]
  and c.[METRIC_SOURCE] = EBB.[METRIC_SOURCE]
  and  c.[CALENDAR_DATE] =EBB.[CALENDAR_DATE]
  and c.[METRIC_SOURCE_KEY] = EBB.[METRIC_SOURCE_KEY]
WHERE C.FISCAL_PERIOD_INT > 201812 
"
FACT_MDM_CRM_TICKETS_LOG,"

CREATE VIEW FACT_MDM_CRM_TICKETS_LOG
AS
SELECT 
1 AS TICKETS_LOG_COUNT"
FACT_MDM_CRM_TICKETS_LOG_V,"


CREATE VIEW [dbo].[FACT_MDM_CRM_TICKETS_LOG_V]
AS
SELECT 
1 AS TICKETS_LOG_COUNT
 , DATEKEY
,COALESCE(agt.PERNR_NUM,-1) AS PERNR_NUM
,COALESCE(agt.[AGENT_SKILL_LOCATION_ID],-1) AS AGENT_SKILL_LOCATION_ID 
,COALESCE(agt.SK_PERSON_HIER_ID,-1) AS PERSON_HIER_ID
,COALESCE(agt.AGENT_TENURE_HIER_ID,-1) AS AGENT_TENURE_HIER_ID
,COALESCE(CRM_LOG_ID,-1) AS CRM_LOG_ID
,A.FISCAL_PERIOD_INT
FROM FACT_CRM_TICKETS_LOG A
 left JOIN DIM_AGENT_FISCAL_PERIOD_EOM B
  ON A.NTLOGIN_ID = B.NTLOGIN_ID AND A.FISCAL_PERIOD_INT = B.FISCAL_PERIOD_INT
 left JOIN DIM_TABULAR_AGENT_SKILL_LOCATION_LKP agt
  ON agt.PERNR_NUM = B.PERNR_NUM
  AND agt.FISCAL_PERIOD_INT = B.FISCAL_PERIOD_INT
"
FACT_MDM_DEVICE_ACTIVATION_ALL_V,"

CREATE VIEW [dbo].[FACT_MDM_DEVICE_ACTIVATION_ALL_V] AS 
SELECT CAST(1 AS INT) AS SERIES_ID, 
C.[FISCAL_PERIOD_INT]
	  ,COALESCE(D.[FISCAL_PERIOD_TODATE_INT],C.[FISCAL_PERIOD_INT]) AS [FISCAL_PERIOD_TODATE_INT]
      ,C.[CALENDAR_DATE]
      ,c.DATEKEY
,C.CUSTOMER_ACCOUNT_KEY % 100 AS CUSTOMER_ACCOUNT_KEY
,COALESCE(EBB.CUSTOMER_EBB_BULK_KEY,0) AS CUSTOMER_EBB_BULK_KEY
,CAST(-1 AS INTEGER) MOVE_INCOME_CONSTRAINED_ID

--C.NRDP_AGENT_FISCAL_PERIOD_ID
,COALESCE(agt.[AGENT_SKILL_LOCATION_ID],-1) AS AGENT_SKILL_LOCATION_ID 
,COALESCE(agt.SK_PERSON_HIER_ID,-1) AS PERSON_HIER_ID, COALESCE(agt.AGENT_TENURE_HIER_ID,-1) AS AGENT_TENURE_HIER_ID
,c.[METRIC_SOURCE]
--,c.[METRIC_SOURCE_KEY]
,c.[PERNR_NUM]
--,c.[CUSTOMER_ACCOUNT_ID]
,c.[NRDP_CALL_ATTRIBUTE_ID]
,c.[NRDP_CLV_ATTRIBUTE_ID]
,c.[TRANSFER_ORIGIN_AGENT_ID]
,c. [TRANSFER_ORIGIN_IACT_ID]
,c.[TENURE_ID]
 ,COALESCE(C.[NBX_M2M_ID] ,-1) as NBX_ID
 ,c.BASE_RGU_PROFILE_ID
 ,coalesce(C.NRDP_CUST_MAP_ID,-1) as NRDP_CUST_MAP_ID
,[FLEX_ACTIVATION]
,[FLEX_ACTIVATION_DAYS]

--,CAST(100000 as int) as SENTIMENT_QA_ID
--,CAST(10000 AS INT) AS AGENT_TRAINING_ID
,COALESCE(c.SENTIMENT_QA_ID,100000) AS SENTIMENT_QA_ID
,COALESCE(atr.AGENT_TRAINING_ID,10000) AS AGENT_TRAINING_ID
,coalesce(cdr.CALL_DRIVER_GROUP1_ID,0) as CALL_DRIVER_GROUP1_ID
,coalesce(cdr.CALL_DRIVER_GROUP2_ID,0) as CALL_DRIVER_GROUP2_ID
,coalesce(cdr.CALL_DRIVER_GROUP1_ID,0) as CALL_DRIVER_GROUP3_ID
,coalesce(cdr.SPEECH_QUERY_GROUP1_ID,0) as SPEECH_QUERY_GROUP1_ID
,coalesce(cdr.SPEECH_QUERY_GROUP2_ID,0) as SPEECH_QUERY_GROUP2_ID
,COALESCE(EBB.PRODCAT_EBB_ID,0) AS PRODCAT_EBB_ID
FROM     [NRDP_DM].[dbo].[FACT_DEVICE_ACTIVATION_ALL] C left join 
  DIM_CURRENT_TODATE D 
  ON C.CALENDAR_DATE = D.CALENDAR_DATE left join 
  FACT_CALL_DRIVER_SPEECH_QUERY_REF cdr
  ON C.FISCAL_PERIOD_INT = cdr.FISCAL_PERIOD_INT
  AND C.CALENDAR_DATE = cdr.CALENDAR_DATE
  AND C.METRIC_SOURCE = cdr.METRIC_SOURCE
  AND C.METRIC_SOURCE_KEY = cdr.METRIC_SOURCE_KEY
left JOIN 
  [dbo].[FACT_AGENT_TRAINING_REF_V] atr
  ON c.DATEKEY=atr.DATEKEY
  and c.NRDP_AGENT_FISCAL_PERIOD_ID= atr.NRDP_AGENT_FISCAL_PERIOD_ID
left join [DIM_TABULAR_AGENT_SKILL_LOCATION_LKP] agt with (nolock)
  on c.PERNR_NUM = AGT.PERNR_NUM AND c.FISCAL_PERIOD_INT = AGT.FISCAL_PERIOD_INT
 left JOIN [DIM_TABULAR_PERSON_HIER_LKP] lh 
   on c.PERNR_NUM = lh.PERNR_NUM AND c.FISCAL_PERIOD_INT = lh.FISCAL_PERIOD_INT 
left join FACT_EBB_BULK_REF EBB with (nolock)
    on c.[FISCAL_PERIOD_INT] = EBB.[FISCAL_PERIOD_INT]
  and c.[METRIC_SOURCE] = EBB.[METRIC_SOURCE]
  and  c.[CALENDAR_DATE] =EBB.[CALENDAR_DATE]
  and c.[METRIC_SOURCE_KEY] = EBB.[METRIC_SOURCE_KEY]
"
FACT_MDM_DEVICE_ACTIVATION_V,"

CREATE VIEW [dbo].[FACT_MDM_DEVICE_ACTIVATION_V] AS 
SELECT X.* 
      ,COALESCE(agt.[AGENT_SKILL_LOCATION_ID],-1) AS AGENT_SKILL_LOCATION_ID 
      ,COALESCE(agt.SK_PERSON_HIER_ID,-1) AS PERSON_HIER_ID
      , COALESCE(agt.AGENT_TENURE_HIER_ID,-1) AS AGENT_TENURE_HIER_ID
FROM 
(
SELECT CAST(1 AS INT) AS SERIES_ID, 
C.[FISCAL_PERIOD_INT]
	  ,COALESCE(D.[FISCAL_PERIOD_TODATE_INT],C.[FISCAL_PERIOD_INT]) AS [FISCAL_PERIOD_TODATE_INT]
      ,C.[CALENDAR_DATE]
      ,c.DATEKEY
,C.CUSTOMER_ACCOUNT_KEY % 100 AS CUSTOMER_ACCOUNT_KEY
--,C.NRDP_AGENT_FISCAL_PERIOD_ID
,C.PERNR_NUM
,c.[NRDP_CALL_ATTRIBUTE_ID]
,c.[NRDP_CLV_ATTRIBUTE_ID]
,c.[TRANSFER_ORIGIN_AGENT_ID]
,c. [TRANSFER_ORIGIN_IACT_ID]
,c.[TENURE_ID]
 ,COALESCE(C.[NBX_M2M_ID] ,-1) as NBX_ID
 ,coalesce(C.NRDP_CUST_MAP_ID,-1) as NRDP_CUST_MAP_ID
 ,c.BASE_RGU_PROFILE_ID
,[FLEX_ACTIVATION]
,[FLEX_ACTIVATION_DAYS]
      ,CAST(NULL AS INTEGER) [END_FLEX_ACTIVATION_BY_CUST_CNT_7]
      ,CAST(NULL AS INTEGER) [END_FLEX_ACTIVATION_BY_CUST_CNT_14]
      ,CAST(NULL AS INTEGER) [END_FLEX_ACTIVATION_BY_CUST_CNT_30]
      ,CAST(NULL AS INTEGER) [END_FLEX_ACTIVATION_BY_CUST_CNT_60] 
--,CAST(100000 as int) as SENTIMENT_QA_ID
--,CAST(10000 AS INT) AS AGENT_TRAINING_ID
,COALESCE(c.SENTIMENT_QA_ID,100000) AS SENTIMENT_QA_ID
  ,COALESCE(atr.AGENT_TRAINING_ID,-1) AS AGENT_TRAINING_ID
  ,coalesce(cdr.CALL_DRIVER_GROUP1_ID,0) as CALL_DRIVER_GROUP1_ID
,coalesce(cdr.CALL_DRIVER_GROUP2_ID,0) as CALL_DRIVER_GROUP2_ID
,coalesce(cdr.CALL_DRIVER_GROUP1_ID,0) as CALL_DRIVER_GROUP3_ID
,coalesce(cdr.SPEECH_QUERY_GROUP1_ID,0) as SPEECH_QUERY_GROUP1_ID
,coalesce(cdr.SPEECH_QUERY_GROUP2_ID,0) as SPEECH_QUERY_GROUP2_ID
,CAST(-1 AS INTEGER) MOVE_INCOME_CONSTRAINED_ID
FROM     [NRDP_DM].[dbo].[FACT_DEVICE_ACTIVATION] C left join 
  DIM_CURRENT_TODATE D 
  ON C.CALENDAR_DATE = D.CALENDAR_DATE left join 
  FACT_CALL_DRIVER_SPEECH_QUERY_REF cdr
  ON C.FISCAL_PERIOD_INT = cdr.FISCAL_PERIOD_INT
  AND C.CALENDAR_DATE = cdr.CALENDAR_DATE
  AND C.METRIC_SOURCE = cdr.METRIC_SOURCE
  AND C.METRIC_SOURCE_KEY = cdr.METRIC_SOURCE_KEY
lEFT JOIN
  [dbo].[FACT_AGENT_TRAINING_REF_V] atr
  ON c.DATEKEY=atr.DATEKEY
  and c.NRDP_AGENT_FISCAL_PERIOD_ID= atr.NRDP_AGENT_FISCAL_PERIOD_ID
UNION ALL
SELECT CAST(1 AS INT) AS SERIES_ID, 
C.[FISCAL_PERIOD_INT]
	  ,COALESCE(D.[FISCAL_PERIOD_TODATE_INT],C.[FISCAL_PERIOD_INT]) AS [FISCAL_PERIOD_TODATE_INT]
      ,C.[CALENDAR_DATE]
      ,c.DATEKEY
,C.CUSTOMER_ACCOUNT_KEY % 100 AS CUSTOMER_ACCOUNT_KEY
--,C.NRDP_AGENT_FISCAL_PERIOD_ID
,C.PERNR_NUM
,c.[NRDP_CALL_ATTRIBUTE_ID]
,c.[NRDP_CLV_ATTRIBUTE_ID]
,c.[TRANSFER_ORIGIN_AGENT_ID]
,c. [TRANSFER_ORIGIN_IACT_ID]
,c.[TENURE_ID]
 ,COALESCE(C.[NBX_M2M_ID] ,-1) as NBX_ID
 ,coalesce(C.NRDP_CUST_MAP_ID,-1) as NRDP_CUST_MAP_ID
 ,c.BASE_RGU_PROFILE_ID
,CAST(NULL AS INTEGER) [FLEX_ACTIVATION]
,CAST(NULL AS INTEGER) [FLEX_ACTIVATION_DAYS]
      ,[END_FLEX_ACTIVATION_BY_CUST_CNT_7]
      ,[END_FLEX_ACTIVATION_BY_CUST_CNT_14]
      ,[END_FLEX_ACTIVATION_BY_CUST_CNT_30]
      ,[END_FLEX_ACTIVATION_BY_CUST_CNT_60]

,CAST(100000 as int) as SENTIMENT_QA_ID
  ,COALESCE(atr.AGENT_TRAINING_ID,-1) AS AGENT_TRAINING_ID
  ,coalesce(cdr.CALL_DRIVER_GROUP1_ID,0) as CALL_DRIVER_GROUP1_ID
,coalesce(cdr.CALL_DRIVER_GROUP2_ID,0) as CALL_DRIVER_GROUP2_ID
,coalesce(cdr.CALL_DRIVER_GROUP1_ID,0) as CALL_DRIVER_GROUP3_ID
,coalesce(cdr.SPEECH_QUERY_GROUP1_ID,0) as SPEECH_QUERY_GROUP1_ID
,coalesce(cdr.SPEECH_QUERY_GROUP2_ID,0) as SPEECH_QUERY_GROUP2_ID
,CAST(-1 AS INTEGER) MOVE_INCOME_CONSTRAINED_ID
FROM    [NRDP_DM].[dbo].[FACT_DEVICE_ACTIVATION_DAYS] C left join 
  DIM_CURRENT_TODATE D 
  ON C.CALENDAR_DATE = D.CALENDAR_DATE left join 
  FACT_CALL_DRIVER_SPEECH_QUERY_REF cdr
  ON C.FISCAL_PERIOD_INT = cdr.FISCAL_PERIOD_INT
  AND C.CALENDAR_DATE = cdr.CALENDAR_DATE
  AND C.METRIC_SOURCE = cdr.METRIC_SOURCE
  AND C.METRIC_SOURCE_KEY = cdr.METRIC_SOURCE_KEY
  lEFT JOIN
  [dbo].[FACT_AGENT_TRAINING_REF_V] atr
  ON c.DATEKEY=atr.DATEKEY
  and c.NRDP_AGENT_FISCAL_PERIOD_ID= atr.NRDP_AGENT_FISCAL_PERIOD_ID) X  left join 
[DIM_TABULAR_AGENT_SKILL_LOCATION_LKP] agt
on X.PERNR_NUM = AGT.PERNR_NUM
AND X.FISCAL_PERIOD_INT = AGT.FISCAL_PERIOD_INT
WHERE x.FISCAL_PERIOD_INT > 201812 

"
FACT_MDM_DEVICE_SWAP_BOM_ORDER_V,"
CREATE VIEW [dbo].[FACT_MDM_DEVICE_SWAP_BOM_ORDER_V]
AS
SELECT A.[FISCAL_PERIOD_INT]
      ,[DEVICE_SWAP_BOM_ORDER_KEY]
      ,[SWAP_REQUESTED_USER_NM] AS NTLOGIN_ID
	  ,[CUSTOMER_ACCOUNT_KEY]
      ,[DATE_KEY] AS [DATEKEY]
	  ,[CALENDAR_DATE]
	  ,COALESCE(agt.PERNR_NUM,-1) AS PERNR_NUM
      ,COALESCE(agt.[AGENT_SKILL_LOCATION_ID],-1) AS AGENT_SKILL_LOCATION_ID 
      ,COALESCE(agt.SK_PERSON_HIER_ID,-1) AS PERSON_HIER_ID, COALESCE(agt.AGENT_TENURE_HIER_ID,-1) AS AGENT_TENURE_HIER_ID
  FROM [NRDP_DM].[dbo].[FACT_DEVICE_SWAP_BOM_ORDER] A
 left JOIN DIM_AGENT_FISCAL_PERIOD_EOM B
  ON A.SWAP_REQUESTED_USER_NM = B.NTLOGIN_ID AND A.FISCAL_PERIOD_INT = B.FISCAL_PERIOD_INT
 left JOIN DIM_TABULAR_AGENT_SKILL_LOCATION_LKP agt
  ON agt.PERNR_NUM = B.PERNR_NUM
  AND agt.FISCAL_PERIOD_INT = B.FISCAL_PERIOD_INT
"
FACT_MDM_DIGITAL_DETAILS_V,"



CREATE      VIEW [dbo].[FACT_MDM_DIGITAL_DETAILS_V]
AS 
SELECT A.[FISCAL_PERIOD_INT]
      ,[NRD_SUBCASE_ID]
      ,[CALENDAR_DATE]
      ,[DATEKEY]
      ,[SUBCASE_AGENT_MESSAGES_SENT]
      ,[SUBCASE_AGENT_HANDLE_TIME]
	  ,COALESCE(agt.PERNR_NUM,-1) AS PERNR_NUM
      ,COALESCE(agt.[AGENT_SKILL_LOCATION_ID],-1) AS AGENT_SKILL_LOCATION_ID 
      ,COALESCE(agt.SK_PERSON_HIER_ID,-1) AS PERSON_HIER_ID 
	  ,COALESCE(agt.AGENT_TENURE_HIER_ID,-1) AS AGENT_TENURE_HIER_ID
  FROM [dbo].[FACT_DIGITAL_DETAILS] A
 left JOIN DIM_AGENT_FISCAL_PERIOD_EOM B
  ON A.PERNR_NUM = B.PERNR_NUM AND A.FISCAL_PERIOD_INT = B.FISCAL_PERIOD_INT
 left JOIN DIM_TABULAR_AGENT_SKILL_LOCATION_LKP agt
  ON agt.PERNR_NUM = B.PERNR_NUM
  AND agt.FISCAL_PERIOD_INT = B.FISCAL_PERIOD_INT

"
FACT_MDM_EBB_ACP_V,"





CREATE       VIEW [dbo].[FACT_MDM_EBB_ACP_V]
AS
SELECT C.[FISCAL_PERIOD_INT]
      ,C.[METRIC_SOURCE]
      ,C.[CALENDAR_DATE]
      ,C.[METRIC_SOURCE_KEY]
      ,C.[DATEKEY]
      ,C.[CUSTOMER_ACCOUNT_KEY]
      ,C.[PERNR_NUM]
	  ,CAST(1 AS INT) SERIES_ID
      ,dv.[CUSTOMER_EBB_BULK_KEY]
      ,dv.[CUSTOMER_ACCOUNT_DEMO_KEY]
	  ,dv.[NRDP_CALL_ATTRIBUTE_ID]
      ,dv.[NRDP_CLV_ATTRIBUTE_ID]
      ,dv.[TRANSFER_ORIGIN_AGENT_ID]
      ,dv.[TRANSFER_ORIGIN_IACT_ID]
      ,dv.[TENURE_ID]
      ,dv.[BASE_RGU_PROFILE_ID]
      ,COALESCE(dv.SENTIMENT_QA_ID,100000) AS SENTIMENT_QA_ID
	  ,dv.[NBX_M2M_ID]
	  ,CASE WHEN dv.PERNR_NUM > 0 AND dv.CUSTOMER_ACCOUNT_ID > 0 THEN 1 ELSE 0 END AS LTR_CANDIDATE_IND
	   ,coalesce(dv.NRDP_CUST_MAP_ID,-1) as NRDP_CUST_MAP_ID
      ,COALESCE(dv.PRODCAT_EBB_ID,0) AS PRODCAT_EBB_ID
	  ,COALESCE(dv.PRE_NRDP_XAP_EXIT_ID,-1) as PRE_NRDP_XAP_EXIT_ID
	  ,COALESCE(dv.MOVE_INCOME_CONSTRAINED_ID,-1) as MOVE_INCOME_CONSTRAINED_ID

	  ,-1 AS AGENT_TRAINING_ID
	  ,COALESCE(agt.[AGENT_SKILL_LOCATION_ID],-1) AS AGENT_SKILL_LOCATION_ID 
	  ,COALESCE(agt.SK_PERSON_HIER_ID,-1) AS PERSON_HIER_ID
	  , COALESCE(agt.AGENT_TENURE_HIER_ID,-1) AS AGENT_TENURE_HIER_ID
      ,NULLIF([Affordable_Connectivity_Program_V1],0) AS [Affordable_Connectivity_Program_V1]
      ,NULLIF([EBB_ACP_V1],0) AS [EBB_ACP_V1]
	  ,NULLIF([Xfinity_Rewards_Benefit_Issues],0) AS [Xfinity_Rewards_Benefit_Issues]
      ,NULLIF([Xfinity_Rewards_Benefit_Mentions],0) AS [Xfinity_Rewards_Benefit_Mentions]
      ,NULLIF([Xfinity_Rewards_Enrollment],0) AS [Xfinity_Rewards_Enrollment]
      ,NULLIF([Xfinity_Rewards_Mentions],0) AS [Xfinity_Rewards_Mentions]
      ,NULLIF([Xfinity_Rewards_Program_Questions],0) AS [Xfinity_Rewards_Program_Questions]
      ,NULLIF([Xfinity_Rewards_Redemption],0) AS [Xfinity_Rewards_Redemption]
      ,NULLIF([Xfinity_Rewards_Status_Change],0) AS [Xfinity_Rewards_Status_Change]
	  ,NULLIF([ACP_First_60_secs],0) AS [ACP_First_60_secs]
	  ,NULLIF([ACP_Last_60_secs],0) AS [ACP_Last_60_secs]

	  ,NULLIF(AH_Competitor_Frontier_New,0) AS AH_Competitor_Frontier_New
      ,NULLIF(AH_Competitor_Frontier_V1_New,0) AS AH_Competitor_Frontier_V1_New
      ,NULLIF(AH_Competitor_Verizon_Pass_Northeast,0) AS AH_Competitor_Verizon_Pass_Northeast
      ,NULLIF(AH_Competitor_Verizon_V1_New,0) AS AH_Competitor_Verizon_V1_New
      ,NULLIF(AH_Residential_Competitor_Century_Link,0) AS AH_Residential_Competitor_Century_Link
      ,NULLIF(CB_Competitor_Mention_ATT,0) AS CB_Competitor_Mention_ATT
      ,NULLIF(CB_Competitor_Mention_Century_Link,0) AS CB_Competitor_Mention_Century_Link
      ,NULLIF(CB_Competitor_Mention_Consolidated,0) AS CB_Competitor_Mention_Consolidated
      ,NULLIF(CB_Competitor_Mention_Cspire,0) AS CB_Competitor_Mention_Cspire
      ,NULLIF(CB_Competitor_Mention_Google_Fiber,0) AS CB_Competitor_Mention_Google_Fiber
      ,NULLIF(CB_Competitor_Mention_Sonic,0) AS CB_Competitor_Mention_Sonic
      ,NULLIF(CB_Competitor_Mention_Spectrum,0) AS CB_Competitor_Mention_Spectrum
      ,NULLIF(CB_Competitor_Mention_Verizon,0) AS CB_Competitor_Mention_Verizon
      ,NULLIF(CB_Competitor_Mention_WoW,0) AS CB_Competitor_Mention_WoW
      ,NULLIF(CB_Competitor_Mention_Ziply_Fiber,0) AS CB_Competitor_Mention_Ziply_Fiber
      ,NULLIF(Competitor_ATT_Uverse,0) AS Competitor_ATT_Uverse
      ,NULLIF(Competitor_ATT_New,0) AS Competitor_ATT_New
      ,NULLIF(Competitor_Century_Link_New,0) AS Competitor_Century_Link_New
      ,NULLIF(Competitor_Centurylink,0) AS Competitor_Centurylink
      ,NULLIF(Competitor_Google_Fiber,0) AS Competitor_Google_Fiber
      ,NULLIF(Competitor_RCN_Offer,0) AS Competitor_RCN_Offer
      ,NULLIF(Competitor_Verizon_FiOS,0) AS Competitor_Verizon_FiOS
      ,NULLIF(Competitor_Wide_Open_West_New,0) AS Competitor_Wide_Open_West_New
      ,NULLIF(CS_Competitor_Verizon_5G_V3,0) AS CS_Competitor_Verizon_5G_V3
      ,NULLIF(CS_Competitor_Verizon_5G_V4,0) AS CS_Competitor_Verizon_5G_V4
      ,NULLIF(NED_AH_Competitor_GoNetSpeed,0) AS NED_AH_Competitor_GoNetSpeed
      ,NULLIF(T_Mobile_Home_Internet,0) AS T_Mobile_Home_Internet
      ,NULLIF(CHT_CB_Competitor_Mention_Century_Link,0) AS CHT_CB_Competitor_Mention_Century_Link

	  ,1 AS DENOM
	  ,CASE WHEN COALESCE([Affordable_Connectivity_Program_V1],0)+
       COALESCE([EBB_ACP_V1],0) +
       COALESCE([ACP_First_60_secs],0)  +
       COALESCE([ACP_Last_60_secs],0)>0 THEN 1 ELSE NULL END  AS ACPNUM
	   ,CASE WHEN COALESCE([Xfinity_Rewards_Benefit_Issues],0) +
       COALESCE([Xfinity_Rewards_Benefit_Mentions],0) +
       COALESCE([Xfinity_Rewards_Enrollment],0) +
       COALESCE([Xfinity_Rewards_Mentions],0) +
       COALESCE([Xfinity_Rewards_Program_Questions],0) +
       COALESCE([Xfinity_Rewards_Redemption],0) +
       COALESCE([Xfinity_Rewards_Status_Change],0) >0 THEN 1 ELSE NULL END AS XRNUM
      ,CASE WHEN COALESCE(AH_Competitor_Frontier_New,0) +
      COALESCE(AH_Competitor_Frontier_V1_New,0) +
      COALESCE(AH_Competitor_Verizon_Pass_Northeast,0) +
      COALESCE(AH_Competitor_Verizon_V1_New,0) +
      COALESCE(AH_Residential_Competitor_Century_Link,0) +
      COALESCE(CB_Competitor_Mention_ATT,0) +
      COALESCE(CB_Competitor_Mention_Century_Link,0) +
      COALESCE(CB_Competitor_Mention_Consolidated,0) +
      COALESCE(CB_Competitor_Mention_Cspire,0) +
      COALESCE(CB_Competitor_Mention_Google_Fiber,0) +
      COALESCE(CB_Competitor_Mention_Sonic,0) +
      COALESCE(CB_Competitor_Mention_Spectrum,0) +
      COALESCE(CB_Competitor_Mention_Verizon,0) +
      COALESCE(CB_Competitor_Mention_WoW,0) +
      COALESCE(CB_Competitor_Mention_Ziply_Fiber,0) +
      COALESCE(Competitor_ATT_Uverse,0) +
      COALESCE(Competitor_ATT_New,0) +
      COALESCE(Competitor_Century_Link_New,0) +
      COALESCE(Competitor_Centurylink,0) +
      COALESCE(Competitor_Google_Fiber,0) +
      COALESCE(Competitor_RCN_Offer,0) +
      COALESCE(Competitor_Verizon_FiOS,0) +
      COALESCE(Competitor_Wide_Open_West_New,0) +
      COALESCE(CS_Competitor_Verizon_5G_V3,0) +
      COALESCE(CS_Competitor_Verizon_5G_V4,0) +
      COALESCE(NED_AH_Competitor_GoNetSpeed,0) +
      COALESCE(T_Mobile_Home_Internet,0) +
      COALESCE(CHT_CB_Competitor_Mention_Century_Link,0) > 0 THEN 1 ELSE NULL END AS COMPETITORNUM,
	  COALESCE(NON_TALK_PERCENTAGE,0) AS NON_TALK_PERCENTAGE,
	  COALESCE(NonSpeechTotal_DurationInMs,0) AS NonSpeechTotal_DurationInMs,
	  COALESCE(DurationInMs,0) AS DurationInMs
	  -----DMRASSIST 3891---------------------
	 ,NRDP_BE_CUBE_LOAD_IND
	 ,LARA_S4X_Acknowledge_information
	 ,OI_S4X_Can_not_help_customer
	 ,SCE_S4X_Explain_actions_taken
	 ,DN_Devices
	 ,DN_S4X_Discover_internet_speed_needs
	 ,DN_Mobile
	 ,DN_Video
	 ,LARA_S4X_Agent_is_listening
	 ,MIE_S4X_Additional_assistance
	 ,OI_S4X_Assurance_and_ownership
	 ,SA_S4X_Appreciate_customer_relationship
	 ,SA_S4X_Appreciate_customer_relationship_P2 --, OR SA_S4X_Appreciate_customer_relationship_P2_v5
	 ,SA_S4X_Customer_appreciate_agent
	 ,BW_S4X_Empathy
	 ,BW_S4X_Positive_words
	 ,BW_S4X_Rapport
	 ,XM_General_Mentions
	 ,XM_Pitch_and_Upgrade
	 ,XM_Discussion
	 ,ML_BAND_Warm_Friendly
	 ,ML_BAND_Discover_Needs
	 ,ML_BAND_Listen_Actively
	 ,ML_BAND_Make_Effortless
	 ,ML_BAND_Own_IT
	 ,ML_BAND_Set_Expectations
	 ,ML_BAND_Show_Appreciation
	 ,ML_BAND_Xfinity_Ambassador
	 ,Media_type
	 --call
	 ,CASE WHEN NRDP_BE_CUBE_LOAD_IND = 1 and Media_type='Audio' THEN ML_BAND_Warm_Friendly ELSE 0 END AS QA_ML_BAND_Warm_Friendly_Call_Num
	 ,CASE WHEN NRDP_BE_CUBE_LOAD_IND = 1 and Media_type='Audio' THEN ML_BAND_Discover_Needs ELSE 0 END AS QA_ML_BAND_Discover_Needs_Call_Num
	 ,CASE WHEN NRDP_BE_CUBE_LOAD_IND = 1 and Media_type='Audio' THEN ML_BAND_Listen_Actively ELSE 0 END AS QA_ML_BAND_Listen_Actively_Call_Num
	 ,CASE WHEN NRDP_BE_CUBE_LOAD_IND = 1 and Media_type='Audio' THEN ML_BAND_Make_Effortless ELSE 0 END AS QA_ML_BAND_Make_Effortless_Call_Num
	 ,CASE WHEN NRDP_BE_CUBE_LOAD_IND = 1 and Media_type='Audio' THEN ML_BAND_Own_IT ELSE 0 END AS QA_ML_BAND_ML_BAND_Own_IT_Call_Num
	 ,CASE WHEN NRDP_BE_CUBE_LOAD_IND = 1 and Media_type='Audio' THEN ML_BAND_Set_Expectations ELSE 0 END AS QA_ML_BAND_Set_Expectations_Call_Num
	 ,CASE WHEN NRDP_BE_CUBE_LOAD_IND = 1 and Media_type='Audio' THEN ML_BAND_Show_Appreciation ELSE 0 END AS QA_ML_BAND_Show_Appreciation_Call_Num
	 ,CASE WHEN NRDP_BE_CUBE_LOAD_IND = 1 and Media_type='Audio' THEN ML_BAND_Xfinity_Ambassador ELSE 0 END AS QA_ML_BAND_Xfinity_Ambassador_Call_Num
	 ,CASE WHEN NRDP_BE_CUBE_LOAD_IND = 1 and Media_type='Audio' THEN 1 ELSE 0 END AS Behaviors_Effective_Score_Call_Denom
	 ---Cube indicator part2
	 ,CASE WHEN NRDP_BE_CUBE_LOAD_IND = 1 and Media_type='Audio' THEN LARA_S4X_Acknowledge_information ELSE 0 END AS LARA_S4X_Acknowledge_information_Call
	 ,CASE WHEN NRDP_BE_CUBE_LOAD_IND = 1 and Media_type='Audio' THEN OI_S4X_Can_not_help_customer ELSE 0 END AS OI_S4X_Can_not_help_customer_Call
	 ,CASE WHEN NRDP_BE_CUBE_LOAD_IND = 1 and Media_type='Audio' THEN SCE_S4X_Explain_actions_taken ELSE 0 END AS SCE_S4X_Explain_actions_taken_Call
	 ,CASE WHEN NRDP_BE_CUBE_LOAD_IND = 1 and Media_type='Audio' THEN Xfinity_Rewards_Mentions ELSE 0 END AS Xfinity_Rewards_Mentions_Call
	 ,CASE WHEN NRDP_BE_CUBE_LOAD_IND = 1 and Media_type='Audio' THEN DN_Devices ELSE 0 END AS DN_Devices_Call
	 ,CASE WHEN NRDP_BE_CUBE_LOAD_IND = 1 and Media_type='Audio' THEN DN_S4X_Discover_internet_speed_needs ELSE 0 END AS DN_S4X_Discover_internet_speed_needs_Call
	 ,CASE WHEN NRDP_BE_CUBE_LOAD_IND = 1 and Media_type='Audio' THEN DN_Mobile ELSE 0 END AS DN_Mobile_Call
	 ,CASE WHEN NRDP_BE_CUBE_LOAD_IND = 1 and Media_type='Audio' THEN DN_Video ELSE 0 END AS DN_Video_Call
	 ,CASE WHEN NRDP_BE_CUBE_LOAD_IND = 1 and Media_type='Audio' THEN LARA_S4X_Agent_is_listening ELSE 0 END AS LARA_S4X_Agent_is_listening_Call
	 ,CASE WHEN NRDP_BE_CUBE_LOAD_IND = 1 and Media_type='Audio' THEN MIE_S4X_Additional_assistance ELSE 0 END AS MIE_S4X_Additional_assistance_Call
	 ,CASE WHEN NRDP_BE_CUBE_LOAD_IND = 1 and Media_type='Audio' THEN OI_S4X_Assurance_and_ownership ELSE 0 END AS OI_S4X_Assurance_and_ownership_Call
	 ,CASE WHEN NRDP_BE_CUBE_LOAD_IND = 1 and Media_type='Audio' THEN SA_S4X_Appreciate_customer_relationship ELSE 0 END AS SA_S4X_Appreciate_customer_relationship_Call
	 ,CASE WHEN NRDP_BE_CUBE_LOAD_IND = 1 and Media_type='Audio' THEN SA_S4X_Appreciate_customer_relationship_P2 ELSE 0 END AS SA_S4X_Appreciate_customer_relationship_P2_Call
	 ,CASE WHEN NRDP_BE_CUBE_LOAD_IND = 1 and Media_type='Audio' THEN SA_S4X_Customer_appreciate_agent ELSE 0 END AS SA_S4X_Customer_appreciate_agent_Call
	 ,CASE WHEN NRDP_BE_CUBE_LOAD_IND = 1 and Media_type='Audio' THEN BW_S4X_Empathy ELSE 0 END AS BW_S4X_Empathy_Call
	 ,CASE WHEN NRDP_BE_CUBE_LOAD_IND = 1 and Media_type='Audio' THEN BW_S4X_Positive_words ELSE 0 END AS BW_S4X_Positive_words_Call
	 ,CASE WHEN NRDP_BE_CUBE_LOAD_IND = 1 and Media_type='Audio' THEN BW_S4X_Rapport ELSE 0 END AS BW_S4X_Rapport_Call
	 ,CASE WHEN NRDP_BE_CUBE_LOAD_IND = 1 and Media_type='Audio' THEN XM_General_Mentions ELSE 0 END AS XM_General_Mentions_Call
	 ,CASE WHEN NRDP_BE_CUBE_LOAD_IND = 1 and Media_type='Audio' THEN XM_Pitch_and_Upgrade ELSE 0 END AS XM_Pitch_and_Upgrade_Call
	 ,CASE WHEN NRDP_BE_CUBE_LOAD_IND = 1 and Media_type='Audio' THEN XM_Discussion ELSE 0 END AS XM_Discussion_Call
	 -- Cube Indicator Part 4
	 --Sentiment - Call Count
	 ,CASE WHEN Media_type='Audio' THEN SENTIMENT_BAND END AS Sentiment_Band_Call
	 --Sentiment - Declining Call Count
	 ,CASE WHEN SENTIMENT_BAND_TRANSITION_L1 = 'Declining' and Media_type='Audio' THEN interaction_id END AS Sentiment_Declining_Call_Count
	 --Sentiment - Improving Call Count 
	 ,CASE WHEN SENTIMENT_BAND_TRANSITION_L1 = 'Improving' and Media_type='Audio' THEN interaction_id END AS Sentiment_Improving_Call_Count
	 --Sentiment High % Call 
	 ,CASE WHEN sentiment_band = 1 and Media_type='Audio' THEN interaction_id END AS Sentiment_High_Call_Num
	 --Sentiment Neutral % Call 
	 ,CASE WHEN sentiment_band = 0 and Media_type = 'Audio' THEN interaction_id END AS Sentiment_Neutral_Call_Num
	 --Sentiment Low % Call 
	 ,CASE WHEN sentiment_band = -1 and Media_type = 'Audio' THEN interaction_id END AS Sentiment_Low_Call_Num
	
	 --Chat
	 ,CASE WHEN NRDP_BE_CUBE_LOAD_IND = 1 and Media_type='Chat' THEN ML_BAND_Warm_Friendly ELSE 0 END AS QA_ML_BAND_Warm_Friendly_Chat_Num
	 ,CASE WHEN NRDP_BE_CUBE_LOAD_IND = 1 and Media_type='Chat' THEN ML_BAND_Discover_Needs ELSE 0 END AS QA_ML_BAND_Discover_Needs_Chat_Num
	 ,CASE WHEN NRDP_BE_CUBE_LOAD_IND = 1 and Media_type='Chat' THEN ML_BAND_Listen_Actively ELSE 0 END AS QA_ML_BAND_Listen_Actively_Chat_Num
	 ,CASE WHEN NRDP_BE_CUBE_LOAD_IND = 1 and Media_type='Chat' THEN ML_BAND_Make_Effortless ELSE 0 END AS QA_ML_BAND_Make_Effortless_Chat_Num
	 ,CASE WHEN NRDP_BE_CUBE_LOAD_IND = 1 and Media_type='Chat' THEN ML_BAND_Own_IT ELSE 0 END AS QA_ML_BAND_ML_BAND_Own_IT__Chat_Num
	 ,CASE WHEN NRDP_BE_CUBE_LOAD_IND = 1 and Media_type='Chat' THEN ML_BAND_Set_Expectations ELSE 0 END AS QA_ML_BAND_Set_Expectations_Chat_Num
	 ,CASE WHEN NRDP_BE_CUBE_LOAD_IND = 1 and Media_type='Chat' THEN ML_BAND_Show_Appreciation ELSE 0 END AS QA_ML_BAND_Show_Appreciation_Chat_Num
	 ,CASE WHEN NRDP_BE_CUBE_LOAD_IND = 1 and Media_type='Chat' THEN ML_BAND_Xfinity_Ambassador ELSE 0 END AS QA_ML_BAND_Xfinity_Ambassador_Chat_Num
	 ,CASE WHEN NRDP_BE_CUBE_LOAD_IND = 1 and Media_type = 'Chat' THEN 1 ELSE 0 END AS Behaviors_Effective_Score_Chat_Denom
	
	 ,CASE WHEN NRDP_BE_CUBE_LOAD_IND = 1 and Media_type='Chat' THEN LARA_S4X_Acknowledge_information ELSE 0 END AS LARA_S4X_Acknowledge_information_Chat
	 ,CASE WHEN NRDP_BE_CUBE_LOAD_IND = 1 and Media_type='Chat' THEN OI_S4X_Can_not_help_customer ELSE 0 END AS OI_S4X_Can_not_help_customer_Chat
	 ,CASE WHEN NRDP_BE_CUBE_LOAD_IND = 1 and Media_type='Chat' THEN SCE_S4X_Explain_actions_taken ELSE 0 END AS SCE_S4X_Explain_actions_taken_Chat
	 ,CASE WHEN NRDP_BE_CUBE_LOAD_IND = 1 and Media_type='Chat' THEN Xfinity_Rewards_Mentions ELSE 0 END AS Xfinity_Rewards_Mentions_Chat
	 ,CASE WHEN NRDP_BE_CUBE_LOAD_IND = 1 and Media_type='Chat' THEN DN_Devices ELSE 0 END AS DN_Devices_Chat
	 ,CASE WHEN NRDP_BE_CUBE_LOAD_IND = 1 and Media_type='Chat' THEN DN_S4X_Discover_internet_speed_needs ELSE 0 END AS DN_S4X_Discover_internet_speed_needs_Chat
	 ,CASE WHEN NRDP_BE_CUBE_LOAD_IND = 1 and Media_type='Chat' THEN DN_Mobile ELSE 0 END AS DN_Mobile_Chat
	 ,CASE WHEN NRDP_BE_CUBE_LOAD_IND = 1 and Media_type='Chat' THEN DN_Video ELSE 0 END AS DN_Video_Chat
	 ,CASE WHEN NRDP_BE_CUBE_LOAD_IND = 1 and Media_type='Chat' THEN LARA_S4X_Agent_is_listening ELSE 0 END AS LARA_S4X_Agent_is_listening_Chat
	 ,CASE WHEN NRDP_BE_CUBE_LOAD_IND = 1 and Media_type='Chat' THEN MIE_S4X_Additional_assistance ELSE 0 END AS MIE_S4X_Additional_assistance_Chat
	 ,CASE WHEN NRDP_BE_CUBE_LOAD_IND = 1 and Media_type='Chat' THEN OI_S4X_Assurance_and_ownership ELSE 0 END AS OI_S4X_Assurance_and_ownership_Chat
	 ,CASE WHEN NRDP_BE_CUBE_LOAD_IND = 1 and Media_type='Chat' THEN SA_S4X_Appreciate_customer_relationship ELSE 0 END AS SA_S4X_Appreciate_customer_relationship_Chat
	 ,CASE WHEN NRDP_BE_CUBE_LOAD_IND = 1 and Media_type='Chat' THEN SA_S4X_Appreciate_customer_relationship_P2 ELSE 0 END AS SA_S4X_Appreciate_customer_relationship_P2_Chat
	 ,CASE WHEN NRDP_BE_CUBE_LOAD_IND = 1 and Media_type='Chat' THEN SA_S4X_Customer_appreciate_agent ELSE 0 END AS SA_S4X_Customer_appreciate_agent_Chat
	 ,CASE WHEN NRDP_BE_CUBE_LOAD_IND = 1 and Media_type='Chat' THEN BW_S4X_Empathy ELSE 0 END AS BW_S4X_Empathy_Chat
	 ,CASE WHEN NRDP_BE_CUBE_LOAD_IND = 1 and Media_type='Chat' THEN BW_S4X_Positive_words ELSE 0 END AS BW_S4X_Positive_words_Chat
	 ,CASE WHEN NRDP_BE_CUBE_LOAD_IND = 1 and Media_type='Chat' THEN BW_S4X_Rapport ELSE 0 END AS BW_S4X_Rapport_Chat
	 ,CASE WHEN NRDP_BE_CUBE_LOAD_IND = 1 and Media_type='Chat' THEN XM_General_Mentions ELSE 0 END AS XM_General_Mentions_Chat
	 ,CASE WHEN NRDP_BE_CUBE_LOAD_IND = 1 and Media_type='Chat' THEN XM_Pitch_and_Upgrade ELSE 0 END AS XM_Pitch_and_Upgrade_Chat
	 ,CASE WHEN NRDP_BE_CUBE_LOAD_IND = 1 and Media_type='Chat' THEN XM_Discussion ELSE 0 END AS XM_Discussion_Chat
	 ----DMRASSIST-4234 Cube Indicator Part 4
	 --Sentiment - Chat Count
	 ,CASE WHEN Media_type='Chat' THEN SENTIMENT_BAND END AS Sentiment_Band_Chat
	 --Sentiment High % Call 
	 ,CASE WHEN sentiment_band = 1 and Media_type='Chat' THEN interaction_id END AS Sentiment_High_Chat_Num
	 --Sentiment Neutral % Call 
	 ,CASE WHEN sentiment_band = 0 and Media_type = 'Chat' THEN interaction_id END AS Sentiment_Neutral_Chat_Num
	 --Sentiment Low % Call 
	 ,CASE WHEN sentiment_band = -1 and Media_type = 'Chat' THEN interaction_id END AS Sentiment_Low_Chat_Num
	 
  FROM [NRDP_DM].[dbo].[FACT_EBB_ACP] C
  LEFT join
  LKP_DIM_VALUES_INTERACTIONS dv WITH (NOLOCK) 
  ON C.FISCAL_PERIOD_INT =  dv.FISCAL_PERIOD_INT 
  AND c.CALENDAR_DATE = dv.CALENDAR_DATE
  AND c.METRIC_SOURCE = dv.METRIC_SOURCE
  AND c.METRIC_SOURCE_KEY = dv.METRIC_SOURCE_KEY lEFT JOIN
[DIM_TABULAR_AGENT_SKILL_LOCATION_LKP] agt WITH (NOLOCK)
on C.PERNR_NUM = AGT.PERNR_NUM
AND C.FISCAL_PERIOD_INT = AGT.FISCAL_PERIOD_INT
"
FACT_MDM_ECM_CASE_V,"


CREATE VIEW [dbo].[FACT_MDM_ECM_CASE_V] AS 
SELECT CAST(1 AS INT) AS SERIES_ID,
ECM_CASE_FACT_KEY,           
ECM_CASE_DIM_KEY,          
TICKET_ID,                   
C.CALENDAR_DATE,  
COALESCE(SUB_AGENT_PERNR_NUM,-1)  as [PERNR_NUM],
CREATE_DATE ,               
CLOSED_DATE,               
TTR_STOP,                 
CLOSED_RESOLVED_RATE_NUM,    
AVG_TIME_TO_RESOLVE_NUM,    
OPEN_CASE_COUNT_NUM,       
OPEN_CASE_AHT_NUM,        
CASE_ACCOUNT_NUMBER,        
SUB_AGENT_PERNR_NUM,        
UNIVERSAL_CALL_ID,        
NRDP_COMMERCIAL_RESIDENTIAL_CD,
INTERACTION_SOURCE_KEY,   
INTERACTION_SOURCE,         
CURRENT_RECORD_IND,        
FCR_REPEAT_FLAG,          
INTERACTION_MEDIUM,           
NRDP_INTERACTION_DATE,   
COALESCE(NRDP_CUST_REGION_ID,-1) as NRDP_CUST_REGION_ID,          
COALESCE(TENURE_ID,-1) as TENURE_ID,                   
COALESCE(NRDP_CALL_ATTRIBUTE_ID,-1) as NRDP_CALL_ATTRIBUTE_ID,    
COALESCE(NRDP_CLV_ATTRIBUTE_ID,-1)  as NRDP_CLV_ATTRIBUTE_ID,       
COALESCE(BASE_RGU_PROFILE_ID,-1)  as  BASE_RGU_PROFILE_ID,        
COALESCE(TRANSFER_ORIGIN_AGENT_ID,-1) as TRANSFER_ORIGIN_AGENT_ID,     
COALESCE(TRANSFER_ORIGIN_IACT_ID,-1) as TRANSFER_ORIGIN_IACT_ID,    
TYPE_OF_INTERACTION_NAME,   
INTERACTION_TYPE_NAME,       
COALESCE(INTERACTION_QUEUE_ID,-1)  as INTERACTION_QUEUE_ID,        
INTERACTION_QUEUE_NAME,      
INTERACTION_LOB_NAME,        
INTERACTION_SERVICE_TYPE,   
INTERACTION_HANDLED_FLAG,    
COALESCE(SENTIMENT_QA_ID,-1) as SENTIMENT_QA_ID,             
C.FISCAL_PERIOD_INT,           
C.DATEKEY,                      
COALESCE(CUSTOMER_ACCOUNT_KEY,-1)  as CUSTOMER_ACCOUNT_KEY,       
COALESCE(NRDP_SUB_AGENT_FISCAL_PERIOD_I,-1) as NRDP_SUB_AGENT_FISCAL_PERIOD_I,
COALESCE(PRODCAT_EBB_ID,-1) as PRODCAT_EBB_ID,              
COALESCE(BILLER_INTERFACE_ID,-1)  as BILLER_INTERFACE_ID,        
COALESCE(CALL_DRIVER_GROUP1_ID,-1) as CALL_DRIVER_GROUP1_ID,       
COALESCE(CALL_DRIVER_GROUP2_ID,-1)  as CALL_DRIVER_GROUP2_ID,     
COALESCE(CALL_DRIVER_GROUP3_ID,-1)   as CALL_DRIVER_GROUP3_ID,     
COALESCE(SPEECH_QUERY_GROUP1_ID,-1)  as SPEECH_QUERY_GROUP1_ID,   
COALESCE(SPEECH_QUERY_GROUP2_ID,-1)  as SPEECH_QUERY_GROUP2_ID,    
COALESCE(AGENT_TRAINING_ID,-1) as AGENT_TRAINING_ID,        
COALESCE(NRDP_CUST_MAP_ID,-1) as NRDP_CUST_MAP_ID, 
COALESCE(agt.[AGENT_SKILL_LOCATION_ID],-1) AS AGENT_SKILL_LOCATION_ID,
COALESCE(agt.SK_PERSON_HIER_ID,-1) AS PERSON_HIER_ID,
COALESCE(agt.AGENT_TENURE_HIER_ID,-1) AS AGENT_TENURE_HIER_ID,
INTERACTION_OFFERED_COUNT,  
INTERACTION_HANDLED_COUNT, 
COALESCE(AGENT_INTERACTION_ORDER_ID,-1) as AGENT_INTERACTION_ORDER_ID,
COALESCE(METRIC_SOURCE,-1) as METRIC_SOURCE,              
COALESCE(METRIC_SOURCE_KEY,-1) as METRIC_SOURCE_KEY
,FIX_AGENT_PERNR_NUM
FROM [dbo].[FACT_ECM_CASE] C WITH (NOLOCK) 
  left join [DIM_TABULAR_AGENT_SKILL_LOCATION_LKP] agt
on C.FIX_AGENT_PERNR_NUM = AGT.PERNR_NUM
AND C.FISCAL_PERIOD_INT = AGT.FISCAL_PERIOD_INT
"
FACT_MDM_ECM_INTERACTION_V,"
CREATE VIEW [dbo].[FACT_MDM_ECM_INTERACTION_V] AS 
SELECT CAST(1 AS INT) AS SERIES_ID,
ECM_INTERATION_FACT_KEY,           
ECM_INTERATION_DIM_KEY,          
TICKET_ID,  
COALESCE(FIX_AGENT_PERNR_NUM,-1)  as [PERNR_NUM],
CHAT_REQUEST_ID,             
FIX_AGENT_PERNR_NUM,         
INTERACTION_ACCOUNT_NUMBER,  
ABANDONED_RATE_NUM,          
FIX_AGENT_NOT_AVAILABLE_CHATS,
REAL_TIME_SUPPORT_CHATS,    
AVG_HANDLE_TIME_NUM,       
WAITING_DURATION,          
REQUESTOR_LOGIN_ID,        
FIX_AGENT_LOGIN_ID,        
REQUESTED_TIME,         
STARTED_TIME,            
CLOSED_TIME,
UNIVERSAL_CALL_ID,        
NRDP_COMMERCIAL_RESIDENTIAL_CD,
INTERACTION_SOURCE_KEY,   
INTERACTION_SOURCE,         
CURRENT_RECORD_IND,      
PRODUCTIVITY_TIME,          
INTERACTION_MEDIUM,           
NRDP_INTERACTION_DATE,   
COALESCE(NRDP_CUST_REGION_ID,-1) as NRDP_CUST_REGION_ID,          
COALESCE(TENURE_ID,-1) as TENURE_ID,                   
COALESCE(NRDP_CALL_ATTRIBUTE_ID,-1) as NRDP_CALL_ATTRIBUTE_ID,    
COALESCE(NRDP_CLV_ATTRIBUTE_ID,-1)  as NRDP_CLV_ATTRIBUTE_ID,       
COALESCE(BASE_RGU_PROFILE_ID,-1)  as  BASE_RGU_PROFILE_ID,        
COALESCE(TRANSFER_ORIGIN_AGENT_ID,-1) as TRANSFER_ORIGIN_AGENT_ID,     
COALESCE(TRANSFER_ORIGIN_IACT_ID,-1) as TRANSFER_ORIGIN_IACT_ID,    
TYPE_OF_INTERACTION_NAME,   
INTERACTION_TYPE_NAME,       
COALESCE(INTERACTION_QUEUE_ID,-1)  as INTERACTION_QUEUE_ID,        
INTERACTION_QUEUE_NAME,      
INTERACTION_LOB_NAME,        
INTERACTION_SERVICE_TYPE,   
INTERACTION_HANDLED_FLAG,    
COALESCE(SENTIMENT_QA_ID,-1) as SENTIMENT_QA_ID,             
C.FISCAL_PERIOD_INT,           
C.DATEKEY,                      
COALESCE(CUSTOMER_ACCOUNT_KEY,-1)  as CUSTOMER_ACCOUNT_KEY,       
COALESCE(NRDP_FIX_AGENT_FISCAL_PERIOD_ID,-1) as NRDP_FIX_AGENT_FISCAL_PERIOD_ID,
COALESCE(PRODCAT_EBB_ID,-1) as PRODCAT_EBB_ID,              
COALESCE(BILLER_INTERFACE_ID,-1)  as BILLER_INTERFACE_ID,        
COALESCE(CALL_DRIVER_GROUP1_ID,-1) as CALL_DRIVER_GROUP1_ID,       
COALESCE(CALL_DRIVER_GROUP2_ID,-1)  as CALL_DRIVER_GROUP2_ID,     
COALESCE(CALL_DRIVER_GROUP3_ID,-1)   as CALL_DRIVER_GROUP3_ID,     
COALESCE(SPEECH_QUERY_GROUP1_ID,-1)  as SPEECH_QUERY_GROUP1_ID,   
COALESCE(SPEECH_QUERY_GROUP2_ID,-1)  as SPEECH_QUERY_GROUP2_ID,    
COALESCE(AGENT_TRAINING_ID,-1) as AGENT_TRAINING_ID,        
COALESCE(NRDP_CUST_MAP_ID,-1) as NRDP_CUST_MAP_ID, 
COALESCE(agt.[AGENT_SKILL_LOCATION_ID],-1) AS AGENT_SKILL_LOCATION_ID,
COALESCE(agt.SK_PERSON_HIER_ID,-1) AS PERSON_HIER_ID,
COALESCE(agt.AGENT_TENURE_HIER_ID,-1) AS AGENT_TENURE_HIER_ID,
INTERACTION_OFFERED_COUNT,  
INTERACTION_HANDLED_COUNT, 
COALESCE(AGENT_INTERACTION_ORDER_ID,-1) as AGENT_INTERACTION_ORDER_ID,
COALESCE(METRIC_SOURCE,-1) as METRIC_SOURCE,              
COALESCE(METRIC_SOURCE_KEY,-1) as METRIC_SOURCE_KEY
FROM [dbo].[FACT_ECM_INTERACTION] C WITH (NOLOCK) 
  left join [DIM_TABULAR_AGENT_SKILL_LOCATION_LKP] agt
on C.FIX_AGENT_PERNR_NUM = AGT.PERNR_NUM
AND C.FISCAL_PERIOD_INT = AGT.FISCAL_PERIOD_INT
"
FACT_MDM_EDIP_TRANSACTION_HISTORY_V,"





CREATE     VIEW [dbo].[FACT_MDM_EDIP_TRANSACTION_HISTORY_V]
AS
SELECT A.[FISCAL_PERIOD_INT]
      ,[CALENDAR_DATE]
      ,[TRANSACTION_ID]
      ,[DATEKEY]
      ,[CREATED_DATE]
      ,[STATUS_ID]
      ,[SECODARYSTATUS_ID]
	  ,INTERVAL_TS_30_MINUTE as [FORECASTINTERVAL]  ---dmr-3005 added ON 30/5
      ,COALESCE([TRANSACTIONHISTORYATTRIBUTE_ID], -1) AS TRANSACTIONHISTORYATTRIBUTE_ID
	  ,COALESCE(agt.PERNR_NUM,-1) AS PERNR_NUM
      ,COALESCE(agt.[AGENT_SKILL_LOCATION_ID],-1) AS AGENT_SKILL_LOCATION_ID 
      ,COALESCE(agt.SK_PERSON_HIER_ID,-1) AS PERSON_HIER_ID, COALESCE(agt.AGENT_TENURE_HIER_ID,-1) AS AGENT_TENURE_HIER_ID

  FROM [NRDP_DM].[dbo].[FACT_EDIP_TRANSACTION_HISTORY] A
  left JOIN DIM_AGENT_FISCAL_PERIOD_EOM B
  ON A.LASTUPDATEDBY = B.NTLOGIN_ID AND A.FISCAL_PERIOD_INT = B.FISCAL_PERIOD_INT
 left JOIN DIM_TABULAR_AGENT_SKILL_LOCATION_LKP agt
  ON agt.PERNR_NUM = B.PERNR_NUM
  AND agt.FISCAL_PERIOD_INT = B.FISCAL_PERIOD_INT
"
FACT_MDM_EINSTEIN_ACTION_V,"CREATE VIEW [dbo].[FACT_MDM_EINSTEIN_ACTION_V] AS 
SELECT CAST(1 AS INT) AS SERIES_ID, C.[FISCAL_PERIOD_INT]
	  ,COALESCE(D1.[FISCAL_PERIOD_TODATE_INT],C.[FISCAL_PERIOD_INT]) AS [FISCAL_PERIOD_TODATE_INT]

      ,C.[CALENDAR_DATE]
      ,c.DATEKEY
      ,C.CUSTOMER_ACCOUNT_KEY  % 100 AS CUSTOMER_ACCOUNT_KEY
  ,COALESCE(EBB.CUSTOMER_EBB_BULK_KEY,0) AS CUSTOMER_EBB_BULK_KEY
    ,c.[PERNR_NUM]
     -- ,C.[NRDP_AGENT_FISCAL_PERIOD_ID]
      ,C.[NRDP_CALL_ATTRIBUTE_ID]
      ,[NRDP_CLV_ATTRIBUTE_ID]
      ,[BASE_RGU_PROFILE_ID]
      ,[TRANSFER_ORIGIN_AGENT_ID]
      ,[TRANSFER_ORIGIN_IACT_ID]
      ,[TENURE_ID]
      ,[NRDP_EINSTEIN_TROUBLESHOOT_ID]
      --,cast(null as nvarchar(12))  as [ACTION_VERSION]
      --,cast(null as nvarchar(10)) as [ACTION_ONLY]
      ,COALESCE(agt.[AGENT_SKILL_LOCATION_ID],-1) AS AGENT_SKILL_LOCATION_ID 
      ,COALESCE(agt.SK_PERSON_HIER_ID,-1) AS PERSON_HIER_ID
      , COALESCE(agt.AGENT_TENURE_HIER_ID,-1) AS AGENT_TENURE_HIER_ID

      ,c.[TOTAL_NON_REQUIRED]
      ,c.[TOTAL_REQUIRED]
      ,c.[COMPLETED_NON_REQUIRED]
      ,c.[COMPLETED_REQUIRED]
      ,c.[TOTAL]
      ,c.[COMPLETED_TOTAL]
	  ,c.[INTERACTION_OFFERED_CNT]
	  ,c.[INTERACTION_HANDLED_CNT]
	  ,c.[E360_UNIQUE_INTERACTIONS_HANDLED_COUNT]
	  ,c.[E360_UNIQUE_COMPLETED_COUNT]
--Added by SS ON 6/17/21
	 , CASE WHEN INTERACTION_QUEUE_ID = 12 THEN C.COMPLETED_REQUIRED ELSE 0 END AS COMPLETED_REQUIRED_SIK,
CASE WHEN INTERACTION_QUEUE_ID = 11 THEN C.COMPLETED_REQUIRED ELSE 0 END AS COMPLETED_REQUIRED_SERVICE,
CASE WHEN INTERACTION_QUEUE_ID = 14 THEN C.COMPLETED_REQUIRED ELSE 0 END AS COMPLETED_REQUIRED_PROVISIONING
,(CASE WHEN INTERACTION_QUEUE_ID = 12 THEN C.COMPLETED_REQUIRED ELSE 0 END + CASE WHEN INTERACTION_QUEUE_ID = 11 THEN C.COMPLETED_REQUIRED ELSE 0 END
+ CASE WHEN INTERACTION_QUEUE_ID = 14 THEN C.COMPLETED_REQUIRED ELSE 0 END) AS COMPLETED_REQUIRED_REPAIR

,CASE WHEN INTERACTION_QUEUE_ID = 12 THEN C.E360_UNIQUE_COMPLETED_COUNT ELSE 0 END AS E360_UNIQUE_COMPLETED_COUNT_SIK,
CASE WHEN INTERACTION_QUEUE_ID = 11 THEN C.E360_UNIQUE_COMPLETED_COUNT ELSE 0 END AS E360_UNIQUE_COMPLETED_COUNT_SERVICE,
CASE WHEN INTERACTION_QUEUE_ID = 14 THEN C.E360_UNIQUE_COMPLETED_COUNT ELSE 0 END AS E360_UNIQUE_COMPLETED_COUNT_PROVISIONING

,CASE WHEN INTERACTION_QUEUE_ID = 12 THEN C.TOTAL_REQUIRED ELSE 0 END AS TOTAL_REQUIRED_SIK,
CASE WHEN INTERACTION_QUEUE_ID = 11 THEN C.TOTAL_REQUIRED ELSE 0 END AS TOTAL_REQUIRED_SERVICE,
CASE WHEN INTERACTION_QUEUE_ID = 14 THEN C.TOTAL_REQUIRED ELSE 0 END AS TOTAL_REQUIRED_PROVISIONING

,CASE WHEN INTERACTION_QUEUE_ID = 12 THEN C.E360_UNIQUE_INTERACTIONS_HANDLED_COUNT ELSE 0 END AS E360_UNIQUE_INTERACTIONS_HANDLED_COUNT_SIK,
CASE WHEN INTERACTION_QUEUE_ID = 11 THEN C.E360_UNIQUE_INTERACTIONS_HANDLED_COUNT ELSE 0 END AS E360_UNIQUE_INTERACTIONS_HANDLED_COUNT_SERVICE,
CASE WHEN INTERACTION_QUEUE_ID = 14 THEN C.E360_UNIQUE_INTERACTIONS_HANDLED_COUNT ELSE 0 END AS E360_UNIQUE_INTERACTIONS_HANDLED_COUNT_PROVISIONING

,COALESCE(c.SENTIMENT_QA_ID,100000) AS SENTIMENT_QA_ID
,COALESCE(atr.AGENT_TRAINING_ID,-1) AS AGENT_TRAINING_ID
,coalesce(c.AGENT_INTERACTION_ORDER_ID,8640100) as AGENT_INTERACTION_ORDER_ID
,COALESCE(C.NRDP_CUST_MAP_ID,-1) AS NRDP_CUST_MAP_ID
,coalesce(cdr.CALL_DRIVER_GROUP1_ID,0) as CALL_DRIVER_GROUP1_ID
,coalesce(cdr.CALL_DRIVER_GROUP2_ID,0) as CALL_DRIVER_GROUP2_ID
,coalesce(cdr.CALL_DRIVER_GROUP1_ID,0) as CALL_DRIVER_GROUP3_ID
,coalesce(cdr.SPEECH_QUERY_GROUP1_ID,0) as SPEECH_QUERY_GROUP1_ID
,coalesce(cdr.SPEECH_QUERY_GROUP2_ID,0) as SPEECH_QUERY_GROUP2_ID
,COALESCE(EBB.PRODCAT_EBB_ID,0) AS PRODCAT_EBB_ID
,DATEADD(YEAR,1,C.CALENDAR_DATE) AS YRAGO_DATE
,DATEADD(M,1,C.CALENDAR_DATE) AS PRIOR_DATE
FROM   [NRDP_DM].[dbo].[FACT_EINSTEIN_ACTION] c left join 
  DIM_CURRENT_TODATE D1 
  ON C.CALENDAR_DATE = D1.CALENDAR_DATE  left join 
  FACT_CALL_DRIVER_SPEECH_QUERY_REF cdr
  ON C.FISCAL_PERIOD_INT = cdr.FISCAL_PERIOD_INT
  AND C.CALENDAR_DATE = cdr.CALENDAR_DATE
  AND C.METRIC_SOURCE = cdr.METRIC_SOURCE
  AND C.METRIC_SOURCE_KEY = cdr.METRIC_SOURCE_KEY left join 
[DIM_TABULAR_AGENT_SKILL_LOCATION_LKP] agt
on C.PERNR_NUM = AGT.PERNR_NUM
AND C.FISCAL_PERIOD_INT = AGT.FISCAL_PERIOD_INT lEFT JOIN
  [dbo].[FACT_AGENT_TRAINING_REF_V] atr
  ON c.DATEKEY=atr.DATEKEY
  and c.NRDP_AGENT_FISCAL_PERIOD_ID= atr.NRDP_AGENT_FISCAL_PERIOD_ID
left join FACT_EBB_BULK_REF EBB with (nolock)
    on c.[FISCAL_PERIOD_INT] = EBB.[FISCAL_PERIOD_INT]
  and c.[METRIC_SOURCE] = EBB.[METRIC_SOURCE]
  and  c.[CALENDAR_DATE] =EBB.[CALENDAR_DATE]
  and c.[METRIC_SOURCE_KEY] = EBB.[METRIC_SOURCE_KEY]
  --Join Added by SS on 6/17/21
  LEFT JOIN DIM_TABULAR_CALL_ATTRIBUTE_V D
ON c.NRDP_CALL_ATTRIBUTE_ID = D.NRDP_CALL_ATTRIBUTE_ID 

WHERE C.FISCAL_PERIOD_INT > 201812 

"
FACT_MDM_EINSTEIN_CHATS_V,"CREATE VIEW [dbo].[FACT_MDM_EINSTEIN_CHATS_V] AS 
SELECT CAST(1 AS INT) AS SERIES_ID, 
C.[FISCAL_PERIOD_INT]
	  ,COALESCE(D.[FISCAL_PERIOD_TODATE_INT],C.[FISCAL_PERIOD_INT]) AS [FISCAL_PERIOD_TODATE_INT]
      ,CAST(CAST(C.DATEKEY AS VARCHAR(8)) AS DATE) AS CALENDAR_DATE
      ,C.DATEKEY
,COALESCE(C.CUSTOMER_ACCOUNT_KEY  % 100,0.01) AS CUSTOMER_ACCOUNT_KEY
--,C.[NRDP_AGENT_FISCAL_PERIOD_ID]
,C.[PERNR_NUM]
,c.BASE_RGU_PROFILE_ID 
,c.[NRDP_CALL_ATTRIBUTE_ID] 
,c.[NRDP_CLV_ATTRIBUTE_ID]
,C.[TRANSFER_ORIGIN_AGENT_ID]
,C.[TRANSFER_ORIGIN_IACT_ID]
,c.[TENURE_ID]
--,coalesce( C.[NBX_M2M_ID],-1) [NBX_M2M_ID]
,coalesce(C.NRDP_CUST_MAP_ID,-1) NRDP_CUST_MAP_ID
,COALESCE(c.SENTIMENT_QA_ID,100000) AS SENTIMENT_QA_ID
,COALESCE(atr.AGENT_TRAINING_ID,-1) AS AGENT_TRAINING_ID
,COALESCE(agt.[AGENT_SKILL_LOCATION_ID],-1) AS AGENT_SKILL_LOCATION_ID 
,COALESCE(agt.SK_PERSON_HIER_ID,-1) AS PERSON_HIER_ID
, COALESCE(agt.AGENT_TENURE_HIER_ID,-1) AS AGENT_TENURE_HIER_ID

      ,[TOTAL_REQUESTOR_INTERACTIONS]
      ,[TOTAL_FIXER_INTERACTIONS]
      ,[TOTAL_REQUESTOR_CLOSED_INTERACTIONS]
      ,[TOTAL_FIXER_CLOSED_INTERACTIONS]
,0 as CALL_DRIVER_GROUP1_ID
,0 as CALL_DRIVER_GROUP2_ID
,0 as CALL_DRIVER_GROUP3_ID
,0 as SPEECH_QUERY_GROUP1_ID
,0 as SPEECH_QUERY_GROUP2_ID
FROM  [NRDP_DM].[dbo].[FACT_EINSTEIN_CHATS] c left join 
  DIM_CURRENT_TODATE D 
  ON CAST(CAST(C.DATEKEY AS VARCHAR(8)) AS DATE) = D.CALENDAR_DATE  left join 
[DIM_TABULAR_AGENT_SKILL_LOCATION_LKP] agt
on C.PERNR_NUM = AGT.PERNR_NUM
AND C.FISCAL_PERIOD_INT = AGT.FISCAL_PERIOD_INT lEFT JOIN
  [dbo].[FACT_AGENT_TRAINING_REF_V] atr
  ON c.DATEKEY=atr.DATEKEY
  and c.NRDP_AGENT_FISCAL_PERIOD_ID= atr.NRDP_AGENT_FISCAL_PERIOD_ID
WHERE C.FISCAL_PERIOD_INT > 201812 

"
FACT_MDM_EINSTEIN_ITG_V,"






CREATE VIEW [dbo].[FACT_MDM_EINSTEIN_ITG_V] AS 
SELECT CAST(1 AS INT) AS SERIES_ID, C.[FISCAL_PERIOD_INT]
	  ,COALESCE(D.[FISCAL_PERIOD_TODATE_INT],C.[FISCAL_PERIOD_INT]) AS [FISCAL_PERIOD_TODATE_INT]
      ,C.[CALENDAR_DATE]
      ,c.DATEKEY
      ,C.CUSTOMER_ACCOUNT_KEY  % 100 AS CUSTOMER_ACCOUNT_KEY
	  	 ,COALESCE(EBB.CUSTOMER_EBB_BULK_KEY,0) AS CUSTOMER_EBB_BULK_KEY-- Added by SS ON 7/19/21

,CAST(-1 AS INTEGER) CUSTOMER_ACCOUNT_DEMO_KEY -- Added by SS ON 7/19/21
      ,c.[PERNR_NUM]
      --,C.[NRDP_AGENT_FISCAL_PERIOD_ID]
      ,[NRDP_CALL_ATTRIBUTE_ID]
      ,[NRDP_CLV_ATTRIBUTE_ID]
      ,[BASE_RGU_PROFILE_ID]
      ,[TRANSFER_ORIGIN_AGENT_ID]
      ,[TRANSFER_ORIGIN_IACT_ID]
      ,[TENURE_ID]
      ,[NRDP_EINSTEIN_TROUBLESHOOT_ID]
      ,COALESCE(agt.[AGENT_SKILL_LOCATION_ID],-1) AS AGENT_SKILL_LOCATION_ID 
      ,COALESCE(agt.SK_PERSON_HIER_ID,-1) AS PERSON_HIER_ID
      , COALESCE(agt.AGENT_TENURE_HIER_ID,-1) AS AGENT_TENURE_HIER_ID
,COALESCE(atr.AGENT_TRAINING_ID,-1) AS AGENT_TRAINING_ID

      ,c.[ITG_STARTS]
      ,c.[ABANDONED]
      ,c.[ABORTED]
      ,c.[SESSION_EXPIRED]
      ,c.[DUPLICATE_TICKET]
      ,c.[COMPLETED_ITG]
      ,c.[POC_TICKET]
      ,c.[ROUTED_TICKET]
      ,c.[TRUCK_ROLL]
      ,c.[APPLICATION_ISSUE]
      ,c.[UNKNOWN]
      ,c.[INTERACTION_OFFERED_CNT]
      ,C.[INTERACTION_HANDLED_CNT]
      ,c.[ITG_UNIQUE_INTERACTIONS_HANDLED_COUNT]
      ,c.[ITG_UNIQUE_COMPLETED_COUNT]
	  ,coalesce(cdr.CALL_DRIVER_GROUP1_ID,0) as CALL_DRIVER_GROUP1_ID
,coalesce(cdr.CALL_DRIVER_GROUP2_ID,0) as CALL_DRIVER_GROUP2_ID
,coalesce(cdr.CALL_DRIVER_GROUP1_ID,0) as CALL_DRIVER_GROUP3_ID
,coalesce(cdr.SPEECH_QUERY_GROUP1_ID,0) as SPEECH_QUERY_GROUP1_ID
,coalesce(cdr.SPEECH_QUERY_GROUP2_ID,0) as SPEECH_QUERY_GROUP2_ID

,COALESCE(c.SENTIMENT_QA_ID,100000) AS SENTIMENT_QA_ID
,coalesce(c.AGENT_INTERACTION_ORDER_ID,8640100) as AGENT_INTERACTION_ORDER_ID
,COALESCE(C.NRDP_CUST_MAP_ID,-1) AS NRDP_CUST_MAP_ID
,COALESCE(EBB.PRODCAT_EBB_ID,0) AS PRODCAT_EBB_ID
,DATEADD(YEAR,1,C.CALENDAR_DATE) AS YRAGO_DATE
,DATEADD(M,1,C.CALENDAR_DATE) AS PRIOR_DATE
FROM  [NRDP_DM].[dbo].[FACT_EINSTEIN_ITG] c left join 
  DIM_CURRENT_TODATE D 
  ON C.CALENDAR_DATE = D.CALENDAR_DATE left join 
  FACT_CALL_DRIVER_SPEECH_QUERY_REF cdr
  ON C.FISCAL_PERIOD_INT = cdr.FISCAL_PERIOD_INT
  AND C.CALENDAR_DATE = cdr.CALENDAR_DATE
  AND C.METRIC_SOURCE = cdr.METRIC_SOURCE
  AND C.METRIC_SOURCE_KEY = cdr.METRIC_SOURCE_KEY left join 
[DIM_TABULAR_AGENT_SKILL_LOCATION_LKP] agt
on C.PERNR_NUM = AGT.PERNR_NUM
AND C.FISCAL_PERIOD_INT = AGT.FISCAL_PERIOD_INT 
left join FACT_EBB_BULK_REF EBB with (nolock)
    on c.[FISCAL_PERIOD_INT] = EBB.[FISCAL_PERIOD_INT]
  and c.[METRIC_SOURCE] = EBB.[METRIC_SOURCE]
  and  c.[CALENDAR_DATE] =EBB.[CALENDAR_DATE]
  and c.[METRIC_SOURCE_KEY] = EBB.[METRIC_SOURCE_KEY] lEFT JOIN
  [dbo].[FACT_AGENT_TRAINING_REF_V] atr WITH (NOLOCK)
  ON c.DATEKEY=atr.DATEKEY
  and c.NRDP_AGENT_FISCAL_PERIOD_ID= atr.NRDP_AGENT_FISCAL_PERIOD_ID
WHERE C.FISCAL_PERIOD_INT > 201812 


"
FACT_MDM_ENPS_V,"

CREATE view [dbo].[FACT_MDM_ENPS_V]
AS
SELECT  [ENPS_ID]
      ,[FISCAL_PERIOD_INT]
	 , FISCAL_PERIOD_INT * 100 + 21 AS DATEKEY
      ,[SELECTION_TYPE]
      ,[NRDP_AGENT_DIVISION_NAME]
      ,[NRDP_AGENT_QUEUE_NAME]
      ,[NRDP_AGENT_CALL_CENTER_NAME]
	  ,[AGENT_COUNT]
      ,[RESPONSE_RATE]
      ,[WORKPLACE]
      ,[MOTIVATION]
      ,[PRODUCT]
      ,[PRODUCT_ADVOCACY]
      ,[HUDDLE]
      ,[ELEVATIONS]
  FROM [NRDP_DM].[dbo].[FACT_ENPS]
"
FACT_MDM_ESL_TICKET_EVALUATION_V,"


CREATE VIEW [dbo].[FACT_MDM_ESL_TICKET_EVALUATION_V]
AS
SELECT  A.[FISCAL_PERIOD_INT]
      ,A.[TICKET_EVALUATION_KEY]
      ,A.[TICKET_EVALUATION_ID]
      ,A.[DATEKEY]
      ,A.[CALENDAR_DATE]
      ,A.[NTLOGIN_ID]
      ,[TICKET_SCORE_PCT]
	  ,COALESCE(agt.PERNR_NUM,-1) AS PERNR_NUM
      ,COALESCE(agt.[AGENT_SKILL_LOCATION_ID],-1) AS AGENT_SKILL_LOCATION_ID 
      ,COALESCE(agt.SK_PERSON_HIER_ID,-1) AS PERSON_HIER_ID, COALESCE(agt.AGENT_TENURE_HIER_ID,-1) AS AGENT_TENURE_HIER_ID
  FROM [NRDP_DM].[dbo].[FACT_ESL_TICKET_EVALUATION] A

   left JOIN DIM_AGENT_FISCAL_PERIOD_EOM B
  ON A.NTLOGIN_ID = B.NTLOGIN_ID AND A.FISCAL_PERIOD_INT = B.FISCAL_PERIOD_INT
 left JOIN DIM_TABULAR_AGENT_SKILL_LOCATION_LKP agt
  ON agt.PERNR_NUM = B.PERNR_NUM
  AND agt.FISCAL_PERIOD_INT = B.FISCAL_PERIOD_INT
"
FACT_MDM_EWFM_AGENT_SEGMENT_RPT_V,"


CREATE VIEW [dbo].[FACT_MDM_EWFM_AGENT_SEGMENT_RPT_V]
AS
SELECT B.[FISCAL_PERIOD_INT]
      ,[CALENDAR_DATE]
	     ,[DATEKEY]
	  ,[EWFM_AGENT_SEGMENT_KEY]
       ,B.[PERNR_NUM]
	   ,[SCHEDULED_MINUTES]
      ,[ACTUAL_MINUTES]
   
-1 AS CODE_ID
      ,COALESCE(agt.[AGENT_SKILL_LOCATION_ID],-1) AS AGENT_SKILL_LOCATION_ID 
      ,COALESCE(agt.SK_PERSON_HIER_ID,-1) AS PERSON_HIER_ID, 
	  COALESCE(agt.AGENT_TENURE_HIER_ID,-1) AS AGENT_TENURE_HIER_ID

FROM FACT_EWFM_AGENT_SEGMENT_RPT B
 left JOIN DIM_TABULAR_AGENT_SKILL_LOCATION_LKP agt
  ON agt.PERNR_NUM = B.PERNR_NUM
  AND agt.FISCAL_PERIOD_INT = B.FISCAL_PERIOD_INT
"
FACT_MDM_I3_INTERACTION_QUERY_PIVOT_V,"
CREATE   VIEW [dbo].[FACT_MDM_I3_INTERACTION_QUERY_PIVOT_V]
AS
SELECT

C.[FISCAL_PERIOD_INT]
      ,C.[METRIC_SOURCE]
      ,C.[CALENDAR_DATE]
      ,C.[METRIC_SOURCE_KEY]
      ,C.[DATEKEY]
      ,C.[CUSTOMER_ACCOUNT_KEY]
      ,C.[PERNR_NUM]
	  ,CAST(1 AS INT) SERIES_ID
      ,dv.[CUSTOMER_EBB_BULK_KEY]
      ,dv.[CUSTOMER_ACCOUNT_DEMO_KEY]
	  ,dv.[NRDP_CALL_ATTRIBUTE_ID]
	  ,coalesce(dv.[NRDP_CLV_ATTRIBUTE_ID],-1) as [NRDP_CLV_ATTRIBUTE_ID]
      ,dv.[TRANSFER_ORIGIN_AGENT_ID]
      ,dv.[TRANSFER_ORIGIN_IACT_ID]
      ,dv.[TENURE_ID]
      ,dv.[BASE_RGU_PROFILE_ID]
      ,COALESCE(dv.SENTIMENT_QA_ID,100000) AS SENTIMENT_QA_ID
	  ,dv.[NBX_M2M_ID]
	  ,CASE WHEN dv.PERNR_NUM > 0 AND dv.CUSTOMER_ACCOUNT_ID > 0 THEN 1 ELSE 0 END AS LTR_CANDIDATE_IND
	   ,coalesce(dv.NRDP_CUST_MAP_ID,-1) as NRDP_CUST_MAP_ID
      ,COALESCE(dv.PRODCAT_EBB_ID,0) AS PRODCAT_EBB_ID
	  ,COALESCE(dv.PRE_NRDP_XAP_EXIT_ID,-1) as PRE_NRDP_XAP_EXIT_ID
	  ,COALESCE(dv.MOVE_INCOME_CONSTRAINED_ID,-1) as MOVE_INCOME_CONSTRAINED_ID

	  ,-1 AS AGENT_TRAINING_ID
	  ,COALESCE(agt.[AGENT_SKILL_LOCATION_ID],-1) AS AGENT_SKILL_LOCATION_ID 
	  ,COALESCE(agt.SK_PERSON_HIER_ID,-1) AS PERSON_HIER_ID
	  , COALESCE(agt.AGENT_TENURE_HIER_ID,-1) AS AGENT_TENURE_HIER_ID
      
	  --DMRCXSO-6426
	,CASE WHEN Media_Type = 'Audio' and behaviors_effective_denom > 0 THEN 1 ELSE null END as Call_Count
	,CASE WHEN (Media_Type = 'Written' or Media_Type = 'Chat') and behaviors_effective_denom > 0 THEN 1 ELSE NULL END as Chat_Count
	,CASE WHEN ml_band_discover_needs = 10 and Media_Type = 'Audio' then 1 ELSE 0 END as DN_EFF_NUM_Call
	,CASE WHEN ml_band_listen_actively = 10 and Media_Type = 'Audio' then 1 ELSE 0 END as EA_EFF_NUM_Call
	,CASE WHEN ml_band_make_effortless = 10 and Media_Type = 'Audio' then 1 ELSE 0 END as MIE_EFF_NUM_Call
	,CASE WHEN ml_band_own_it = 10 and Media_Type = 'Audio' then 1 ELSE 0 END as OI_EFF_NUM_Call
	,CASE WHEN ml_band_show_appreciation = 10 and Media_Type = 'Audio' then 1 ELSE 0 END as SA_EFF_NUM_Call
	,CASE WHEN ml_band_xfinity_ambassador = 10 and Media_Type = 'Audio' then 1 ELSE 0 END as BA_EFF_NUM_Call
	,CASE WHEN ml_band_discover_needs = 10 and (Media_Type = 'Written' or Media_Type = 'Chat') then 1 ELSE 0 END as DN_EFF_NUM_Chat
	,CASE WHEN ml_band_listen_actively = 10 and (Media_Type = 'Written' or Media_Type = 'Chat') then 1 ELSE 0 END as EA_EFF_NUM_Chat
	,CASE WHEN ml_band_make_effortless = 10 and (Media_Type = 'Written' or Media_Type = 'Chat') then 1 ELSE 0 END as MIE_EFF_NUM_Chat
	,CASE WHEN ml_band_own_it = 10 and (Media_Type = 'Written' or Media_Type = 'Chat') then 1 ELSE 0 END as OI_EFF_NUM_Chat
	,CASE WHEN ml_band_show_appreciation = 10 and (Media_Type = 'Written' or Media_Type = 'Chat') then 1 ELSE 0 END as SA_EFF_NUM_Chat
	,CASE WHEN ml_band_xfinity_ambassador = 10 and (Media_Type = 'Written' or Media_Type = 'Chat') then 1 ELSE 0 END as BA_EFF_NUM_Chat
	---DMRCXSO-10760
,CASE WHEN Media_Type = 'Audio' then ml_band_discover_needs + ml_band_listen_actively + ml_band_make_effortless + ml_band_own_it + ml_band_show_appreciation + ml_band_xfinity_ambassador ELSE 0 END as Catalyst_Num_Call
,CASE WHEN Media_Type = 'Audio' THEN behaviors_effective_denom ELSE null END as Catalyst_Denom_Call
,CASE WHEN (Media_Type = 'Written' or Media_Type = 'Chat') then ml_band_discover_needs + ml_band_listen_actively + ml_band_make_effortless + ml_band_own_it + ml_band_show_appreciation + ml_band_xfinity_ambassador ELSE 0 END as Catalyst_Num_Chat
,CASE WHEN (Media_Type = 'Written' or Media_Type = 'Chat') THEN behaviors_effective_denom ELSE null END as Catalyst_Denom_Chat
,CASE WHEN Media_Type = 'Audio' then ml_band_discover_needs ELSE 0 END as DN_NUM_Call
,CASE WHEN Media_Type = 'Audio' then ml_band_listen_actively ELSE 0 END as EA_NUM_Call
,CASE WHEN Media_Type = 'Audio' then ml_band_make_effortless ELSE 0 END as MIE_NUM_Call
,CASE WHEN Media_Type = 'Audio' then ml_band_own_it ELSE 0 END as OI_NUM_Call
,CASE WHEN Media_Type = 'Audio' then ml_band_show_appreciation ELSE 0 END as SA_NUM_Call
,CASE WHEN Media_Type = 'Audio' then ml_band_xfinity_ambassador ELSE 0 END as BA_NUM_Call
,CASE WHEN (Media_Type = 'Written' or Media_Type = 'Chat') then ml_band_discover_needs ELSE 0 END as DN_NUM_Chat
,CASE WHEN (Media_Type = 'Written' or Media_Type = 'Chat') then ml_band_listen_actively ELSE 0 END as EA_NUM_Chat
,CASE WHEN (Media_Type = 'Written' or Media_Type = 'Chat') then ml_band_make_effortless ELSE 0 END as MIE_NUM_Chat
,CASE WHEN (Media_Type = 'Written' or Media_Type = 'Chat') then ml_band_own_it ELSE 0 END as OI_NUM_Chat
,CASE WHEN (Media_Type = 'Written' or Media_Type = 'Chat') then ml_band_show_appreciation ELSE 0 END as SA_NUM_Chat
,CASE WHEN (Media_Type = 'Written' or Media_Type = 'Chat') then ml_band_xfinity_ambassador ELSE 0 END as BA_NUM_Chat
,CASE WHEN ml_band_discover_needs = 5 and Media_Type = 'Audio' then 1 ELSE 0 END as DN_PD_NUM_Call
,CASE WHEN ml_band_listen_actively = 5 and Media_Type = 'Audio' then 1 ELSE 0 END as EA_PD_NUM_Call
,CASE WHEN ml_band_make_effortless = 5 and Media_Type = 'Audio' then 1 ELSE 0 END as MIE_PD_NUM_Call
,CASE WHEN ml_band_own_it = 5 and Media_Type = 'Audio' then 1 ELSE 0 END as OI_PD_NUM_Call
,CASE WHEN ml_band_show_appreciation = 5 and Media_Type = 'Audio' then 1 ELSE 0 END as SA_PD_NUM_Call
,CASE WHEN ml_band_xfinity_ambassador = 5 and Media_Type = 'Audio' then 1 ELSE 0 END as BA_PD_NUM_Call
,CASE WHEN ml_band_discover_needs = 5 and (Media_Type = 'Written' or Media_Type = 'Chat') then 1 ELSE 0 END as DN_PD_NUM_Chat
,CASE WHEN ml_band_listen_actively = 5 and (Media_Type = 'Written' or Media_Type = 'Chat') then 1 ELSE 0 END as EA_PD_NUM_Chat
,CASE WHEN ml_band_make_effortless = 5 and (Media_Type = 'Written' or Media_Type = 'Chat') then 1 ELSE 0 END as MIE_PD_NUM_Chat
,CASE WHEN ml_band_own_it = 5 and (Media_Type = 'Written' or Media_Type = 'Chat') then 1 ELSE 0 END as OI_PD_NUM_Chat
,CASE WHEN ml_band_show_appreciation = 5 and (Media_Type = 'Written' or Media_Type = 'Chat') then 1 ELSE 0 END as SA_PD_NUM_Chat
,CASE WHEN ml_band_xfinity_ambassador = 5 and (Media_Type = 'Written' or Media_Type = 'Chat') then 1 ELSE 0 END as BA_PD_NUM_Chat
,CASE WHEN ml_band_discover_needs = 0 and Media_Type = 'Audio' then 1 ELSE 0 END as DN_DND_NUM_Call
,CASE WHEN ml_band_listen_actively = 0 and Media_Type = 'Audio' then 1 ELSE 0 END as EA_DND_NUM_Call
,CASE WHEN ml_band_make_effortless = 0 and Media_Type = 'Audio' then 1 ELSE 0 END as MIE_DND_NUM_Call
,CASE WHEN ml_band_own_it = 0 and Media_Type = 'Audio' then 1 ELSE 0 END as OI_DND_NUM_Call
,CASE WHEN ml_band_show_appreciation = 0 and Media_Type = 'Audio' then 1 ELSE 0 END as SA_DND_NUM_Call
,CASE WHEN ml_band_xfinity_ambassador = 0 and Media_Type = 'Audio' then 1 ELSE 0 END as BA_DND_NUM_Call
,CASE WHEN ml_band_discover_needs = 0 and (Media_Type = 'Written' or Media_Type = 'Chat') then 1 ELSE 0 END as DN_DND_NUM_Chat
,CASE WHEN ml_band_listen_actively = 0 and (Media_Type = 'Written' or Media_Type = 'Chat') then 1 ELSE 0 END as EA_DND_NUM_Chat
,CASE WHEN ml_band_make_effortless = 0 and (Media_Type = 'Written' or Media_Type = 'Chat') then 1 ELSE 0 END as MIE_DND_NUM_Chat
,CASE WHEN ml_band_own_it = 0 and (Media_Type = 'Written' or Media_Type = 'Chat') then 1 ELSE 0 END as OI_DND_NUM_Chat
,CASE WHEN ml_band_show_appreciation = 0 and (Media_Type = 'Written' or Media_Type = 'Chat') then 1 ELSE 0 END as SA_DND_NUM_Chat
,CASE WHEN ml_band_xfinity_ambassador = 0 and (Media_Type = 'Written' or Media_Type = 'Chat') then 1 ELSE 0 END as BA_DND_NUM_Chat

 FROM dbo.FACT_I3_INTERACTION_QUERY_PIVOT C
  LEFT join
  LKP_DIM_VALUES_INTERACTIONS dv WITH (NOLOCK) 
  ON C.FISCAL_PERIOD_INT =  dv.FISCAL_PERIOD_INT 
  AND c.CALENDAR_DATE = dv.CALENDAR_DATE
  AND c.METRIC_SOURCE = dv.METRIC_SOURCE
  AND TRIM(c.METRIC_SOURCE_KEY) =  CAST(dv.METRIC_SOURCE_KEY AS VARCHAR(255)) lEFT JOIN
DIM_TABULAR_AGENT_SKILL_LOCATION_LKP agt WITH (NOLOCK)
on C.PERNR_NUM = AGT.PERNR_NUM
AND C.FISCAL_PERIOD_INT = AGT.FISCAL_PERIOD_INT
;
"
FACT_MDM_IACT_BEG_COUNTS_V,"


CREATE VIEW [dbo].[FACT_MDM_IACT_BEG_COUNTS_V] AS 
SELECT  * FROM [FACT_MDM_CALL_BEG_COUNTS_V]
UNION ALL
SELECT * FROM [FACT_MDM_CHAT_BEG_COUNTS_V]
where FISCAL_PERIOD_INT>202012 AND  CALENDAR_DATE < DATEADD(D,-1,GETDATE())
"
FACT_MDM_INTRAHOUR_AGENT_V,"

CREATE VIEW [dbo].[FACT_MDM_INTRAHOUR_AGENT_V]
  AS 
  SELECT CAST(1 AS INT) AS SERIES_ID, F.FISCAL_PERIOD_INT
	  ,F.[FISCAL_PERIOD_INT] AS [FISCAL_PERIOD_TODATE_INT]
      ,F.[CALENDAR_DATE]
      ,F.DATEKEY
      ,F.[PERNR_NUM]
     -- ,F.[NRDP_AGENT_FISCAL_PERIOD_ID]
	  ,cast(-1001 as integer) [NRDP_CALL_ATTRIBUTE_ID]
      ,COALESCE(agt.[AGENT_SKILL_LOCATION_ID],-1) AS AGENT_SKILL_LOCATION_ID 
      ,COALESCE(agt.SK_PERSON_HIER_ID,-1) AS PERSON_HIER_ID
      , COALESCE(agt.AGENT_TENURE_HIER_ID,-1) AS AGENT_TENURE_HIER_ID
  	  ,CAST(0 AS INTEGER) CUSTOMER_EBB_BULK_KEY -- Added by SS ON 7/19/21

,CAST(-1 AS INTEGER) CUSTOMER_ACCOUNT_DEMO_KEY -- Added by SS ON 7/19/21
      ,[T1_STAFFTIME]
      ,[T1_AUXTIME]
      ,[T1_AUXTIME14]
      ,[T1_AVAILTIME]
      ,[I_AUXOUTTIME]
	  ,NO_ANS_REDIR
  FROM [NRDP_DM].[dbo].[FACT_INTRAHOUR_AGENT] f with (nolock)
  left join [DIM_TABULAR_AGENT_SKILL_LOCATION_LKP] agt with (nolock)
     on F.PERNR_NUM = AGT.PERNR_NUM  AND F.FISCAL_PERIOD_INT = AGT.FISCAL_PERIOD_INT

"
FACT_MDM_LAT_FORECASTINTERVALS_V,"

CREATE VIEW  [dbo].[FACT_MDM_LAT_FORECASTINTERVALS_V]
AS
SELECT B.[CALENDAR_DATE]
      ,B.[FISCAL_PERIOD_INT]
      ,B.[FORECASTINTERVALID]
      ,[DATEKEY]
      ,[ACDCALLS]
      ,[ACDTIME]
      ,[ACT_AHT]
      ,[ACT_CALLS]
      ,[ACT_REQ]
      ,[ACWTIME]
      ,[ACWOUT_CALLS]
      ,[ACWOUT_TIME]
      ,[ADJ]
      ,[AUXOUT_CALLS]
      ,[AUXOUT_TIME]
      ,[BE_REQ]
      ,[BE_ACT]
      ,[BE_REQ_60_DAYS]
      ,[BE_REQ_45_DAYS]
      ,[BE_REQ_21_DAYS]
      ,[BE_REQ_7_DAYS]
      ,[BE_REQ_FINAL_DAY]
      ,[BILLABLE_STAFF_HOURS]
      ,[CHAT_ACT_AHT]
      ,[CHAT_ACT_REQ]
      ,[CHAT_ADJ]
      ,[CHAT_AGENT_FIRST_REPLY]
      ,[CHAT_ART]
      ,[CHAT_AVAILABLE_TIME]
      ,[CHAT_BE_ACT]
      ,[CHAT_BE_REQ]
      ,[CHAT_BE_VENDOR_AVAIL]
      ,[CHAT_BILLABLE_STAFF_HOURS]
      ,[CHAT_DURATION]
      ,[CHAT_FCST_AHT]
      ,[CHAT_FCST_CHATS]
      ,[CHAT_GREEN_TIME]
      ,[CHAT_LOGIN_TIME]
      ,[CHAT_NO_OF_CHATS_PUSHED_BACK]
      ,[CHAT_NPS]
      ,[CHAT_OCCUPANCY_PCTG]
      ,[CHAT_PH_VENDOR_AVAIL]
      ,[CHAT_PREM_ACT]
      ,[CHAT_PREM_REQ]
      ,[CHAT_REQ]
      ,[CHAT_SERVICE_WAIT_TIME]
      ,[CHAT_SERVICED_CHATS]
      ,[CHAT_TIME_MARKED_UNAVAILABLE]
      ,[CHAT_UNPRODUCTIVE_TIME]
      ,[CHAT_WAIT_ABANDON_TIME]
      ,[CHAT_WORK_PLUS_WRAP_TIME]
      ,[CHAT_WRAP_TIME]
      ,[DA_ACDCALLS]
      ,[DA_ACDTIME]
      ,[DA_ACWTIME]
      ,[DETAILED_AHT]
      ,[FCST_CALLS]
      ,[FCST_AHT]
      ,[FCST_CALLS_60_DAYS]
      ,[FCST_CALLS_45_DAYS]
      ,[FCST_CALLS_21_DAYS]
      ,[FCST_CALLS_7_DAYS]
      ,[FCST_CALLS_FINAL_DAY]
      ,[FCST_AHT_60_DAYS]
      ,[FCST_AHT_45_DAYS]
      ,[FCST_AHT_21_DAYS]
      ,[FCST_AHT_7_DAYS]
      ,[FCST_AHT_FINAL_DAY]
      ,[GREEN_TIME]
      ,[HOLDTIME]
      ,[I_ACDAUXINTIME]
      ,[I_ACDAUX_OUTTIME]
      ,[I_ACDOTHERTIME]
      ,[I_ACDTIME]
      ,[I_AUXINTIME]
      ,[I_AUXOUTTIME]
      ,[I_DA_ACDTIME]
      ,[I_DA_ACWTIME]
      ,[I_RINGTIME]
      ,[PREM_REQ]
      ,[PREM_ACT]
      ,[PREM_REQ_60_DAYS]
      ,[PREM_REQ_45_DAYS]
      ,[PREM_REQ_21_DAYS]
      ,[PREM_REQ_7_DAYS]
      ,[PREM_REQ_FINAL_DAY]
      ,[RINGTIME]
      ,[TI_AUXTIME]
      ,[TI_AUXTIME0]
      ,[TI_AUXTIME1]
      ,[TI_AUXTIME2]
      ,[TI_AUXTIME3]
      ,[TI_AUXTIME4]
      ,[TI_AUXTIME5]
      ,[TI_AUXTIME6]
      ,[TI_AUXTIME7]
      ,[TI_AUXTIME8]
      ,[TI_AUXTIME9]
      ,[TI_AUXTIME10]
      ,[TI_AUXTIME11]
      ,[TI_AUXTIME12]
      ,[TI_AUXTIME13]
      ,[TI_AUXTIME14]
      ,[TI_AUXTIME15]
      ,[TI_AUXTIME16]
      ,[TI_AUXTIME17]
      ,[TI_AUXTIME18]
      ,[TI_AUXTIME19]
      ,[TI_AUXTIME20]
      ,[TI_AVAILTIME]
      ,[TI_OTHERTIME]
      ,[TI_STAFFTIME]
      ,[FORECASTINTERVAL]
  ,C.[FORECAST_ATTRIBUTE_ID]
  ,LA_PCTG_REQ
  ,PCTG_REQ
FROM FACT_LAT_FORECASTINTERVALS B
LEFT JOIN FACT_LAT_REF C
  ON B.FISCAL_PERIOD_INT = C.FISCAL_PERIOD_INT
  AND B.CALENDAR_DATE = C.CALENDAR_DATE
  AND B.FORECASTINTERVALID = C.FORECASTINTERVALID
"
FACT_MDM_LTR_30_ORDER_TSR_V,"








CREATE VIEW [dbo].[FACT_MDM_LTR_30_ORDER_TSR_V] AS 
SELECT CAST(1 AS INT) AS SERIES_ID, 
 C.[FISCAL_PERIOD_INT]
	  ,COALESCE(D.[FISCAL_PERIOD_TODATE_INT],C.[FISCAL_PERIOD_INT]) AS [FISCAL_PERIOD_TODATE_INT]
      ,C.[CALENDAR_DATE]
      ,c.DATEKEY
,C.CUSTOMER_ACCOUNT_KEY % 100 AS CUSTOMER_ACCOUNT_KEY
, COALESCE(EBB.CUSTOMER_EBB_BULK_KEY,0) AS CUSTOMER_EBB_BULK_KEY-- Added by SS ON 7/19/21

,CAST(-1 AS INTEGER) CUSTOMER_ACCOUNT_DEMO_KEY -- Added by SS ON 7/19/21
,CAST(-1 AS INTEGER) MOVE_INCOME_CONSTRAINED_ID
--,C.[NRDP_AGENT_FISCAL_PERIOD_ID]
,c.[METRIC_SOURCE]
,c.BASE_RGU_PROFILE_ID 
,c.[NRDP_CALL_ATTRIBUTE_ID] 
,c.[NRDP_CLV_ATTRIBUTE_ID]
,C.[TRANSFER_ORIGIN_AGENT_ID]
,C.[TRANSFER_ORIGIN_IACT_ID]
,c.[TENURE_ID]
,C.PERNR_NUM
,coalesce(c.[NBX_M2M_ID],-1) [NBX_M2M_ID]
,COALESCE(c.SENTIMENT_QA_ID,100000) AS SENTIMENT_QA_ID
,COALESCE(atr.AGENT_TRAINING_ID,-1) AS AGENT_TRAINING_ID
,C.NRDP_CUST_MAP_ID
,COALESCE(agt.[AGENT_SKILL_LOCATION_ID],-1) AS AGENT_SKILL_LOCATION_ID 
,COALESCE(agt.SK_PERSON_HIER_ID,-1) AS PERSON_HIER_ID
, COALESCE(agt.AGENT_TENURE_HIER_ID,-1) AS AGENT_TENURE_HIER_ID
,[AGENT_TSR30_RGU5_UPGRADES] AS ORDER_AGENT_TSR30_RGU5_UPGRADES
,[AGENT_TSR30_RGU4_UPGRADES] AS ORDER_AGENT_TSR30_RGU4_UPGRADES
      ,[AGENT_TSR30_RGU5_UPGRADES]
      ,[AGENT_TSR30_RGU4_UPGRADES]

,coalesce(cdr.CALL_DRIVER_GROUP1_ID,0) as CALL_DRIVER_GROUP1_ID
,coalesce(cdr.CALL_DRIVER_GROUP2_ID,0) as CALL_DRIVER_GROUP2_ID
,coalesce(cdr.CALL_DRIVER_GROUP1_ID,0) as CALL_DRIVER_GROUP3_ID
,coalesce(cdr.SPEECH_QUERY_GROUP1_ID,0) as SPEECH_QUERY_GROUP1_ID
,coalesce(cdr.SPEECH_QUERY_GROUP2_ID,0) as SPEECH_QUERY_GROUP2_ID
,COALESCE(EBB.PRODCAT_EBB_ID,0) AS PRODCAT_EBB_ID
FROM  
  [NRDP_DM].[dbo].[FACT_LTR_30] C left join 
  DIM_CURRENT_TODATE D 
  ON C.CALENDAR_DATE = D.CALENDAR_DATE left join 
  FACT_CALL_DRIVER_SPEECH_QUERY_REF cdr
  ON C.FISCAL_PERIOD_INT = cdr.FISCAL_PERIOD_INT
  AND C.CALENDAR_DATE = cdr.CALENDAR_DATE
  AND C.METRIC_SOURCE = cdr.METRIC_SOURCE
  AND C.METRIC_SOURCE_KEY = cdr.METRIC_SOURCE_KEY left join 
[DIM_TABULAR_AGENT_SKILL_LOCATION_LKP] agt
on C.PERNR_NUM = AGT.PERNR_NUM
AND C.FISCAL_PERIOD_INT = AGT.FISCAL_PERIOD_INT lEFT JOIN
  [dbo].[FACT_AGENT_TRAINING_REF_V] atr
  ON c.DATEKEY=atr.DATEKEY
  and c.NRDP_AGENT_FISCAL_PERIOD_ID= atr.NRDP_AGENT_FISCAL_PERIOD_ID
left join FACT_EBB_BULK_REF EBB with (nolock)
    on c.[FISCAL_PERIOD_INT] = EBB.[FISCAL_PERIOD_INT]
  and c.[METRIC_SOURCE] = EBB.[METRIC_SOURCE]
  and  c.[CALENDAR_DATE] =EBB.[CALENDAR_DATE]
  and c.[METRIC_SOURCE_KEY] = EBB.[METRIC_SOURCE_KEY]
WHERE [AGENT_TSR30_RGU5_UPGRADES] > 0 
and C.FISCAL_PERIOD_INT > 201812
"
FACT_MDM_LTR_30_V,"











CREATE VIEW [dbo].[FACT_MDM_LTR_30_V] AS 
SELECT CAST(1 AS INT) AS SERIES_ID,  C.[FISCAL_PERIOD_INT]
	  ,COALESCE(D.[FISCAL_PERIOD_TODATE_INT],C.[FISCAL_PERIOD_INT]) AS [FISCAL_PERIOD_TODATE_INT]
      ,C.[CALENDAR_DATE]
      ,c.DATEKEY
      --,c.[NRDP_AGENT_FISCAL_PERIOD_ID]
      ,dv.[PERNR_NUM]
	  ,dv.[CUSTOMER_ACCOUNT_KEY]
      ,dv.[CUSTOMER_EBB_BULK_KEY]
      ,dv.[CUSTOMER_ACCOUNT_DEMO_KEY]
	  ,dv.[NRDP_CALL_ATTRIBUTE_ID]
      ,dv.[NRDP_CLV_ATTRIBUTE_ID]
      ,dv.[TRANSFER_ORIGIN_AGENT_ID]
      ,dv.[TRANSFER_ORIGIN_IACT_ID]
      ,dv.[TENURE_ID]
      ,dv.[BASE_RGU_PROFILE_ID]
      ,COALESCE(dv.SENTIMENT_QA_ID,100000) AS SENTIMENT_QA_ID
      ,dv.[NBX_M2M_ID]
	  ,COALESCE(dv.CALL_DRIVER_GROUP1_ID,0) AS CALL_DRIVER_GROUP1_ID
	  ,COALESCE(dv.CALL_DRIVER_GROUP2_ID,0) AS CALL_DRIVER_GROUP2_ID
	  ,COALESCE(dv.CALL_DRIVER_GROUP3_ID,0) AS CALL_DRIVER_GROUP3_ID
	  ,COALESCE(dv.SPEECH_QUERY_GROUP1_ID,0) AS SPEECH_QUERY_GROUP1_ID
	  ,COALESCE(dv.SPEECH_QUERY_GROUP2_ID,0) AS SPEECH_QUERY_GROUP2_ID
	  ,coalesce(dv.NRDP_CUST_MAP_ID,-1) as NRDP_CUST_MAP_ID
      ,COALESCE(dv.PRODCAT_EBB_ID,0) AS PRODCAT_EBB_ID
	  ,COALESCE(dv.PRE_NRDP_XAP_EXIT_ID,-1) as PRE_NRDP_XAP_EXIT_ID
	  ,COALESCE(dv.MOVE_INCOME_CONSTRAINED_ID,-1) as MOVE_INCOME_CONSTRAINED_ID

	  ,COALESCE(atr.AGENT_TRAINING_ID,-1) AS AGENT_TRAINING_ID
	  ,COALESCE(agt.[AGENT_SKILL_LOCATION_ID],-1) AS AGENT_SKILL_LOCATION_ID 
	  ,COALESCE(agt.SK_PERSON_HIER_ID,-1) AS PERSON_HIER_ID
	  , COALESCE(agt.AGENT_TENURE_HIER_ID,-1) AS AGENT_TENURE_HIER_ID


,NULLIF([LTR__30_END_SUB_CNT_DIFF],0) AS [LTR__30_END_SUB_CNT_DIFF]
,NULLIF([LTR__30_END_SUB_XTV_RGU_CNT_DIFF],0) AS [LTR__30_END_SUB_XTV_RGU_CNT_DIFF]
,NULLIF([LTR__30_END_SUB_XH_RGU_CNT_DIFF],0) AS [LTR__30_END_SUB_XH_RGU_CNT_DIFF]
,NULLIF([LTR__30_END_SUB_XV_RGU_CNT_DIFF],0) AS [LTR__30_END_SUB_XV_RGU_CNT_DIFF]
,NULLIF([LTR__30_END_SUB_XI_RGU_CNT_DIFF],0) AS [LTR__30_END_SUB_XI_RGU_CNT_DIFF]
,NULLIF([LTR__30_END_SUB_XM_RGU_CNT_DIFF],0) AS [LTR__30_END_SUB_XM_RGU_CNT_DIFF]
,NULLIF([LTR__30_END_SUB_H1_CNT_DIFF],0) AS [LTR__30_END_SUB_H1_CNT_DIFF]
,NULLIF([LTR__30_END_SUB_X1_CNT_DIFF],0) AS [LTR__30_END_SUB_X1_CNT_DIFF]
,NULLIF([LTR__30_END_SUB_INST_TV_CNT_DIFF],0) AS [LTR__30_END_SUB_INST_TV_CNT_DIFF]
--,NULLIF([LTR__30_END_SUB_REV_AMT_DIFF],0) AS [LTR__30_END_SUB_REV_AMT_DIFF]
,CASE WHEN [LTR__30_END_SUB_REV_AMT_DIFF] < -1000000 THEN NULL
  ELSE NULLIF([LTR__30_END_SUB_REV_AMT_DIFF],0) END AS [LTR__30_END_SUB_REV_AMT_DIFF]

,NULLIF([LTR__30_END_SUB_XM_RGU_REV_AMT_DIFF],0) AS [LTR__30_END_SUB_XM_RGU_REV_AMT_DIFF]
,NULLIF(LTR__30_RGU4_UPGRADES,0) AS LTR__30_RGU4_UPGRADES
,NULLIF(LTR__30_RGU5_UPGRADES,0) AS LTR__30_RGU5_UPGRADES
,NULLIF(LTR__30_RGU4_CONNECTS,0) AS LTR__30_RGU4_CONNECTS
,NULLIF(LTR__30_RGU5_CONNECTS,0) AS LTR__30_RGU5_CONNECTS
,NULLIF(LTR__30_FULL_DISCONNECT_CNT,0) AS LTR__30_FULL_DISCONNECT_CNT
,NULLIF(LTR__30_FULL_DISC_BEG_SUB_REV_AMT,0) AS LTR__30_FULL_DISC_BEG_SUB_REV_AMT
,NULLIF(AGENT_TSR30_RGU5_UPGRADES,0) AS AGENT_TSR30_RGU5_UPGRADES
,NULLIF(AGENT_TSR30_RGU4_UPGRADES,0) AS AGENT_TSR30_RGU4_UPGRADES
,NULLIF(LTR__30_RGU5_UPGRADES,0) AS AGENT_CUSTOMER_TSR30_RGU5_UPGRADES
,NULLIF(LTR__30_RGU4_UPGRADES,0) AS AGENT_CUSTOMER_TSR30_RGU4_UPGRADES

,NULLIF(LTR__30_BULK_CUST_XTV_RGU_CONNECTS,0) AS LTR__30_BULK_CUST_XTV_RGU_CONNECTS
,NULLIF(LTR__30_BULK_CUST_XI_RGU_CONNECTS ,0) AS LTR__30_BULK_CUST_XI_RGU_CONNECTS
,NULLIF(LTR__30_BULK_CUST_XV_RGU_CONNECTS ,0) AS LTR__30_BULK_CUST_XV_RGU_CONNECTS
,NULLIF(LTR__30_BULK_CUST_XH_RGU_CONNECTS ,0) AS LTR__30_BULK_CUST_XH_RGU_CONNECTS


--,c.[LTR__30_END_SUB_CNT_DIFF]
--,c.[LTR__30_END_SUB_XTV_RGU_CNT_DIFF]
--,c.[LTR__30_END_SUB_XH_RGU_CNT_DIFF]
--,c.[LTR__30_END_SUB_XV_RGU_CNT_DIFF]
--,c.[LTR__30_END_SUB_XI_RGU_CNT_DIFF]
--,c.[LTR__30_END_SUB_XM_RGU_CNT_DIFF]

--,coalesce(c.[LTR__30_END_SUB_XTV_RGU_CNT_DIFF],0)+
--coalesce(c.[LTR__30_END_SUB_XH_RGU_CNT_DIFF],0)+
--coalesce(c.[LTR__30_END_SUB_XV_RGU_CNT_DIFF],0)+
--coalesce(c.[LTR__30_END_SUB_XI_RGU_CNT_DIFF],0) as LTR__30_END_SUB_RGU4_CNT_DIFF

--,coalesce(c.[LTR__30_END_SUB_XTV_RGU_CNT_DIFF],0)+
--coalesce(c.[LTR__30_END_SUB_XH_RGU_CNT_DIFF],0)+
--coalesce(c.[LTR__30_END_SUB_XV_RGU_CNT_DIFF],0)+
--coalesce(c.[LTR__30_END_SUB_XI_RGU_CNT_DIFF],0)+
--coalesce(c.[LTR__30_END_SUB_XM_RGU_CNT_DIFF],0) as LTR__30_END_SUB_RGU5_CNT_DIFF




--,c.[LTR__30_END_SUB_H1_CNT_DIFF]
--,c.[LTR__30_END_SUB_X1_CNT_DIFF]
--,c.[LTR__30_END_SUB_INST_TV_CNT_DIFF]
--,c.[LTR__30_END_FLEX_CNT_DIFF]
--,c.[LTR__30_END_XI_EQUIP_XFI_ADVANCED_GTWY_XB6_DIFF]
--,c.[LTR__30_END_SUB_REV_AMT_DIFF]
--,c.[LTR__30_END_SUB_XM_RGU_REV_AMT_DIFF]
--,c.LTR__30_RGU4_UPGRADES
--,c.LTR__30_RGU5_UPGRADES
--,c.LTR__30_RGU4_CONNECTS
--,c.LTR__30_RGU5_CONNECTS
--,c.LTR__30_FULL_DISCONNECT_CNT
--,c.LTR__30_FULL_DISC_BEG_SUB_REV_AMT
--,c.AGENT_TSR30_RGU5_UPGRADES
--,c.AGENT_TSR30_RGU4_UPGRADES

--,c.LTR__30_BULK_CUST_XTV_RGU_CONNECTS
--,c.LTR__30_BULK_CUST_XI_RGU_CONNECTS
--,c.LTR__30_BULK_CUST_XV_RGU_CONNECTS
--,c.LTR__30_BULK_CUST_XH_RGU_CONNECTS 
FROM  FACT_LTR_30 C WITH (NOLOCK)  left join 
  DIM_CURRENT_TODATE D 
  ON C.CALENDAR_DATE = D.CALENDAR_DATE LEFT join
  LKP_DIM_VALUES_INTERACTIONS dv WITH (NOLOCK) 
  ON C.FISCAL_PERIOD_INT =  dv.FISCAL_PERIOD_INT 
  AND c.CALENDAR_DATE = dv.CALENDAR_DATE
  AND c.METRIC_SOURCE = dv.METRIC_SOURCE
  AND c.METRIC_SOURCE_KEY = dv.METRIC_SOURCE_KEY  left join 
[DIM_TABULAR_AGENT_SKILL_LOCATION_LKP] agt WITH (NOLOCK)
on C.PERNR_NUM = AGT.PERNR_NUM
AND C.FISCAL_PERIOD_INT = AGT.FISCAL_PERIOD_INT lEFT JOIN 
  [dbo].[FACT_AGENT_TRAINING_REF_V] atr  WITH (NOLOCK)
  ON c.DATEKEY=atr.DATEKEY
  and c.NRDP_AGENT_FISCAL_PERIOD_ID= atr.NRDP_AGENT_FISCAL_PERIOD_ID

WHERE C.FISCAL_PERIOD_INT > 201812

"
FACT_MDM_LTR_60_V,"




















CREATE VIEW [dbo].[FACT_MDM_LTR_60_V] AS 
SELECT CAST(1 AS INT) AS SERIES_ID,  C.[FISCAL_PERIOD_INT]
	  ,COALESCE(D.[FISCAL_PERIOD_TODATE_INT],C.[FISCAL_PERIOD_INT]) AS [FISCAL_PERIOD_TODATE_INT]
      ,C.[CALENDAR_DATE]
      ,c.DATEKEY
      --,c.[NRDP_AGENT_FISCAL_PERIOD_ID]
      ,dv.[PERNR_NUM]
	  ,dv.[CUSTOMER_ACCOUNT_KEY]
      ,dv.[CUSTOMER_EBB_BULK_KEY]
      ,dv.[CUSTOMER_ACCOUNT_DEMO_KEY]
	  ,dv.[NRDP_CALL_ATTRIBUTE_ID]
      ,dv.[NRDP_CLV_ATTRIBUTE_ID]
      ,dv.[TRANSFER_ORIGIN_AGENT_ID]
      ,dv.[TRANSFER_ORIGIN_IACT_ID]
      ,dv.[TENURE_ID]
      ,dv.[BASE_RGU_PROFILE_ID]
      ,COALESCE(dv.SENTIMENT_QA_ID,100000) AS SENTIMENT_QA_ID
      ,dv.[NBX_M2M_ID]
	  ,COALESCE(dv.CALL_DRIVER_GROUP1_ID,0) AS CALL_DRIVER_GROUP1_ID
	  ,COALESCE(dv.CALL_DRIVER_GROUP2_ID,0) AS CALL_DRIVER_GROUP2_ID
	  ,COALESCE(dv.CALL_DRIVER_GROUP3_ID,0) AS CALL_DRIVER_GROUP3_ID
	  ,COALESCE(dv.SPEECH_QUERY_GROUP1_ID,0) AS SPEECH_QUERY_GROUP1_ID
	  ,COALESCE(dv.SPEECH_QUERY_GROUP2_ID,0) AS SPEECH_QUERY_GROUP2_ID
	  ,coalesce(dv.NRDP_CUST_MAP_ID,-1) as NRDP_CUST_MAP_ID
      ,COALESCE(dv.PRODCAT_EBB_ID,0) AS PRODCAT_EBB_ID
	  ,COALESCE(dv.PRE_NRDP_XAP_EXIT_ID,-1) as PRE_NRDP_XAP_EXIT_ID
      ,COALESCE(dv.MOVE_INCOME_CONSTRAINED_ID,-1) as MOVE_INCOME_CONSTRAINED_ID

	  ,COALESCE(atr.AGENT_TRAINING_ID,-1) AS AGENT_TRAINING_ID
	  ,COALESCE(agt.[AGENT_SKILL_LOCATION_ID],-1) AS AGENT_SKILL_LOCATION_ID 
	  ,COALESCE(agt.SK_PERSON_HIER_ID,-1) AS PERSON_HIER_ID
	  , COALESCE(agt.AGENT_TENURE_HIER_ID,-1) AS AGENT_TENURE_HIER_ID
,NULLIF([LTR__60_END_SUB_CNT_DIFF],0) AS [LTR__60_END_SUB_CNT_DIFF]
,NULLIF([LTR__60_END_SUB_XTV_RGU_CNT_DIFF],0) AS [LTR__60_END_SUB_XTV_RGU_CNT_DIFF]
,NULLIF([LTR__60_END_SUB_XH_RGU_CNT_DIFF],0) AS [LTR__60_END_SUB_XH_RGU_CNT_DIFF]
,NULLIF([LTR__60_END_SUB_XV_RGU_CNT_DIFF],0) AS [LTR__60_END_SUB_XV_RGU_CNT_DIFF]
,NULLIF([LTR__60_END_SUB_XI_RGU_CNT_DIFF],0) AS [LTR__60_END_SUB_XI_RGU_CNT_DIFF]
,NULLIF([LTR__60_END_SUB_XM_RGU_CNT_DIFF],0) AS [LTR__60_END_SUB_XM_RGU_CNT_DIFF]
,NULLIF([LTR__60_END_SUB_H1_CNT_DIFF],0) AS [LTR__60_END_SUB_H1_CNT_DIFF]
,NULLIF([LTR__60_END_SUB_X1_CNT_DIFF],0) AS [LTR__60_END_SUB_X1_CNT_DIFF]
,NULLIF([LTR__60_END_SUB_INST_TV_CNT_DIFF],0) AS [LTR__60_END_SUB_INST_TV_CNT_DIFF]
--,NULLIF([LTR__60_END_SUB_REV_AMT_DIFF],0) AS [LTR__60_END_SUB_REV_AMT_DIFF]
,CASE WHEN [LTR__60_END_SUB_REV_AMT_DIFF] < -1000000 THEN NULL
  ELSE NULLIF([LTR__60_END_SUB_REV_AMT_DIFF],0) END AS [LTR__60_END_SUB_REV_AMT_DIFF]

,NULLIF([LTR__60_END_SUB_XM_RGU_REV_AMT_DIFF],0) AS [LTR__60_END_SUB_XM_RGU_REV_AMT_DIFF]
FROM  FACT_LTR_60 C WITH (NOLOCK)  left join 
  DIM_CURRENT_TODATE D 
  ON C.CALENDAR_DATE = D.CALENDAR_DATE LEFT join
  LKP_DIM_VALUES_INTERACTIONS dv WITH (NOLOCK) 
  ON C.FISCAL_PERIOD_INT =  dv.FISCAL_PERIOD_INT 
  AND c.CALENDAR_DATE = dv.CALENDAR_DATE
  AND c.METRIC_SOURCE = dv.METRIC_SOURCE
  AND c.METRIC_SOURCE_KEY = dv.METRIC_SOURCE_KEY  left join 
[DIM_TABULAR_AGENT_SKILL_LOCATION_LKP] agt WITH (NOLOCK)
on C.PERNR_NUM = AGT.PERNR_NUM
AND C.FISCAL_PERIOD_INT = AGT.FISCAL_PERIOD_INT lEFT JOIN 
  [dbo].[FACT_AGENT_TRAINING_REF_V] atr  WITH (NOLOCK)
  ON c.DATEKEY=atr.DATEKEY
  and c.NRDP_AGENT_FISCAL_PERIOD_ID= atr.NRDP_AGENT_FISCAL_PERIOD_ID

WHERE C.FISCAL_PERIOD_INT > 201812
"
FACT_MDM_LTR_90_V,"











CREATE VIEW [dbo].[FACT_MDM_LTR_90_V] AS 
SELECT CAST(1 AS INT) AS SERIES_ID,  C.[FISCAL_PERIOD_INT]
	  ,COALESCE(D.[FISCAL_PERIOD_TODATE_INT],C.[FISCAL_PERIOD_INT]) AS [FISCAL_PERIOD_TODATE_INT]
      ,C.[CALENDAR_DATE]
      ,c.DATEKEY
     -- ,c.[NRDP_AGENT_FISCAL_PERIOD_ID]
      ,dv.[PERNR_NUM]
	  ,dv.[CUSTOMER_ACCOUNT_KEY]
      ,dv.[CUSTOMER_EBB_BULK_KEY]
      ,dv.[CUSTOMER_ACCOUNT_DEMO_KEY]
	  ,dv.[NRDP_CALL_ATTRIBUTE_ID]
      ,dv.[NRDP_CLV_ATTRIBUTE_ID]
      ,dv.[TRANSFER_ORIGIN_AGENT_ID]
      ,dv.[TRANSFER_ORIGIN_IACT_ID]
      ,dv.[TENURE_ID]
      ,dv.[BASE_RGU_PROFILE_ID]
      ,COALESCE(dv.SENTIMENT_QA_ID,100000) AS SENTIMENT_QA_ID
      ,dv.[NBX_M2M_ID]
	  ,COALESCE(dv.CALL_DRIVER_GROUP1_ID,0) AS CALL_DRIVER_GROUP1_ID
	  ,COALESCE(dv.CALL_DRIVER_GROUP2_ID,0) AS CALL_DRIVER_GROUP2_ID
	  ,COALESCE(dv.CALL_DRIVER_GROUP3_ID,0) AS CALL_DRIVER_GROUP3_ID
	  ,COALESCE(dv.SPEECH_QUERY_GROUP1_ID,0) AS SPEECH_QUERY_GROUP1_ID
	  ,COALESCE(dv.SPEECH_QUERY_GROUP2_ID,0) AS SPEECH_QUERY_GROUP2_ID
	  ,coalesce(dv.NRDP_CUST_MAP_ID,-1) as NRDP_CUST_MAP_ID
      ,COALESCE(dv.PRODCAT_EBB_ID,0) AS PRODCAT_EBB_ID
	  ,COALESCE(dv.PRE_NRDP_XAP_EXIT_ID,-1) as PRE_NRDP_XAP_EXIT_ID
      ,COALESCE(dv.MOVE_INCOME_CONSTRAINED_ID,-1) as MOVE_INCOME_CONSTRAINED_ID

	  ,COALESCE(atr.AGENT_TRAINING_ID,-1) AS AGENT_TRAINING_ID
	  ,COALESCE(agt.[AGENT_SKILL_LOCATION_ID],-1) AS AGENT_SKILL_LOCATION_ID 
	  ,COALESCE(agt.SK_PERSON_HIER_ID,-1) AS PERSON_HIER_ID
	  , COALESCE(agt.AGENT_TENURE_HIER_ID,-1) AS AGENT_TENURE_HIER_ID
,NULLIF([LTR__90_END_SUB_CNT_DIFF],0) AS [LTR__90_END_SUB_CNT_DIFF]
,NULLIF([LTR__90_END_SUB_XTV_RGU_CNT_DIFF],0) AS [LTR__90_END_SUB_XTV_RGU_CNT_DIFF]
,NULLIF([LTR__90_END_SUB_XH_RGU_CNT_DIFF],0) AS [LTR__90_END_SUB_XH_RGU_CNT_DIFF]
,NULLIF([LTR__90_END_SUB_XV_RGU_CNT_DIFF],0) AS [LTR__90_END_SUB_XV_RGU_CNT_DIFF]
,NULLIF([LTR__90_END_SUB_XI_RGU_CNT_DIFF],0) AS [LTR__90_END_SUB_XI_RGU_CNT_DIFF]
,NULLIF([LTR__90_END_SUB_XM_RGU_CNT_DIFF],0) AS [LTR__90_END_SUB_XM_RGU_CNT_DIFF]
,NULLIF([LTR__90_END_SUB_H1_CNT_DIFF],0) AS [LTR__90_END_SUB_H1_CNT_DIFF]
,NULLIF([LTR__90_END_SUB_X1_CNT_DIFF],0) AS [LTR__90_END_SUB_X1_CNT_DIFF]
,NULLIF([LTR__90_END_SUB_INST_TV_CNT_DIFF],0) AS [LTR__90_END_SUB_INST_TV_CNT_DIFF]
--,NULLIF([LTR__90_END_SUB_REV_AMT_DIFF],0) AS [LTR__90_END_SUB_REV_AMT_DIFF]
,CASE WHEN [LTR__90_END_SUB_REV_AMT_DIFF] < -1000000 THEN NULL
  ELSE NULLIF([LTR__90_END_SUB_REV_AMT_DIFF],0) END AS [LTR__90_END_SUB_REV_AMT_DIFF]

,NULLIF([LTR__90_END_SUB_XM_RGU_REV_AMT_DIFF],0) AS [LTR__90_END_SUB_XM_RGU_REV_AMT_DIFF]

FROM  FACT_LTR_90 C WITH (NOLOCK) left join 
  DIM_CURRENT_TODATE D 
  ON C.CALENDAR_DATE = D.CALENDAR_DATE  LEFT join
  LKP_DIM_VALUES_INTERACTIONS dv WITH (NOLOCK) 
  ON C.FISCAL_PERIOD_INT =  dv.FISCAL_PERIOD_INT 
  AND c.CALENDAR_DATE = dv.CALENDAR_DATE
  AND c.METRIC_SOURCE = dv.METRIC_SOURCE
  AND c.METRIC_SOURCE_KEY = dv.METRIC_SOURCE_KEY  left join 
[DIM_TABULAR_AGENT_SKILL_LOCATION_LKP] agt WITH (NOLOCK)
on C.PERNR_NUM = AGT.PERNR_NUM
AND C.FISCAL_PERIOD_INT = AGT.FISCAL_PERIOD_INT lEFT JOIN 
  [dbo].[FACT_AGENT_TRAINING_REF_V] atr  WITH (NOLOCK)
  ON c.DATEKEY=atr.DATEKEY
  and c.NRDP_AGENT_FISCAL_PERIOD_ID= atr.NRDP_AGENT_FISCAL_PERIOD_ID

WHERE C.FISCAL_PERIOD_INT > 201812
"
FACT_MDM_MYPERFORMANCE_DISTINCT_AGENT_V,"


CREATE VIEW [dbo].[FACT_MDM_MYPERFORMANCE_DISTINCT_AGENT_V] AS 
SELECT* from [FACT_MDM_MYPERFORMANCE_SESSIONS_V]

"
FACT_MDM_MYPERFORMANCE_SESSIONS_V,"

CREATE VIEW [dbo].[FACT_MDM_MYPERFORMANCE_SESSIONS_V] AS 
SELECT  C.[CALENDAR_DATE]
      ,'Calendar Date' as CALENDAR_CHOICE
      ,[COACH_PERNR_NUM]
      ,[AGENT_PERNR_NUM]
	  , CAST(([AGENT_PERNR_NUM]+CAST((D.FISCAL_PERIOD_INT-200000) AS DECIMAL(12,4)) /10000) AS DECIMAL(12,4)) [NRDP_AGENT_FISCAL_PERIOD_ID]
	  , CAST(([COACH_PERNR_NUM]+CAST((D.FISCAL_PERIOD_INT-200000) AS DECIMAL(12,4)) /10000) AS DECIMAL(12,4)) [NRDP_COACH_FISCAL_PERIOD_ID]

      ,[SessionCharacteristicID]
      ,[CoachCompetencyID]

      ,COALESCE(COALESCE(agt.[AGENT_SKILL_LOCATION_ID],cagt.[AGENT_SKILL_LOCATION_ID]),-1) AS AGENT_SKILL_LOCATION_ID 
      ,COALESCE(COALESCE(agt.SK_PERSON_HIER_ID,cagt.SK_PERSON_HIER_ID),-1) AS PERSON_HIER_ID 
      ,COALESCE(COALESCE(agt.AGENT_TENURE_HIER_ID,cagt.AGENT_TENURE_HIER_ID),-1) AS AGENT_TENURE_HIER_ID 
  
      ,COALESCE(atr.AGENT_TRAINING_ID,-1) AS AGENT_TRAINING_ID

      ,[SessionCount]
	  ,CAST(format(C.[CALENDAR_DATE],'yyyyMMdd') AS INTEGER)  AS [DATEKEY]  ---Added on 1/22/2024 DMR-4803
  FROM [NRDP_DM].[dbo].[FACT_NCOE_COACH_SESSIONS]  c join 
  DIM_DATE D 
  ON C.CALENDAR_DATE = D.CALENDAR_DATE left join 
[DIM_TABULAR_AGENT_SKILL_LOCATION_LKP] agt
on C.[AGENT_PERNR_NUM] = AGT.PERNR_NUM
AND D.FISCAL_PERIOD_INT = AGT.FISCAL_PERIOD_INT left join
  DIM_DATE chd 
  ON C.COACH_CALENDAR_DATE = chd.CALENDAR_DATE left join
DIM_MDM_AGENT_SKILL_LOCATION_CURRENT_V  cagt 
on C.[AGENT_PERNR_NUM] = cagt.PERNR_NUM lEFT JOIN  [dbo].[FACT_AGENT_TRAINING_REF_V] atr
  ON c.CALENDAR_DATE=atr.CALENDAR_DATE
  and c.AGENT_PERNR_NUM= atr.PERNR_NUM 
  union all 
  SELECT  C.[COACH_CALENDAR_DATE]
      ,'Coach Date' as CALENDAR_CHOICE
      ,[COACH_PERNR_NUM]
      ,[AGENT_PERNR_NUM]
	  , CAST(([AGENT_PERNR_NUM]+CAST((D.FISCAL_PERIOD_INT-200000) AS DECIMAL(12,4)) /10000) AS DECIMAL(12,4)) [NRDP_AGENT_FISCAL_PERIOD_ID]
	  , CAST(([COACH_PERNR_NUM]+CAST((D.FISCAL_PERIOD_INT-200000) AS DECIMAL(12,4)) /10000) AS DECIMAL(12,4)) [NRDP_COACH_FISCAL_PERIOD_ID]

      ,[SessionCharacteristicID]
      ,[CoachCompetencyID]

      ,COALESCE(COALESCE(agt.[AGENT_SKILL_LOCATION_ID],cagt.[AGENT_SKILL_LOCATION_ID]),-1) AS AGENT_SKILL_LOCATION_ID 
      ,COALESCE(COALESCE(agt.SK_PERSON_HIER_ID,cagt.SK_PERSON_HIER_ID),-1) AS PERSON_HIER_ID 
      ,COALESCE(COALESCE(agt.AGENT_TENURE_HIER_ID,cagt.AGENT_TENURE_HIER_ID),-1) AS AGENT_TENURE_HIER_ID 
  
      ,COALESCE(atr.AGENT_TRAINING_ID,-1) AS AGENT_TRAINING_ID

      ,[SessionCount]
	  ,CAST(format(C.[COACH_CALENDAR_DATE],'yyyyMMdd') AS INTEGER)  AS [DATEKEY]  ---Added on 1/22/2024 DMR-4803
  FROM [NRDP_DM].[dbo].[FACT_NCOE_COACH_SESSIONS]  c join 
  DIM_DATE D 
  ON C.CALENDAR_DATE = D.CALENDAR_DATE left join 
[DIM_TABULAR_AGENT_SKILL_LOCATION_LKP] agt
on C.[AGENT_PERNR_NUM] = AGT.PERNR_NUM
AND D.FISCAL_PERIOD_INT = AGT.FISCAL_PERIOD_INT left join
  DIM_DATE chd 
  ON C.COACH_CALENDAR_DATE = chd.CALENDAR_DATE left join
DIM_MDM_AGENT_SKILL_LOCATION_CURRENT_V  cagt 
on C.[AGENT_PERNR_NUM] = cagt.PERNR_NUM lEFT JOIN  [dbo].[FACT_AGENT_TRAINING_REF_V] atr
  ON c.CALENDAR_DATE=atr.CALENDAR_DATE
  and c.AGENT_PERNR_NUM= atr.PERNR_NUM 
  union all
  SELECT  C.[LAST_UPDATE_DATE] as CALENDAR_DATE
      ,'Last Update Date' as CALENDAR_CHOICE
      ,[COACH_PERNR_NUM]
      ,[AGENT_PERNR_NUM]
	  , CAST(([AGENT_PERNR_NUM]+CAST((D.FISCAL_PERIOD_INT-200000) AS DECIMAL(12,4)) /10000) AS DECIMAL(12,4)) [NRDP_AGENT_FISCAL_PERIOD_ID]
	  , CAST(([COACH_PERNR_NUM]+CAST((D.FISCAL_PERIOD_INT-200000) AS DECIMAL(12,4)) /10000) AS DECIMAL(12,4)) [NRDP_COACH_FISCAL_PERIOD_ID]

      ,[SessionCharacteristicID]
      ,[CoachCompetencyID]

      ,COALESCE(COALESCE(agt.[AGENT_SKILL_LOCATION_ID],cagt.[AGENT_SKILL_LOCATION_ID]),-1) AS AGENT_SKILL_LOCATION_ID 
      ,COALESCE(COALESCE(agt.SK_PERSON_HIER_ID,cagt.SK_PERSON_HIER_ID),-1) AS PERSON_HIER_ID 
      ,COALESCE(COALESCE(agt.AGENT_TENURE_HIER_ID,cagt.AGENT_TENURE_HIER_ID),-1) AS AGENT_TENURE_HIER_ID 
  
      ,COALESCE(atr.AGENT_TRAINING_ID,-1) AS AGENT_TRAINING_ID

      ,[SessionCount]
	  ,CAST(format(C.[LAST_UPDATE_DATE],'yyyyMMdd') AS INTEGER)  AS [DATEKEY]  ---Added on 1/22/2024 DMR-4803
  FROM [NRDP_DM].[dbo].[FACT_NCOE_COACH_SESSIONS]  c join 
  DIM_DATE D 
  ON C.CALENDAR_DATE = D.CALENDAR_DATE left join 
[DIM_TABULAR_AGENT_SKILL_LOCATION_LKP] agt
on C.[AGENT_PERNR_NUM] = AGT.PERNR_NUM
AND D.FISCAL_PERIOD_INT = AGT.FISCAL_PERIOD_INT left join
  DIM_DATE chd 
  ON C.COACH_CALENDAR_DATE = chd.CALENDAR_DATE left join
DIM_MDM_AGENT_SKILL_LOCATION_CURRENT_V  cagt 
on C.[AGENT_PERNR_NUM] = cagt.PERNR_NUM lEFT JOIN  [dbo].[FACT_AGENT_TRAINING_REF_V] atr
  ON c.CALENDAR_DATE=atr.CALENDAR_DATE
  and c.AGENT_PERNR_NUM= atr.PERNR_NUM 


"
FACT_MDM_NAT_ADHERENCE_V,"




CREATE VIEW [dbo].[FACT_MDM_NAT_ADHERENCE_V]
AS
SELECT A.[FISCAL_PERIOD_INT]
      ,[NAT_ADHERENCE_KEY]
      ,[NAT_ADHERENCE_DATE_KEY]
	  ,[NOM_DT]
      ,CAST(format(NOM_DT,'yyyyMMdd') AS INTEGER)  AS [DATEKEY]
      ,[SCHEDULED_NUM]
      ,[COMPLIANCE_NUM]
      ,[SIGNED_IN_NUM]
	  ,COALESCE(agt.PERNR_NUM,-1) AS PERNR_NUM
      ,COALESCE(agt.[AGENT_SKILL_LOCATION_ID],-1) AS AGENT_SKILL_LOCATION_ID 
      ,COALESCE(agt.SK_PERSON_HIER_ID,-1) AS PERSON_HIER_ID, COALESCE(agt.AGENT_TENURE_HIER_ID,-1) AS AGENT_TENURE_HIER_ID
  FROM [NRDP_DM].[dbo].[FACT_NAT_ADHERENCE] A
 left JOIN DIM_AGENT_FISCAL_PERIOD_EOM B
  ON A.PERNR_NUM = B.PERNR_NUM AND A.FISCAL_PERIOD_INT = B.FISCAL_PERIOD_INT
 left JOIN DIM_TABULAR_AGENT_SKILL_LOCATION_LKP agt
  ON agt.PERNR_NUM = B.PERNR_NUM
  AND agt.FISCAL_PERIOD_INT = B.FISCAL_PERIOD_INT
"
FACT_MDM_NBX_BRIDGE_V,"


CREATE VIEW [dbo].[FACT_MDM_NBX_BRIDGE_V] AS
SELECT
m.* ,
[REC_ID]
      ,[REC_NAME]
      ,[REC_CATEGORY]
      ,[REC_LABEL]
      ,[PRIORITY_ID]
      ,[ONLOAD_ID]
      ,[ONLOAD_DESC]
      ,[EXPANDED_ID]
      ,[EXPANDED_DESC]
      ,[DISCUSSED_ID]
      ,[DISCUSSED_DESC]
      ,[NEXUS_SUCCESS_ID]
      ,[NEXUS_SUCCESS_DESC]
      ,[CLICKED_URL_ID]
      ,[CLICKED_URL_DESC]
      ,[CLICKED_ARTICLE_ID]
      ,[CLICKED_ARTICLE_DESC]
  FROM DIM_NBX_M2M M JOIN
DIM_NBX_UNIQUE u
on m.NBX_UNIQUE_ID = u.NBX_UNIQUE_ID
union all
SELECT -1 [NBX_M2M_ID]
      ,-1 [NBX_UNIQUE_ID]
      ,-1 [REC_ID]
      ,'z No NBX Associated'  [REC_NAME]
      ,'z No NBX Associated' [REC_CATEGORY]
      ,[REC_LABEL]
      ,[PRIORITY_ID]
      ,[ONLOAD_ID]
      ,'z No NBX Associated' [ONLOAD_DESC]
      ,[EXPANDED_ID]
      ,'z No NBX Associated' [EXPANDED_DESC]
      ,[DISCUSSED_ID]
      ,'z No NBX Associated' [DISCUSSED_DESC]
      ,[NEXUS_SUCCESS_ID]
      ,'z No NBX Associated' [NEXUS_SUCCESS_DESC]
      ,[CLICKED_URL_ID]
      ,'z No NBX Associated' [CLICKED_URL_DESC]
      ,[CLICKED_ARTICLE_ID]
      ,'z No NBX Associated' [CLICKED_ARTICLE_DESC]
  FROM DIM_NBX_UNIQUE 
  WHERE [NBX_UNIQUE_ID]=10000000
"
FACT_MDM_NBX_COUNT_V,"









/****** Script for SELECT CAST(1 AS INT) AS SERIES_ID,TopNRows command from SSMS  ******/
CREATE VIEW [dbo].[FACT_MDM_NBX_COUNT_V] AS 
SELECT CAST(1 AS INT) AS SERIES_ID,  C.[FISCAL_PERIOD_INT]
	  ,COALESCE(D.[FISCAL_PERIOD_TODATE_INT],C.[FISCAL_PERIOD_INT]) AS [FISCAL_PERIOD_TODATE_INT]
      ,C.[CALENDAR_DATE]
      ,c.DATEKEY
      ,COALESCE(C.[NBX_UNIQUE_ID],
	  cast('1'+cast(C.[PRIORITY_ID] as varchar(1))
	  +cast(C.[ONLOAD_ID] as varchar(1))
      +cast(C.[EXPANDED_ID] as varchar(1))
      +cast(C.[DISCUSS_ID] as varchar(1))
      +cast(C.[NEXUS_SUCCESS_ID] as varchar(1))
      +cast(C.[CLICKED_URL_ID] as varchar(1))
      +cast(C.[CLICKED_ARTICLE_ID] as varchar(1)) as bigint) )  AS NBX_UNIQUE_ID



      ,coalesce(C.CUSTOMER_ACCOUNT_KEY % 100,0.10)  as CUSTOMER_ACCOUNT_KEY
	  	  ,CAST(0 AS INTEGER) CUSTOMER_EBB_BULK_KEY -- Added by SS ON 7/19/21
		  ,-1 AS AGENT_TRAINING_ID
,CAST(-1 AS INTEGER) CUSTOMER_ACCOUNT_DEMO_KEY -- Added by SS ON 7/19/21
      ,c.[PERNR_NUM]
     -- ,C.[NRDP_AGENT_FISCAL_PERIOD_ID]
    ,[NRDP_CALL_ATTRIBUTE_ID]
      ,-1 AS [NRDP_CLV_ATTRIBUTE_ID]
      ,-1 [TRANSFER_ORIGIN_AGENT_ID]
      ,-1 [TRANSFER_ORIGIN_IACT_ID]
      ,[TENURE_ID]
      ,0 [BASE_RGU_PROFILE_ID]
	  ,AGENT_INTERACTION_ORDER_ID
      ,COALESCE(agt.[AGENT_SKILL_LOCATION_ID],-1) AS AGENT_SKILL_LOCATION_ID 
      ,COALESCE(agt.SK_PERSON_HIER_ID,-1) AS PERSON_HIER_ID
      , COALESCE(agt.AGENT_TENURE_HIER_ID,-1) AS AGENT_TENURE_HIER_ID
      ,1 as NBX_COUNT
      ,C.[ONLOAD_ID]
      ,C.[EXPANDED_ID]
      ,C.[DISCUSS_ID]
      ,C.[NEXUS_SUCCESS_ID]
      ,C.[CLICKED_URL_ID]
      ,C.[CLICKED_ARTICLE_ID]
	  ,C.[PRIORITY_ID]
	  ,COALESCE(C.SENTIMENT_QA_ID,100000) AS SENTIMENT_QA_ID
	  ,coalesce(C.NRDP_CUST_MAP_ID,-1) NRDP_CUST_MAP_ID
 FROM 
  [NRDP_DM].[dbo].[FACT_NBX_COUNT] C WITH (NOLOCK) left join 
  DIM_CURRENT_TODATE D 
  ON C.CALENDAR_DATE = D.CALENDAR_DATE left join 
[DIM_TABULAR_AGENT_SKILL_LOCATION_LKP] agt WITH (NOLOCK)
on C.PERNR_NUM = AGT.PERNR_NUM
AND C.FISCAL_PERIOD_INT = AGT.FISCAL_PERIOD_INT 
WHERE C.FISCAL_PERIOD_INT > 201812

"
FACT_MDM_NCOE_COACH_SESSIONS_V,"




CREATE VIEW [dbo].[FACT_MDM_NCOE_COACH_SESSIONS_V] AS 
SELECT  C.[CALENDAR_DATE]
      ,'Calendar Date' as CALENDAR_CHOICE
      ,[COACH_PERNR_NUM]
      ,[AGENT_PERNR_NUM]
	  , CAST(([AGENT_PERNR_NUM]+CAST((D.FISCAL_PERIOD_INT-200000) AS DECIMAL(12,4)) /10000) AS DECIMAL(12,4)) [NRDP_AGENT_FISCAL_PERIOD_ID]
	  , CAST(([COACH_PERNR_NUM]+CAST((D.FISCAL_PERIOD_INT-200000) AS DECIMAL(12,4)) /10000) AS DECIMAL(12,4)) [NRDP_COACH_FISCAL_PERIOD_ID]

      ,[SessionCharacteristicID]
      ,[CoachCompetencyID]

      ,COALESCE(agt.[AGENT_SKILL_LOCATION_ID],-1) AS AGENT_SKILL_LOCATION_ID 
      ,COALESCE(agt.SK_PERSON_HIER_ID,-1) AS PERSON_HIER_ID
      , COALESCE(agt.AGENT_TENURE_HIER_ID,-1) AS AGENT_TENURE_HIER_ID
      ,COALESCE(Ch.SK_PERSON_HIER_ID,-1) as COACH_HIER_ID 
      ,COALESCE(atr.AGENT_TRAINING_ID,-1) AS AGENT_TRAINING_ID

      ,[SessionCount]
	  ,DATEADD(YEAR,1,C.CALENDAR_DATE) AS YRAGO_DATE
	  ,DATEADD(M,1,C.CALENDAR_DATE) AS PRIOR_DATE
  FROM [NRDP_DM].[dbo].[FACT_NCOE_COACH_SESSIONS]  c join 
  DIM_DATE D 
  ON C.CALENDAR_DATE = D.CALENDAR_DATE left join 
[DIM_TABULAR_AGENT_SKILL_LOCATION_LKP] agt
on C.[AGENT_PERNR_NUM] = AGT.PERNR_NUM
AND D.FISCAL_PERIOD_INT = AGT.FISCAL_PERIOD_INT left join
  DIM_DATE chd 
  ON C.COACH_CALENDAR_DATE = chd.CALENDAR_DATE left join
[DIM_TABULAR_PERSON_HIER_LKP] ch 
on C.[COACH_PERNR_NUM] = ch.PERNR_NUM
AND chd.FISCAL_PERIOD_INT = ch.FISCAL_PERIOD_INT lEFT JOIN  [dbo].[FACT_AGENT_TRAINING_REF_V] atr
  ON c.CALENDAR_DATE=atr.CALENDAR_DATE
  and c.AGENT_PERNR_NUM= atr.PERNR_NUM
  union all
  SELECT  C.[COACH_CALENDAR_DATE] AS [CALENDAR_DATE]
       ,'Coach Date' as CALENDAR_CHOICE
      ,[COACH_PERNR_NUM]
      ,[AGENT_PERNR_NUM]
	  , CAST(([AGENT_PERNR_NUM]+CAST((D.FISCAL_PERIOD_INT-200000) AS DECIMAL(12,4)) /10000) AS DECIMAL(12,4)) [NRDP_AGENT_FISCAL_PERIOD_ID]
	  , CAST(([COACH_PERNR_NUM]+CAST((D.FISCAL_PERIOD_INT-200000) AS DECIMAL(12,4)) /10000) AS DECIMAL(12,4)) [NRDP_COACH_FISCAL_PERIOD_ID]

      ,[SessionCharacteristicID]
      ,[CoachCompetencyID]

      ,COALESCE(agt.[AGENT_SKILL_LOCATION_ID],-1) AS AGENT_SKILL_LOCATION_ID 
      ,COALESCE(agt.SK_PERSON_HIER_ID,-1) AS PERSON_HIER_ID
      , COALESCE(agt.AGENT_TENURE_HIER_ID,-1) AS AGENT_TENURE_HIER_ID
      ,COALESCE(Ch.SK_PERSON_HIER_ID,-1) as COACH_HIER_ID 
      ,COALESCE(atr.AGENT_TRAINING_ID,-1) AS AGENT_TRAINING_ID

      ,[SessionCount]
	  ,DATEADD(YEAR,1,C.CALENDAR_DATE) AS YRAGO_DATE
	  ,DATEADD(M,1,C.CALENDAR_DATE) AS PRIOR_DATE
  FROM [NRDP_DM].[dbo].[FACT_NCOE_COACH_SESSIONS]  c join 
  DIM_DATE D 
  ON C.CALENDAR_DATE = D.CALENDAR_DATE left join 
[DIM_TABULAR_AGENT_SKILL_LOCATION_LKP] agt
on C.[AGENT_PERNR_NUM] = AGT.PERNR_NUM
AND D.FISCAL_PERIOD_INT = AGT.FISCAL_PERIOD_INT left join
  DIM_DATE chd 
  ON C.COACH_CALENDAR_DATE = chd.CALENDAR_DATE left join
[DIM_TABULAR_PERSON_HIER_LKP] ch 
on C.[COACH_PERNR_NUM] = ch.PERNR_NUM
AND chd.FISCAL_PERIOD_INT = ch.FISCAL_PERIOD_INT lEFT JOIN  [dbo].[FACT_AGENT_TRAINING_REF_V] atr
  ON c.CALENDAR_DATE=atr.CALENDAR_DATE
  and c.AGENT_PERNR_NUM= atr.PERNR_NUM
  union all
  SELECT  C.[LAST_UPDATE_DATE] as [CALENDAR_DATE]
         ,'Last Update Date' as CALENDAR_CHOICE
      ,[COACH_PERNR_NUM]
      ,[AGENT_PERNR_NUM]
	  , CAST(([AGENT_PERNR_NUM]+CAST((D.FISCAL_PERIOD_INT-200000) AS DECIMAL(12,4)) /10000) AS DECIMAL(12,4)) [NRDP_AGENT_FISCAL_PERIOD_ID]
	  , CAST(([COACH_PERNR_NUM]+CAST((D.FISCAL_PERIOD_INT-200000) AS DECIMAL(12,4)) /10000) AS DECIMAL(12,4)) [NRDP_COACH_FISCAL_PERIOD_ID]

      ,[SessionCharacteristicID]
      ,[CoachCompetencyID]

      ,COALESCE(agt.[AGENT_SKILL_LOCATION_ID],-1) AS AGENT_SKILL_LOCATION_ID 
      ,COALESCE(agt.SK_PERSON_HIER_ID,-1) AS PERSON_HIER_ID
      , COALESCE(agt.AGENT_TENURE_HIER_ID,-1) AS AGENT_TENURE_HIER_ID
      ,COALESCE(Ch.SK_PERSON_HIER_ID,-1) as COACH_HIER_ID 
      ,COALESCE(atr.AGENT_TRAINING_ID,-1) AS AGENT_TRAINING_ID

      ,[SessionCount]
	  ,DATEADD(YEAR,1,C.CALENDAR_DATE) AS YRAGO_DATE
	  ,DATEADD(M,1,C.CALENDAR_DATE) AS PRIOR_DATE
  FROM [NRDP_DM].[dbo].[FACT_NCOE_COACH_SESSIONS]  c join 
  DIM_DATE D 
  ON C.CALENDAR_DATE = D.CALENDAR_DATE left join 
[DIM_TABULAR_AGENT_SKILL_LOCATION_LKP] agt
on C.[AGENT_PERNR_NUM] = AGT.PERNR_NUM
AND D.FISCAL_PERIOD_INT = AGT.FISCAL_PERIOD_INT left join
  DIM_DATE chd 
  ON C.COACH_CALENDAR_DATE = chd.CALENDAR_DATE left join
[DIM_TABULAR_PERSON_HIER_LKP] ch 
on C.[COACH_PERNR_NUM] = ch.PERNR_NUM
AND chd.FISCAL_PERIOD_INT = ch.FISCAL_PERIOD_INT lEFT JOIN  [dbo].[FACT_AGENT_TRAINING_REF_V] atr
  ON c.CALENDAR_DATE=atr.CALENDAR_DATE
  and c.AGENT_PERNR_NUM= atr.PERNR_NUM

"
FACT_MDM_NCOE_TICKETS_CALLS_ECR_V,"
CREATE   VIEW [dbo].[FACT_MDM_NCOE_TICKETS_CALLS_ECR_V]
AS
SELECT A.* , B.INTERACTION_HANDLED_COUNT 
FROM FACT_MDM_NCOE_TICKETS_ESL_V A
INNER JOIN FACT_CALL_DETAIL B
ON A.CALLID = B.METRIC_SOURCE_KEY
"
FACT_MDM_NCOE_TICKETS_CR_V,"


CREATE VIEW [dbo].[FACT_MDM_NCOE_TICKETS_CR_V]
AS
SELECT A.[FISCAL_PERIOD_INT]
      ,[CALENDAR_DATE]
      ,[DATEKEY]
	  ,[TICKET_ID]
	  ,[QUEUE_ID]
	  ,[PROBLEM_CODE]
	  ,[STATUS]
	  ,[MINUTES_TO_RESOLUTION]
	  ,COALESCE(agt.PERNR_NUM,-1) AS PERNR_NUM
      ,COALESCE(agt.[AGENT_SKILL_LOCATION_ID],-1) AS AGENT_SKILL_LOCATION_ID 
      ,COALESCE(agt.SK_PERSON_HIER_ID,-1) AS PERSON_HIER_ID 
	  ,COALESCE(agt.AGENT_TENURE_HIER_ID,-1) AS AGENT_TENURE_HIER_ID
  FROM [dbo].[FACT_NCOE_TICKETS_CR] A
 left JOIN DIM_AGENT_FISCAL_PERIOD_EOM B
  ON A.PERNR_NUM = B.PERNR_NUM AND A.FISCAL_PERIOD_INT = B.FISCAL_PERIOD_INT
 left JOIN DIM_TABULAR_AGENT_SKILL_LOCATION_LKP agt
  ON agt.PERNR_NUM = B.PERNR_NUM
  AND agt.FISCAL_PERIOD_INT = B.FISCAL_PERIOD_INT
"
FACT_MDM_NCOE_TICKETS_ESL_V,"





CREATE       VIEW [dbo].[FACT_MDM_NCOE_TICKETS_ESL_V]
AS
SELECT A.[FISCAL_PERIOD_INT]
      ,[TICKET_ID]
	  ,[CALENDAR_DATE]
      ,[DATEKEY]
      ,[PARENT_ID]
      ,[CALLID]
	  ,A.[NTLOGIN_ID]
	  ,COALESCE(agt.PERNR_NUM,-1) AS PERNR_NUM
      ,COALESCE(agt.[AGENT_SKILL_LOCATION_ID],-1) AS AGENT_SKILL_LOCATION_ID 
      ,COALESCE(agt.SK_PERSON_HIER_ID,-1) AS PERSON_HIER_ID, COALESCE(agt.AGENT_TENURE_HIER_ID,-1) AS AGENT_TENURE_HIER_ID
	  ,1 as AUDIT_TRAIL_CHARACTERISTIC_KEY
  FROM [NRDP_DM].[dbo].FACT_NCOE_TICKETS_ESL A
 left JOIN DIM_AGENT_FISCAL_PERIOD_EOM B
  ON A.NTLOGIN_ID = B.NTLOGIN_ID AND A.FISCAL_PERIOD_INT = B.FISCAL_PERIOD_INT
 left JOIN DIM_TABULAR_AGENT_SKILL_LOCATION_LKP agt
  ON agt.PERNR_NUM = B.PERNR_NUM
  AND agt.FISCAL_PERIOD_INT = B.FISCAL_PERIOD_INT
"
FACT_MDM_NRD_SPRINKLR_MESSAGES_V,"







CREATE       VIEW [dbo].[FACT_MDM_NRD_SPRINKLR_MESSAGES_V]
AS
SELECT A.[FISCAL_PERIOD_INT]
      ,[CALENDAR_DATE]
      ,[DATEKEY]
	  ,[MESSAGE_ID]
      ,[IS_BRAND_POST]
      ,[SOCIAL_MEDIA_TYPE]
      ,[IS_FOLLOWER]
      ,[STATUS_TYPE]
	  ,[IS_SHARED_POST]
	  ,[BRAND_RESPONDED]
	  ,COALESCE(agt.PERNR_NUM,-1) AS PERNR_NUM
      ,COALESCE(agt.[AGENT_SKILL_LOCATION_ID],-1) AS AGENT_SKILL_LOCATION_ID 
      ,COALESCE(agt.SK_PERSON_HIER_ID,-1) AS PERSON_HIER_ID 
	  ,COALESCE(agt.AGENT_TENURE_HIER_ID,-1) AS AGENT_TENURE_HIER_ID
	  ,[MESSAGE_ID] AS SPRINKLRMESSAGEID -- Updated from -1 to Message_Id on 06/21/2023
	  ,CAST('00:00' AS datetime) as [FORECASTINTERVAL]  ---dmr-3005 added ON 30/5
	  ,case when [IS_BRAND_POST] = 0 then 1      ---DMR 912 added to implement logic on 6/22/2023
		else 0
	  end as  INBOUND_MESSAGES
	  ,case when [IS_BRAND_POST] = 1 then 1
	    else 0
	  end as OUTBOUND_MESSAGES
  FROM [NRDP_DM].[dbo].[FACT_NRD_SPRINKLR_MESSAGES] A
 left JOIN DIM_AGENT_FISCAL_PERIOD_EOM B
  ON A.PERNR_NUM = B.PERNR_NUM AND A.FISCAL_PERIOD_INT = B.FISCAL_PERIOD_INT
 left JOIN DIM_TABULAR_AGENT_SKILL_LOCATION_LKP agt
  ON agt.PERNR_NUM = B.PERNR_NUM
  AND agt.FISCAL_PERIOD_INT = B.FISCAL_PERIOD_INT
"
FACT_MDM_NRDP_ADJUST_V,"



CREATE VIEW [dbo].[FACT_MDM_NRDP_ADJUST_V]
AS
SELECT A.[FISCAL_PERIOD_INT]
      ,[CALENDAR_DATE]
      ,[DATEKEY]
	  ,[NRDP_ADJUST_FACT_ID]
	  ,[CREDITS_IDENTIFIER]
	  --,[ADJUST_AMT]
	  ,case when CREDITS_IDENTIFIER = 'XM' THEN ADJUST_AMT ELSE 0 END AS ADJUST_AMT
	  ,[NT_LOGIN_ID]
	  ,COALESCE(agt.PERNR_NUM,-1) AS PERNR_NUM
      ,COALESCE(agt.[AGENT_SKILL_LOCATION_ID],-1) AS AGENT_SKILL_LOCATION_ID 
      ,COALESCE(agt.SK_PERSON_HIER_ID,-1) AS PERSON_HIER_ID 
	  ,COALESCE(agt.AGENT_TENURE_HIER_ID,-1) AS AGENT_TENURE_HIER_ID
	  ,case when CREDITS_IDENTIFIER = 'XM' THEN ADJUST_AMT ELSE 0 END AS XM_ADJ_AMT
	  ,case when CREDITS_IDENTIFIER = 'XM' THEN 1 ELSE 0 END AS XM_ADJ_CNT
	  ,CUSTOMER_ACCOUNT_KEY
  FROM [dbo].[FACT_NRDP_ADJUST] A
 left JOIN DIM_AGENT_FISCAL_PERIOD_EOM B
  ON A.PERNR_NUM = B.PERNR_NUM AND A.FISCAL_PERIOD_INT = B.FISCAL_PERIOD_INT
 left JOIN DIM_TABULAR_AGENT_SKILL_LOCATION_LKP agt
  ON agt.PERNR_NUM = B.PERNR_NUM
  AND agt.FISCAL_PERIOD_INT = B.FISCAL_PERIOD_INT
"
FACT_MDM_NUANCE_CHAT_ABANDONED_V,"




CREATE VIEW [dbo].[FACT_MDM_NUANCE_CHAT_ABANDONED_V]
AS
SELECT [FISCAL_PERIOD_INT]
      ,[METRIC_SOURCE]
      ,[CALENDAR_DATE]
      ,[METRIC_SOURCE_KEY]
      ,[DATEKEY]
      ,[CUSTOMER_ACCOUNT_KEY]
      ,[PERNR_NUM]
      ,[NRDP_AGENT_FISCAL_PERIOD_ID]
	  ,-1 AS AGENT_SKILL_LOCATION_ID
      ,COALESCE([NRDP_CALL_ATTRIBUTE_ID],-1) AS [NRDP_CALL_ATTRIBUTE_ID]
      ,-1 AS [PERSON_HIER_ID]
	  ,-1 AS [AGENT_TENURE_HIER_ID]
	  ,0 AS [CUSTOMER_EBB_BULK_KEY]
      ,[NRDP_CLV_ATTRIBUTE_ID]
      ,[TRANSFER_ORIGIN_AGENT_ID]
      ,[TRANSFER_ORIGIN_IACT_ID]
      ,[TENURE_ID]
      ,[BASE_RGU_PROFILE_ID]
      ,[SENTIMENT_QA_ID]
      ,[CUSTOMER_QUEUE_ABANDONED_CNT]
      ,[CUSTOMER_QUEUE_EXITED_PRIOR_TO_AGENT_CNT]
      ,[CUSTOMER_QUEUE_ABADNONED_AUTO_CNT]
  FROM [NRDP_DM].[dbo].[FACT_NUANCE_CHAT_ABANDONED]
"
FACT_MDM_NUANCE_LAT_AgentCount_V,"

CREATE VIEW [dbo].[FACT_MDM_NUANCE_LAT_AgentCount_V]
AS
SELECT CAST(1 AS INT) AS SERIES_ID,        c.CALENDAR_DATE, C.DATEKEY
--C.NRDP_AGENT_FISCAL_PERIOD_ID, 
,1 AS agent_day_count, C.FISCAL_PERIOD_INT
,COALESCE(D.[FISCAL_PERIOD_TODATE_INT],c.[FISCAL_PERIOD_INT]) AS FISCAL_PERIOD_TODATE_INT
,C.PERNR_NUM
,COALESCE(agt.[AGENT_SKILL_LOCATION_ID],-1) AS AGENT_SKILL_LOCATION_ID 
,COALESCE(AGT.SK_PERSON_HIER_ID,-1) AS PERSON_HIER_ID
,COALESCE(agt.AGENT_TENURE_HIER_ID,-1) AS AGENT_TENURE_HIER_ID
,CAST(0 AS INTEGER) CUSTOMER_EBB_BULK_KEY -- Added by SS ON 7/19/21 --
,CAST(-1 AS INTEGER) MOVE_INCOME_CONSTRAINED_ID

,CAST(-1 AS INTEGER) CUSTOMER_ACCOUNT_DEMO_KEY -- Added by SS ON 7/19/21

FROM            FACT_MDM_NUANCE_LAT_V c  LEFT JOIN 
  DIM_CURRENT_TODATE D 
  ON C.CALENDAR_DATE = D.CALENDAR_DATE
 left join [DIM_TABULAR_AGENT_SKILL_LOCATION_LKP] agt with (nolock)  
    on C.PERNR_NUM = AGT.PERNR_NUM AND C.FISCAL_PERIOD_INT = AGT.FISCAL_PERIOD_INT
	--ON C.NRDP_AGENT_FISCAL_PERIOD_ID = agt.NRDP_AGENT_FISCAL_PERIOD_ID
	--  left JOIN [DIM_TABULAR_PERSON_HIER_LKP] lh 
	--on A.PERNR_NUM = lh.PERNR_NUM AND C.CALENDAR_DATE  BETWEEN LH.RECORD_START_DT AND LH.RECORD_END_DT 
	--on C.PERNR_NUM = lh.PERNR_NUM AND C.FISCAL_PERIOD_INT = LH.FISCAL_PERIOD_INT
WHERE        (MAXIMUM_CHATS > 0)
"
FACT_MDM_NUANCE_LAT_V,"








CREATE VIEW [dbo].[FACT_MDM_NUANCE_LAT_V] AS 
SELECT CAST(1 AS INT) AS SERIES_ID, 
C.CALENDAR_DATE
,c.DATEKEY
,0.10 AS CUSTOMER_ACCOUNT_KEY 
,CAST(0 AS INTEGER) CUSTOMER_EBB_BULK_KEY -- Added by SS ON 7/19/21--

,CAST(-1 AS INTEGER) CUSTOMER_ACCOUNT_DEMO_KEY -- Added by SS ON 7/19/21--
,CAST(-1 AS INTEGER) MOVE_INCOME_CONSTRAINED_ID
--,C.NRDP_AGENT_FISCAL_PERIOD_ID
--,CAST(C.NRDP_AGENT_FISCAL_PERIOD_ID AS INT) PERNR_NUM
,CAST(LEFT(C.NRDP_AGENT_FISCAL_PERIOD_ID,8) AS INT) AS PERNR_NUM -- Added by SS on 6/16/2021
,c.[FISCAL_PERIOD_INT] 
,COALESCE(D.[FISCAL_PERIOD_TODATE_INT],c.[FISCAL_PERIOD_INT]) AS FISCAL_PERIOD_TODATE_INT 
,0 AS BASE_RGU_PROFILE_ID 
,cast(-1000 as integer) [NRDP_CALL_ATTRIBUTE_ID]
,cast(-1 as integer)[NRDP_CLV_ATTRIBUTE_ID]
,cast(-1 as integer) as [TRANSFER_ORIGIN_AGENT_ID]
,cast(-1 as integer) as [TRANSFER_ORIGIN_IACT_ID]
,cast(-1 as SMALLINT)[TENURE_ID]
,-1  as NBX_ID
,100000 AS SENTIMENT_QA_ID,
  COALESCE(atr.AGENT_TRAINING_ID,-1) AS AGENT_TRAINING_ID,

5000 AS CALL_DRIVER_QUERY_ID,
-1  as PRE_NRDP_XAP_EXIT_ID
      ,COALESCE(agt.[AGENT_SKILL_LOCATION_ID],-1) AS AGENT_SKILL_LOCATION_ID 
      ,COALESCE(agt.SK_PERSON_HIER_ID,-1) AS PERSON_HIER_ID
      , COALESCE(agt.AGENT_TENURE_HIER_ID,-1) AS AGENT_TENURE_HIER_ID

      ,[LAT_SERVICED_CHATS]
      ,[LAT_WORK_WRAPTIME]
      ,[LAT_UNPRODUCTIVE_TIME]
      ,[LAT_TIME_MARKED_UNAVAILABLE]
      ,[AVAILABLE_TIME]
      ,[LAT_LOGIN_TIME]
      ,[LAT_TRANSFERRED_OUT]
      ,[LAT_WAIT_ABANDONED_TIME]
      ,[NO_OF_CHATS_PUSHED_BACK_LAT]
      ,[INTERVAL_AHT_LAT]
      ,[INTERVAL_ART_LAT]
      ,[BUSY_CLICKS]
      ,[TIME_ON_BUSY]
      ,[LINEAR_UTILIZATION]
      ,[LINEAR_BUSY_UTILIZATION]
	 , MAXIMUM_CHATS
FROM [dbo].[FACT_NUANCE_LAT]  C WITH (NOLOCK) left JOIN 
  DIM_CURRENT_TODATE D 
  ON C.CALENDAR_DATE = D.CALENDAR_DATE left join 
[DIM_TABULAR_AGENT_SKILL_LOCATION_LKP] agt WITH (NOLOCK)
on cast(C.NRDP_AGENT_FISCAL_PERIOD_ID as int)= AGT.PERNR_NUM
AND C.FISCAL_PERIOD_INT = AGT.FISCAL_PERIOD_INT lEFT JOIN
  [dbo].[FACT_AGENT_TRAINING_REF_V] atr WITH (NOLOCK)
  ON c.DATEKEY=atr.DATEKEY
  and c.NRDP_AGENT_FISCAL_PERIOD_ID= atr.NRDP_AGENT_FISCAL_PERIOD_ID
WHERE C.FISCAL_PERIOD_INT > 201812
AND C.NRDP_AGENT_FISCAL_PERIOD_ID <> '0.2402'
  
"
FACT_MDM_ORDER_IACT_PERNR_DISTINCT_COUNT_V,"



CREATE VIEW [dbo].[FACT_MDM_ORDER_IACT_PERNR_DISTINCT_COUNT_V] AS
SELECT CAST(1 AS INT) AS SERIES_ID,X.*  FROM 
(SELECT
C.DATEKEY,
C.FISCAL_PERIOD_INT,
C.CUSTOMER_ACCOUNT_KEY ,
-1 AS NRDP_AGENT_FISCAL_PERIOD_ID,
C.BASE_RGU_PROFILE_ID AS PRODUCT_ATTRIBUTE_ID ,
C.NRDP_CALL_ATTRIBUTE_ID,
C.NRDP_CLV_ATTRIBUTE_ID,
C.PERNR_NUM ,
CAST(1 AS INT) AS METRIC_SOURCE,
C.SENTIMENT_QA_ID,
C.AGENT_TRAINING_ID ,
C.AGENT_SKILL_LOCATION_ID ,
C.PERSON_HIER_ID,
C.AGENT_TENURE_HIER_ID

FROM [dbo].[FACT_MDM_CALLS_V ] C 
where PERNR_NUM > 0 
union all
SELECT
C.DATEKEY,
C.FISCAL_PERIOD_INT,
C.CUSTOMER_ACCOUNT_KEY ,
-1 AS NRDP_AGENT_FISCAL_PERIOD_ID,
C.BASE_RGU_PROFILE_ID AS PRODUCT_ATTRIBUTE_ID ,
C.NRDP_CALL_ATTRIBUTE_ID,
C.NRDP_CLV_ATTRIBUTE_ID,
C.PERNR_NUM ,
CAST(3 AS INT) AS METRIC_SOURCE,
C.SENTIMENT_QA_ID,
C.AGENT_TRAINING_ID ,
C.AGENT_SKILL_LOCATION_ID ,
C.PERSON_HIER_ID,
C.AGENT_TENURE_HIER_ID

FROM [dbo].[FACT_MDM_CHATS_V ] C 
WHERE C.PERNR_NUM > 0
union all
SELECT
C.DATEKEY,
C.FISCAL_PERIOD_INT,
C.CUSTOMER_ACCOUNT_KEY ,
-1 AS NRDP_AGENT_FISCAL_PERIOD_ID,
C.BASE_RGU_PROFILE_ID AS PRODUCT_ATTRIBUTE_ID ,
C.NRDP_CALL_ATTRIBUTE_ID,
C.NRDP_CLV_ATTRIBUTE_ID,
C.PERNR_NUM ,
CAST(2 AS INT) AS METRIC_SOURCE,
C.SENTIMENT_QA_ID,
C.AGENT_TRAINING_ID ,
C.AGENT_SKILL_LOCATION_ID ,
C.PERSON_HIER_ID,
C.AGENT_TENURE_HIER_ID

FROM [dbo].[FACT_MDM_ORDERS_V ] C 
WHERE C.PERNR_NUM > 0
) X 
"
FACT_MDM_ORDERS_1_TO_56_V,"










CREATE VIEW [dbo].[FACT_MDM_ORDERS_1_TO_56_V] AS 
SELECT CAST(1 AS INT) AS SERIES_ID, c.DATEKEY
      ,c.[CALENDAR_DATE]
	  ,c.[FISCAL_PERIOD_INT]
	  ,COALESCE(D.[FISCAL_PERIOD_TODATE_INT],C.[FISCAL_PERIOD_INT]) AS [FISCAL_PERIOD_TODATE_INT]
      ,dv.[PERNR_NUM]
	  ,dv.[CUSTOMER_ACCOUNT_KEY]
      ,dv.[CUSTOMER_EBB_BULK_KEY]
      ,dv.[CUSTOMER_ACCOUNT_DEMO_KEY]
	  ,dv.[NRDP_CALL_ATTRIBUTE_ID]
      ,dv.[NRDP_CLV_ATTRIBUTE_ID]
      ,dv.[TRANSFER_ORIGIN_AGENT_ID]
      ,dv.[TRANSFER_ORIGIN_IACT_ID]
      ,dv.[TENURE_ID]
      ,dv.[BASE_RGU_PROFILE_ID]
      ,COALESCE(dv.SENTIMENT_QA_ID,100000) AS SENTIMENT_QA_ID
      ,dv.[NBX_M2M_ID]
	  ,CASE WHEN dv.PERNR_NUM > 0 AND dv.CUSTOMER_ACCOUNT_ID > 0 THEN 1 ELSE 0 END AS LTR_CANDIDATE_IND
      ,COALESCE(dv.MOVE_INCOME_CONSTRAINED_ID,-1) as MOVE_INCOME_CONSTRAINED_ID
      ,COALESCE(c.[PRODCAT_XTV_DGTL_ID],0) AS [PRODCAT_XTV_DGTL_ID]
      ,COALESCE(c.[PRODCAT_XTV_PPAY_ID],0) AS [PRODCAT_XTV_PPAY_ID]
      ,COALESCE(c.[PRODCAT_XI_TIER_ID],0) AS [PRODCAT_XI_TIER_ID]
      ,COALESCE(c.[PRODCAT_XH_XTV_XV_TIER_ID],0) AS [PRODCAT_XH_XTV_XV_TIER_ID]
      ,COALESCE(c.[PRODCAT_AO_ID],0) AS [PRODCAT_AO_ID]
	  ,COALESCE(dv.CALL_DRIVER_GROUP1_ID,0) AS CALL_DRIVER_GROUP1_ID
	  ,COALESCE(dv.CALL_DRIVER_GROUP2_ID,0) AS CALL_DRIVER_GROUP2_ID
	  ,COALESCE(dv.CALL_DRIVER_GROUP3_ID,0) AS CALL_DRIVER_GROUP3_ID
	  ,COALESCE(dv.SPEECH_QUERY_GROUP1_ID,0) AS SPEECH_QUERY_GROUP1_ID
	  ,COALESCE(dv.SPEECH_QUERY_GROUP2_ID,0) AS SPEECH_QUERY_GROUP2_ID
	  ,coalesce(dv.NRDP_CUST_MAP_ID,-1) as NRDP_CUST_MAP_ID
      ,COALESCE(dv.PRODCAT_EBB_ID,0) AS PRODCAT_EBB_ID
	  ,COALESCE(dv.PRE_NRDP_XAP_EXIT_ID,-1) as PRE_NRDP_XAP_EXIT_ID

	  ,COALESCE(atr.AGENT_TRAINING_ID,-1) AS AGENT_TRAINING_ID
	  ,COALESCE(agt.[AGENT_SKILL_LOCATION_ID],-1) AS AGENT_SKILL_LOCATION_ID 
	  ,COALESCE(agt.SK_PERSON_HIER_ID,-1) AS PERSON_HIER_ID
	  , COALESCE(agt.AGENT_TENURE_HIER_ID,-1) AS AGENT_TENURE_HIER_ID

,NULLIF(pcao.[BEG_BULK_INTERNET_CNT],0) AS [BEG_BULK_INTERNET_CNT]
,NULLIF(pcao.[END_BULK_INTERNET_CNT],0) AS [END_BULK_INTERNET_CNT]
,NULLIF(pcao.[ADD_BULK_INTERNET_CNT],0) AS [ADD_BULK_INTERNET_CNT]
,NULLIF(pcao.[BEG_BULK_TV_CNT],0) AS [BEG_BULK_TV_CNT]
,NULLIF(pcao.[END_BULK_TV_CNT],0) AS [END_BULK_TV_CNT]
,NULLIF(pcao.[ADD_BULK_TV_CNT],0) AS [ADD_BULK_TV_CNT]
,NULLIF(pcao.[BEG_CONTRACT_ACCEPT_CNT],0) AS [BEG_CONTRACT_ACCEPT_CNT]
,NULLIF(pcao.[END_CONTRACT_ACCEPT_CNT],0) AS [END_CONTRACT_ACCEPT_CNT]
,NULLIF(pcao.[ADD_CONTRACT_ACCEPT_CNT],0) AS [ADD_CONTRACT_ACCEPT_CNT]
,NULLIF(pcao.[BEG_IP_STREAMING_CNT],0) AS [BEG_IP_STREAMING_CNT]
,NULLIF(pcao.[END_IP_STREAMING_CNT],0) AS [END_IP_STREAMING_CNT]
,NULLIF(pcao.[ADD_IP_STREAMING_CNT],0) AS [ADD_IP_STREAMING_CNT]
,NULLIF(pcao.[BEG_NETFLIX_BUNDLE_CNT],0) AS [BEG_NETFLIX_BUNDLE_CNT]
,NULLIF(pcao.[END_NETFLIX_BUNDLE_CNT],0) AS [END_NETFLIX_BUNDLE_CNT]
,NULLIF(pcao.[ADD_NETFLIX_BUNDLE_CNT],0) AS [ADD_NETFLIX_BUNDLE_CNT]
,NULLIF(pcao.[BEG_NETFLIX_BUNDLE_PROMO_CNT],0) AS [BEG_NETFLIX_BUNDLE_PROMO_CNT]
,NULLIF(pcao.[END_NETFLIX_BUNDLE_PROMO_CNT],0) AS [END_NETFLIX_BUNDLE_PROMO_CNT]
,NULLIF(pcao.[ADD_NETFLIX_BUNDLE_PROMO_CNT],0) AS [ADD_NETFLIX_BUNDLE_PROMO_CNT]
,NULLIF(pcao.[BEG_PREPAID_INSTANT_TV_CNT],0) AS [BEG_PREPAID_INSTANT_TV_CNT]
,NULLIF(pcao.[END_PREPAID_INSTANT_TV_CNT],0) AS [END_PREPAID_INSTANT_TV_CNT]
,NULLIF(pcao.[ADD_PREPAID_INSTANT_TV_CNT],0) AS [ADD_PREPAID_INSTANT_TV_CNT]
,NULLIF(pcao.[BEG_PREPAID_XI_CNT],0) AS [BEG_PREPAID_XI_CNT]
,NULLIF(pcao.[END_PREPAID_XI_CNT],0) AS [END_PREPAID_XI_CNT]
,NULLIF(pcao.[ADD_PREPAID_XI_CNT],0) AS [ADD_PREPAID_XI_CNT]
,NULLIF(pcao.[BEG_PREPAID_XTV_CNT],0) AS [BEG_PREPAID_XTV_CNT]
,NULLIF(pcao.[END_PREPAID_XTV_CNT],0) AS [END_PREPAID_XTV_CNT]
,NULLIF(pcao.[ADD_PREPAID_XTV_CNT],0) AS [ADD_PREPAID_XTV_CNT]
,NULLIF(pcao.[BEG_SEASONAL_XH_CNT],0) AS [BEG_SEASONAL_XH_CNT]
,NULLIF(pcao.[END_SEASONAL_XH_CNT],0) AS [END_SEASONAL_XH_CNT]
,NULLIF(pcao.[ADD_SEASONAL_XH_CNT],0) AS [ADD_SEASONAL_XH_CNT]
,NULLIF(pcao.[BEG_SEASONAL_XI_CNT],0) AS [BEG_SEASONAL_XI_CNT]
,NULLIF(pcao.[END_SEASONAL_XI_CNT],0) AS [END_SEASONAL_XI_CNT]
,NULLIF(pcao.[ADD_SEASONAL_XI_CNT],0) AS [ADD_SEASONAL_XI_CNT]
,NULLIF(pcao.[BEG_SEASONAL_XTV_CNT],0) AS [BEG_SEASONAL_XTV_CNT]
,NULLIF(pcao.[END_SEASONAL_XTV_CNT],0) AS [END_SEASONAL_XTV_CNT]
,NULLIF(pcao.[ADD_SEASONAL_XTV_CNT],0) AS [ADD_SEASONAL_XTV_CNT]
,NULLIF(pcao.[BEG_SEASONAL_XV_CNT],0) AS [BEG_SEASONAL_XV_CNT]
,NULLIF(pcao.[END_SEASONAL_XV_CNT],0) AS [END_SEASONAL_XV_CNT]
,NULLIF(pcao.[ADD_SEASONAL_XV_CNT],0) AS [ADD_SEASONAL_XV_CNT]
,NULLIF(pcao.[BEG_SIK_CNT],0) AS [BEG_SIK_CNT]
,NULLIF(pcao.[END_SIK_CNT],0) AS [END_SIK_CNT]
,NULLIF(pcao.[ADD_SIK_CNT],0) AS [ADD_SIK_CNT]
,NULLIF(pcao.[BEG_XFI_ADVANCED_SECURITY_CNT],0) AS [BEG_XFI_ADVANCED_SECURITY_CNT]
,NULLIF(pcao.[END_XFI_ADVANCED_SECURITY_CNT],0) AS [END_XFI_ADVANCED_SECURITY_CNT]
,NULLIF(pcao.[ADD_XFI_ADVANCED_SECURITY_CNT],0) AS [ADD_XFI_ADVANCED_SECURITY_CNT]
,NULLIF(pcao.[BEG_XFI_POD_CNT],0) AS [BEG_XFI_POD_CNT]
,NULLIF(pcao.[END_XFI_POD_CNT],0) AS [END_XFI_POD_CNT]
,NULLIF(pcao.[ADD_XFI_POD_CNT],0) AS [ADD_XFI_POD_CNT]
,NULLIF(pcxhxv.[BEG_XH_TIER_BASIC_CNT],0) AS [BEG_XH_TIER_BASIC_CNT]
,NULLIF(pcxhxv.[END_XH_TIER_BASIC_CNT],0) AS [END_XH_TIER_BASIC_CNT]
,NULLIF(pcxhxv.[ADD_XH_TIER_BASIC_CNT],0) AS [ADD_XH_TIER_BASIC_CNT]
,NULLIF(pcxhxv.[BEG_XH_TIER_BETTER_CNT],0) AS [BEG_XH_TIER_BETTER_CNT]
,NULLIF(pcxhxv.[END_XH_TIER_BETTER_CNT],0) AS [END_XH_TIER_BETTER_CNT]
,NULLIF(pcxhxv.[ADD_XH_TIER_BETTER_CNT],0) AS [ADD_XH_TIER_BETTER_CNT]
,NULLIF(pcxhxv.[BEG_XH_TIER_BULK_MASTER_SECURE_SERVICE_CNT],0) AS [BEG_XH_TIER_BULK_MASTER_SECURE_SERVICE_CNT]
,NULLIF(pcxhxv.[END_XH_TIER_BULK_MASTER_SECURE_SERVICE_CNT],0) AS [END_XH_TIER_BULK_MASTER_SECURE_SERVICE_CNT]
,NULLIF(pcxhxv.[ADD_XH_TIER_BULK_MASTER_SECURE_SERVICE_CNT],0) AS [ADD_XH_TIER_BULK_MASTER_SECURE_SERVICE_CNT]
,NULLIF(pcxhxv.[BEG_XH_TIER_CONTROL_100_CNT],0) AS [BEG_XH_TIER_CONTROL_100_CNT]
,NULLIF(pcxhxv.[END_XH_TIER_CONTROL_100_CNT],0) AS [END_XH_TIER_CONTROL_100_CNT]
,NULLIF(pcxhxv.[ADD_XH_TIER_CONTROL_100_CNT],0) AS [ADD_XH_TIER_CONTROL_100_CNT]
,NULLIF(pcxhxv.[BEG_XH_TIER_CONTROL_150_CNT],0) AS [BEG_XH_TIER_CONTROL_150_CNT]
,NULLIF(pcxhxv.[END_XH_TIER_CONTROL_150_CNT],0) AS [END_XH_TIER_CONTROL_150_CNT]
,NULLIF(pcxhxv.[ADD_XH_TIER_CONTROL_150_CNT],0) AS [ADD_XH_TIER_CONTROL_150_CNT]
,NULLIF(pcxhxv.[BEG_XH_TIER_PREMIER_CNT],0) AS [BEG_XH_TIER_PREMIER_CNT]
,NULLIF(pcxhxv.[END_XH_TIER_PREMIER_CNT],0) AS [END_XH_TIER_PREMIER_CNT]
,NULLIF(pcxhxv.[ADD_XH_TIER_PREMIER_CNT],0) AS [ADD_XH_TIER_PREMIER_CNT]
,NULLIF(pcxhxv.[BEG_XH_TIER_SECURE_PLUS_SERVICE_CNT],0) AS [BEG_XH_TIER_SECURE_PLUS_SERVICE_CNT]
,NULLIF(pcxhxv.[END_XH_TIER_SECURE_PLUS_SERVICE_CNT],0) AS [END_XH_TIER_SECURE_PLUS_SERVICE_CNT]
,NULLIF(pcxhxv.[ADD_XH_TIER_SECURE_PLUS_SERVICE_CNT],0) AS [ADD_XH_TIER_SECURE_PLUS_SERVICE_CNT]

,NULLIF(pcxhxv.[BEG_XH_TIER_SECURITY_SERVICE_CNT],0) AS [BEG_XH_TIER_SECURITY_SERVICE_CNT]
,NULLIF(pcxhxv.[END_XH_TIER_SECURITY_SERVICE_CNT],0) AS [END_XH_TIER_SECURITY_SERVICE_CNT]
,NULLIF(pcxhxv.[ADD_XH_TIER_SECURITY_SERVICE_CNT],0) AS [ADD_XH_TIER_SECURITY_SERVICE_CNT]
,NULLIF(pcxhxv.[BEG_XH_TIER_SECURITY_SERVICE_MODULAR_CNT],0) AS [BEG_XH_TIER_SECURITY_SERVICE_MODULAR_CNT]
,NULLIF(pcxhxv.[END_XH_TIER_SECURITY_SERVICE_MODULAR_CNT],0) AS [END_XH_TIER_SECURITY_SERVICE_MODULAR_CNT]
,NULLIF(pcxhxv.[ADD_XH_TIER_SECURITY_SERVICE_MODULAR_CNT],0) AS [ADD_XH_TIER_SECURITY_SERVICE_MODULAR_CNT]
,NULLIF(pcxhxv.[BEG_XH_TIER_TPS_CNT],0) AS [BEG_XH_TIER_TPS_CNT]
,NULLIF(pcxhxv.[END_XH_TIER_TPS_CNT],0) AS [END_XH_TIER_TPS_CNT]
,NULLIF(pcxhxv.[ADD_XH_TIER_TPS_CNT],0) AS [ADD_XH_TIER_TPS_CNT]
,NULLIF(pcxhxv.[BEG_XH_TIER_SELF_PROTECT_CNT],0) AS [BEG_XH_TIER_SELF_PROTECT_CNT]
,NULLIF(pcxhxv.[END_XH_TIER_SELF_PROTECT_CNT],0) AS [END_XH_TIER_SELF_PROTECT_CNT]
,NULLIF(pcxhxv.[ADD_XH_TIER_SELF_PROTECT_CNT],0) AS [ADD_XH_TIER_SELF_PROTECT_CNT]
,NULLIF(pcxi.[BEG_XI_TIER_BLAST_CNT],0) AS [BEG_XI_TIER_BLAST_CNT]
,NULLIF(pcxi.[END_XI_TIER_BLAST_CNT],0) AS [END_XI_TIER_BLAST_CNT]
,NULLIF(pcxi.[ADD_XI_TIER_BLAST_CNT],0) AS [ADD_XI_TIER_BLAST_CNT]
,NULLIF(pcxi.[BEG_XI_TIER_BLASTPRO_CNT],0) AS [BEG_XI_TIER_BLASTPRO_CNT]
,NULLIF(pcxi.[END_XI_TIER_BLASTPRO_CNT],0) AS [END_XI_TIER_BLASTPRO_CNT]
,NULLIF(pcxi.[ADD_XI_TIER_BLASTPRO_CNT],0) AS [ADD_XI_TIER_BLASTPRO_CNT]
,NULLIF(pcxi.[BEG_XI_TIER_ECONOMY_PLUS_CNT],0) AS [BEG_XI_TIER_ECONOMY_PLUS_CNT]
,NULLIF(pcxi.[END_XI_TIER_ECONOMY_PLUS_CNT],0) AS [END_XI_TIER_ECONOMY_PLUS_CNT]
,NULLIF(pcxi.[ADD_XI_TIER_ECONOMY_PLUS_CNT],0) AS [ADD_XI_TIER_ECONOMY_PLUS_CNT]
,NULLIF(pcxi.[BEG_XI_TIER_EXTREME_CNT],0) AS [BEG_XI_TIER_EXTREME_CNT]
,NULLIF(pcxi.[END_XI_TIER_EXTREME_CNT],0) AS [END_XI_TIER_EXTREME_CNT]
,NULLIF(pcxi.[ADD_XI_TIER_EXTREME_CNT],0) AS [ADD_XI_TIER_EXTREME_CNT]
,NULLIF(pcxi.[BEG_XI_TIER_EXTREME_105_150_CNT],0) AS [BEG_XI_TIER_EXTREME_105_150_CNT]
,NULLIF(pcxi.[END_XI_TIER_EXTREME_105_150_CNT],0) AS [END_XI_TIER_EXTREME_105_150_CNT]
,NULLIF(pcxi.[ADD_XI_TIER_EXTREME_105_150_CNT],0) AS [ADD_XI_TIER_EXTREME_105_150_CNT]

,NULLIF(pcxi.[BEG_XI_TIER_EXTREME_250_CNT],0) AS [BEG_XI_TIER_EXTREME_250_CNT]
,NULLIF(pcxi.[END_XI_TIER_EXTREME_250_CNT],0) AS [END_XI_TIER_EXTREME_250_CNT]
,NULLIF(pcxi.[ADD_XI_TIER_EXTREME_250_CNT],0) AS [ADD_XI_TIER_EXTREME_250_CNT]
,NULLIF(pcxi.[BEG_XI_TIER_EXTREME_250_505_CNT],0) AS [BEG_XI_TIER_EXTREME_250_505_CNT]
,NULLIF(pcxi.[END_XI_TIER_EXTREME_250_505_CNT],0) AS [END_XI_TIER_EXTREME_250_505_CNT]
,NULLIF(pcxi.[ADD_XI_TIER_EXTREME_250_505_CNT],0) AS [ADD_XI_TIER_EXTREME_250_505_CNT]
,NULLIF(pcxi.[BEG_XI_TIER_EXTREME_300_CNT],0) AS [BEG_XI_TIER_EXTREME_300_CNT]
,NULLIF(pcxi.[END_XI_TIER_EXTREME_300_CNT],0) AS [END_XI_TIER_EXTREME_300_CNT]
,NULLIF(pcxi.[ADD_XI_TIER_EXTREME_300_CNT],0) AS [ADD_XI_TIER_EXTREME_300_CNT]
,NULLIF(pcxi.[BEG_XI_TIER_EXTREME_400_CNT],0) AS [BEG_XI_TIER_EXTREME_400_CNT]
,NULLIF(pcxi.[END_XI_TIER_EXTREME_400_CNT],0) AS [END_XI_TIER_EXTREME_400_CNT]
,NULLIF(pcxi.[ADD_XI_TIER_EXTREME_400_CNT],0) AS [ADD_XI_TIER_EXTREME_400_CNT]
,NULLIF(pcxi.[BEG_XI_TIER_GIGABIT_CNT],0) AS [BEG_XI_TIER_GIGABIT_CNT]
,NULLIF(pcxi.[END_XI_TIER_GIGABIT_CNT],0) AS [END_XI_TIER_GIGABIT_CNT]
,NULLIF(pcxi.[ADD_XI_TIER_GIGABIT_CNT],0) AS [ADD_XI_TIER_GIGABIT_CNT]
,NULLIF(pcxi.[BEG_XI_TIER_GIGABIT_INTERNET_CNT],0) AS [BEG_XI_TIER_GIGABIT_INTERNET_CNT]
,NULLIF(pcxi.[END_XI_TIER_GIGABIT_INTERNET_CNT],0) AS [END_XI_TIER_GIGABIT_INTERNET_CNT]
,NULLIF(pcxi.[ADD_XI_TIER_GIGABIT_INTERNET_CNT],0) AS [ADD_XI_TIER_GIGABIT_INTERNET_CNT]
,NULLIF(pcxi.[BEG_XI_TIER_GIGABIT_PRO_CNT],0) AS [BEG_XI_TIER_GIGABIT_PRO_CNT]
,NULLIF(pcxi.[END_XI_TIER_GIGABIT_PRO_CNT],0) AS [END_XI_TIER_GIGABIT_PRO_CNT]
,NULLIF(pcxi.[ADD_XI_TIER_GIGABIT_PRO_CNT],0) AS [ADD_XI_TIER_GIGABIT_PRO_CNT]
,NULLIF(pcxi.[BEG_XI_TIER_HSI_PERFORMANCE_CNT],0) AS [BEG_XI_TIER_HSI_PERFORMANCE_CNT]
,NULLIF(pcxi.[END_XI_TIER_HSI_PERFORMANCE_CNT],0) AS [END_XI_TIER_HSI_PERFORMANCE_CNT]
,NULLIF(pcxi.[ADD_XI_TIER_HSI_PERFORMANCE_CNT],0) AS [ADD_XI_TIER_HSI_PERFORMANCE_CNT]

,NULLIF(pcxi.[BEG_XI_TIER_INTERNET_5_CNT],0) AS [BEG_XI_TIER_INTERNET_5_CNT]
,NULLIF(pcxi.[END_XI_TIER_INTERNET_5_CNT],0) AS [END_XI_TIER_INTERNET_5_CNT]
,NULLIF(pcxi.[ADD_XI_TIER_INTERNET_5_CNT],0) AS [ADD_XI_TIER_INTERNET_5_CNT]
,NULLIF(pcxi.[BEG_XI_TIER_INTERNET_ESSENTIALS_CNT],0) AS [BEG_XI_TIER_INTERNET_ESSENTIALS_CNT]
,NULLIF(pcxi.[END_XI_TIER_INTERNET_ESSENTIALS_CNT],0) AS [END_XI_TIER_INTERNET_ESSENTIALS_CNT]
,NULLIF(pcxi.[ADD_XI_TIER_INTERNET_ESSENTIALS_CNT],0) AS [ADD_XI_TIER_INTERNET_ESSENTIALS_CNT]
,NULLIF(pcxi.[BEG_XI_TIER_PERFORMANCE_100_CNT],0) AS [BEG_XI_TIER_PERFORMANCE_100_CNT]
,NULLIF(pcxi.[END_XI_TIER_PERFORMANCE_100_CNT],0) AS [END_XI_TIER_PERFORMANCE_100_CNT]
,NULLIF(pcxi.[ADD_XI_TIER_PERFORMANCE_100_CNT],0) AS [ADD_XI_TIER_PERFORMANCE_100_CNT]
,NULLIF(pcxi.[BEG_XI_TIER_PERFORMANCE_25_CNT],0) AS [BEG_XI_TIER_PERFORMANCE_25_CNT]
,NULLIF(pcxi.[END_XI_TIER_PERFORMANCE_25_CNT],0) AS [END_XI_TIER_PERFORMANCE_25_CNT]
,NULLIF(pcxi.[ADD_XI_TIER_PERFORMANCE_25_CNT],0) AS [ADD_XI_TIER_PERFORMANCE_25_CNT]
,NULLIF(pcxi.[BEG_XI_TIER_PERFORMANCE_PRO_CNT],0) AS [BEG_XI_TIER_PERFORMANCE_PRO_CNT]
,NULLIF(pcxi.[END_XI_TIER_PERFORMANCE_PRO_CNT],0) AS [END_XI_TIER_PERFORMANCE_PRO_CNT]
,NULLIF(pcxi.[ADD_XI_TIER_PERFORMANCE_PRO_CNT],0) AS [ADD_XI_TIER_PERFORMANCE_PRO_CNT]
,NULLIF(pcxi.[BEG_XI_TIER_PERFORMANCE_SELECT_CNT],0) AS [BEG_XI_TIER_PERFORMANCE_SELECT_CNT]
,NULLIF(pcxi.[END_XI_TIER_PERFORMANCE_SELECT_CNT],0) AS [END_XI_TIER_PERFORMANCE_SELECT_CNT]
,NULLIF(pcxi.[ADD_XI_TIER_PERFORMANCE_SELECT_CNT],0) AS [ADD_XI_TIER_PERFORMANCE_SELECT_CNT]
,NULLIF(pcxi.[BEG_XI_TIER_PERFORMANCE_STARTER_CNT],0) AS [BEG_XI_TIER_PERFORMANCE_STARTER_CNT]
,NULLIF(pcxi.[END_XI_TIER_PERFORMANCE_STARTER_CNT],0) AS [END_XI_TIER_PERFORMANCE_STARTER_CNT]
,NULLIF(pcxi.[ADD_XI_TIER_PERFORMANCE_STARTER_CNT],0) AS [ADD_XI_TIER_PERFORMANCE_STARTER_CNT]
,NULLIF(pcxi.[BEG_XI_TIER_ULTRA_CNT],0) AS [BEG_XI_TIER_ULTRA_CNT]
,NULLIF(pcxi.[END_XI_TIER_ULTRA_CNT],0) AS [END_XI_TIER_ULTRA_CNT]
,NULLIF(pcxi.[ADD_XI_TIER_ULTRA_CNT],0) AS [ADD_XI_TIER_ULTRA_CNT]

,NULLIF(pcxi.[BEG_XI_TIER_UNLIMITED_CNT],0) AS [BEG_XI_TIER_UNLIMITED_CNT]
,NULLIF(pcxi.[END_XI_TIER_UNLIMITED_CNT],0) AS [END_XI_TIER_UNLIMITED_CNT]
,NULLIF(pcxi.[ADD_XI_TIER_UNLIMITED_CNT],0) AS [ADD_XI_TIER_UNLIMITED_CNT]
--Added by SS ON 9/10/21
,NULLIF(pcxi.[BEG_XI_TIER_INTERNET_ESSENTIALS_PLUS_CNT],0) as [BEG_XI_TIER_INTERNET_ESSENTIALS_PLUS_CNT]
,NULLIF(pcxi.[END_XI_TIER_INTERNET_ESSENTIALS_PLUS_CNT],0) as [END_XI_TIER_INTERNET_ESSENTIALS_PLUS_CNT]
,NULLIF(pcxi.[ADD_XI_TIER_INTERNET_ESSENTIALS_PLUS_CNT],0) as [ADD_XI_TIER_INTERNET_ESSENTIALS_PLUS_CNT]
,NULLIF(pcxi.[DROP_XI_TIER_INTERNET_ESSENTIALS_PLUS_CNT],0) as [DROP_XI_TIER_INTERNET_ESSENTIALS_PLUS_CNT]
--Added by SS on 9/10/21
,NULLIF(pcxtv.[BEG_XTV_DGTL_ADD_ON_3D_TV_CNT],0) AS [BEG_XTV_DGTL_ADD_ON_3D_TV_CNT]
,NULLIF(pcxtv.[END_XTV_DGTL_ADD_ON_3D_TV_CNT],0) AS [END_XTV_DGTL_ADD_ON_3D_TV_CNT]
,NULLIF(pcxtv.[ADD_XTV_DGTL_ADD_ON_3D_TV_CNT],0) AS [ADD_XTV_DGTL_ADD_ON_3D_TV_CNT]
,NULLIF(pcxtv.[BEG_XTV_DGTL_ADD_ON_DEPORTES_CNT],0) AS [BEG_XTV_DGTL_ADD_ON_DEPORTES_CNT]
,NULLIF(pcxtv.[END_XTV_DGTL_ADD_ON_DEPORTES_CNT],0) AS [END_XTV_DGTL_ADD_ON_DEPORTES_CNT]
,NULLIF(pcxtv.[ADD_XTV_DGTL_ADD_ON_DEPORTES_CNT],0) AS [ADD_XTV_DGTL_ADD_ON_DEPORTES_CNT]
,NULLIF(pcxtv.[BEG_XTV_DGTL_ADD_ON_ATT_CNT],0) AS [BEG_XTV_DGTL_ADD_ON_ATT_CNT]
,NULLIF(pcxtv.[END_XTV_DGTL_ADD_ON_ATT_CNT],0) AS [END_XTV_DGTL_ADD_ON_ATT_CNT]
,NULLIF(pcxtv.[ADD_XTV_DGTL_ADD_ON_ATT_CNT],0) AS [ADD_XTV_DGTL_ADD_ON_ATT_CNT]
,NULLIF(pcxtv.[BEG_XTV_DGTL_ADD_ON_BASIC_CNT],0) AS [BEG_XTV_DGTL_ADD_ON_BASIC_CNT]
,NULLIF(pcxtv.[END_XTV_DGTL_ADD_ON_BASIC_CNT],0) AS [END_XTV_DGTL_ADD_ON_BASIC_CNT]
,NULLIF(pcxtv.[ADD_XTV_DGTL_ADD_ON_BASIC_CNT],0) AS [ADD_XTV_DGTL_ADD_ON_BASIC_CNT]
,NULLIF(pcxtv.[BEG_XTV_DGTL_ADD_ON_INFORMATION_CNT],0) AS [BEG_XTV_DGTL_ADD_ON_INFORMATION_CNT]
,NULLIF(pcxtv.[END_XTV_DGTL_ADD_ON_INFORMATION_CNT],0) AS [END_XTV_DGTL_ADD_ON_INFORMATION_CNT]
,NULLIF(pcxtv.[ADD_XTV_DGTL_ADD_ON_INFORMATION_CNT],0) AS [ADD_XTV_DGTL_ADD_ON_INFORMATION_CNT]
,NULLIF(pcxtv.[DROP_XTV_DGTL_ADD_ON_INFORMATION_CNT],0) AS [DROP_XTV_DGTL_ADD_ON_INFORMATION_CNT]
,NULLIF(pcxtv.[BEG_XTV_DGTL_ADD_ON_MUSIC_CNT],0) AS [BEG_XTV_DGTL_ADD_ON_MUSIC_CNT]
,NULLIF(pcxtv.[END_XTV_DGTL_ADD_ON_MUSIC_CNT],0) AS [END_XTV_DGTL_ADD_ON_MUSIC_CNT]
,NULLIF(pcxtv.[ADD_XTV_DGTL_ADD_ON_MUSIC_CNT],0) AS [ADD_XTV_DGTL_ADD_ON_MUSIC_CNT]
,NULLIF(pcxtv.[BEG_XTV_DGTL_ADD_ON_STANDARD_CNT],0) AS [BEG_XTV_DGTL_ADD_ON_STANDARD_CNT]
,NULLIF(pcxtv.[END_XTV_DGTL_ADD_ON_STANDARD_CNT],0) AS [END_XTV_DGTL_ADD_ON_STANDARD_CNT]
,NULLIF(pcxtv.[ADD_XTV_DGTL_ADD_ON_STANDARD_CNT],0) AS [ADD_XTV_DGTL_ADD_ON_STANDARD_CNT]
 FROM [NRDP_DM].[dbo].[FACT_ORDERS] C  left join 
  DIM_CURRENT_TODATE D 
  ON C.CALENDAR_DATE = D.CALENDAR_DATE LEFT join
  LKP_DIM_VALUES_ORDERS dv WITH (NOLOCK) 
  ON C.FISCAL_PERIOD_INT =  dv.FISCAL_PERIOD_INT 
  AND c.CALENDAR_DATE = dv.CALENDAR_DATE
  AND c.METRIC_SOURCE = dv.METRIC_SOURCE
  AND c.METRIC_SOURCE_KEY = dv.METRIC_SOURCE_KEY left join 
[DIM_TABULAR_AGENT_SKILL_LOCATION_LKP] agt WITH (NOLOCK)
on C.PERNR_NUM = AGT.PERNR_NUM
AND C.FISCAL_PERIOD_INT = AGT.FISCAL_PERIOD_INT lEFT JOIN
  [dbo].[FACT_AGENT_TRAINING_REF_V] atr WITH (NOLOCK)
  ON c.CALENDAR_DATE=atr.CALENDAR_DATE
  and c.PERNR_NUM= atr.PERNR_NUM  LEFT JOIN
[dbo].[DIM_PRODCAT_ALL_OTHERS_V] pcao
  on c.[PRODCAT_AO_ID]= pcao.[PRODCAT_AO_ID]
  LEFT JOIN [dbo].[DIM_PRODCAT_XH_XTV_XV_TIER_V] pcxhxv
  on c.[PRODCAT_XH_XTV_XV_TIER_ID]= pcxhxv.[PRODCAT_XH_XTV_XV_TIER_ID]
  LEFT JOIN [dbo].[DIM_PRODCAT_XI_TIER_V] pcxi
  ON c.[PRODCAT_XI_TIER_ID] = pcxi.[PRODCAT_XI_TIER_ID]
  LEFT JOIN [dbo].[DIM_PRODCAT_XTV_DGTL_V] pcxtv
  ON c.[PRODCAT_XTV_DGTL_ID]= pcxtv.[PRODCAT_XTV_DGTL_ID]
 WHERE ( C.[PRODCAT_AO_ID]>0 OR C.[PRODCAT_XI_TIER_ID]>0 OR 
 C.[PRODCAT_XTV_DGTL_ID]>0 or c.[PRODCAT_XH_XTV_XV_TIER_ID]>0)
AND c.FISCAL_PERIOD_INT>201812
AND C.CALENDAR_DATE < DATEADD(D,-1,GETDATE())
"
FACT_MDM_ORDERS_57_TO_116_V,"











CREATE VIEW [dbo].[FACT_MDM_ORDERS_57_TO_116_V] AS 
SELECT CAST(1 AS INT) AS SERIES_ID, c.DATEKEY
      ,c.[CALENDAR_DATE]
	  ,c.[FISCAL_PERIOD_INT]
	  ,COALESCE(D.[FISCAL_PERIOD_TODATE_INT],C.[FISCAL_PERIOD_INT]) AS [FISCAL_PERIOD_TODATE_INT]
      ,dv.[PERNR_NUM]
	  ,dv.[CUSTOMER_ACCOUNT_KEY]
      ,dv.[CUSTOMER_EBB_BULK_KEY]
      ,dv.[CUSTOMER_ACCOUNT_DEMO_KEY]
	  ,dv.[NRDP_CALL_ATTRIBUTE_ID]
      ,dv.[NRDP_CLV_ATTRIBUTE_ID]
      ,dv.[TRANSFER_ORIGIN_AGENT_ID]
      ,dv.[TRANSFER_ORIGIN_IACT_ID]
      ,dv.[TENURE_ID]
      ,dv.[BASE_RGU_PROFILE_ID]
      ,COALESCE(dv.SENTIMENT_QA_ID,100000) AS SENTIMENT_QA_ID
      ,dv.[NBX_M2M_ID]
	  ,CASE WHEN dv.PERNR_NUM > 0 AND dv.CUSTOMER_ACCOUNT_ID > 0 THEN 1 ELSE 0 END AS LTR_CANDIDATE_IND
      ,COALESCE(c.[PRODCAT_XTV_DGTL_ID],0) AS [PRODCAT_XTV_DGTL_ID]
      ,COALESCE(c.[PRODCAT_XTV_PPAY_ID],0) AS [PRODCAT_XTV_PPAY_ID]
      ,COALESCE(c.[PRODCAT_XI_TIER_ID],0) AS [PRODCAT_XI_TIER_ID]
      ,COALESCE(c.[PRODCAT_XH_XTV_XV_TIER_ID],0) AS [PRODCAT_XH_XTV_XV_TIER_ID]
      ,COALESCE(c.[PRODCAT_AO_ID],0) AS [PRODCAT_AO_ID]
	  ,COALESCE(dv.CALL_DRIVER_GROUP1_ID,0) AS CALL_DRIVER_GROUP1_ID
	  ,COALESCE(dv.CALL_DRIVER_GROUP2_ID,0) AS CALL_DRIVER_GROUP2_ID
	  ,COALESCE(dv.CALL_DRIVER_GROUP3_ID,0) AS CALL_DRIVER_GROUP3_ID
	  ,COALESCE(dv.SPEECH_QUERY_GROUP1_ID,0) AS SPEECH_QUERY_GROUP1_ID
	  ,COALESCE(dv.SPEECH_QUERY_GROUP2_ID,0) AS SPEECH_QUERY_GROUP2_ID
	  ,coalesce(dv.NRDP_CUST_MAP_ID,-1) as NRDP_CUST_MAP_ID
      ,COALESCE(dv.PRODCAT_EBB_ID,0) AS PRODCAT_EBB_ID
	  ,COALESCE(dv.PRE_NRDP_XAP_EXIT_ID,-1) as PRE_NRDP_XAP_EXIT_ID
      ,COALESCE(dv.MOVE_INCOME_CONSTRAINED_ID,-1) as MOVE_INCOME_CONSTRAINED_ID

	  ,COALESCE(atr.AGENT_TRAINING_ID,-1) AS AGENT_TRAINING_ID
	  ,COALESCE(agt.[AGENT_SKILL_LOCATION_ID],-1) AS AGENT_SKILL_LOCATION_ID 
	  ,COALESCE(agt.SK_PERSON_HIER_ID,-1) AS PERSON_HIER_ID
	  , COALESCE(agt.AGENT_TENURE_HIER_ID,-1) AS AGENT_TENURE_HIER_ID
	  
	  ,NULLIF(pcxtv.[BEG_XTV_DGTL_ADD_ON_VARIETY_CNT],0) AS [BEG_XTV_DGTL_ADD_ON_VARIETY_CNT]
,NULLIF(pcxtv.[END_XTV_DGTL_ADD_ON_VARIETY_CNT],0) AS [END_XTV_DGTL_ADD_ON_VARIETY_CNT]
,NULLIF(pcxtv.[ADD_XTV_DGTL_ADD_ON_VARIETY_CNT],0) AS [ADD_XTV_DGTL_ADD_ON_VARIETY_CNT]
,NULLIF(pcxtv.[BEG_XTV_DGTL_ADD_ON_ENTERTAINMENT_LIFESTYLE_CNT],0) AS [BEG_XTV_DGTL_ADD_ON_ENTERTAINMENT_LIFESTYLE_CNT]
,NULLIF(pcxtv.[END_XTV_DGTL_ADD_ON_ENTERTAINMENT_LIFESTYLE_CNT],0) AS [END_XTV_DGTL_ADD_ON_ENTERTAINMENT_LIFESTYLE_CNT]
,NULLIF(pcxtv.[ADD_XTV_DGTL_ADD_ON_ENTERTAINMENT_LIFESTYLE_CNT],0) AS [ADD_XTV_DGTL_ADD_ON_ENTERTAINMENT_LIFESTYLE_CNT]
,NULLIF(pcxtv.[BEG_XTV_DGTL_ADD_ON_FAMILY_TIER_CNT],0) AS [BEG_XTV_DGTL_ADD_ON_FAMILY_TIER_CNT]
,NULLIF(pcxtv.[END_XTV_DGTL_ADD_ON_FAMILY_TIER_CNT],0) AS [END_XTV_DGTL_ADD_ON_FAMILY_TIER_CNT]
,NULLIF(pcxtv.[ADD_XTV_DGTL_ADD_ON_FAMILY_TIER_CNT],0) AS [ADD_XTV_DGTL_ADD_ON_FAMILY_TIER_CNT]
,NULLIF(pcxtv.[BEG_XTV_DGTL_ADD_ON_KIDS_CNT],0) AS [BEG_XTV_DGTL_ADD_ON_KIDS_CNT]
,NULLIF(pcxtv.[END_XTV_DGTL_ADD_ON_KIDS_CNT],0) AS [END_XTV_DGTL_ADD_ON_KIDS_CNT]
,NULLIF(pcxtv.[ADD_XTV_DGTL_ADD_ON_KIDS_CNT],0) AS [ADD_XTV_DGTL_ADD_ON_KIDS_CNT]
,NULLIF(pcxtv.[BEG_XTV_DGTL_ADD_ON_LATINO_CNT],0) AS [BEG_XTV_DGTL_ADD_ON_LATINO_CNT]
,NULLIF(pcxtv.[END_XTV_DGTL_ADD_ON_LATINO_CNT],0) AS [END_XTV_DGTL_ADD_ON_LATINO_CNT]
,NULLIF(pcxtv.[ADD_XTV_DGTL_ADD_ON_LATINO_CNT],0) AS [ADD_XTV_DGTL_ADD_ON_LATINO_CNT]
,NULLIF(pcxtv.[BEG_XTV_DGTL_ADD_ON_MINI_TIER_CNT],0) AS [BEG_XTV_DGTL_ADD_ON_MINI_TIER_CNT]
,NULLIF(pcxtv.[END_XTV_DGTL_ADD_ON_MINI_TIER_CNT],0) AS [END_XTV_DGTL_ADD_ON_MINI_TIER_CNT]
,NULLIF(pcxtv.[ADD_XTV_DGTL_ADD_ON_MINI_TIER_CNT],0) AS [ADD_XTV_DGTL_ADD_ON_MINI_TIER_CNT]
,NULLIF(pcxtv.[BEG_XTV_DGTL_ADD_ON_MOVIES_MUSIC_TIER_CNT],0) AS [BEG_XTV_DGTL_ADD_ON_MOVIES_MUSIC_TIER_CNT]
,NULLIF(pcxtv.[END_XTV_DGTL_ADD_ON_MOVIES_MUSIC_TIER_CNT],0) AS [END_XTV_DGTL_ADD_ON_MOVIES_MUSIC_TIER_CNT]
,NULLIF(pcxtv.[ADD_XTV_DGTL_ADD_ON_MOVIES_MUSIC_TIER_CNT],0) AS [ADD_XTV_DGTL_ADD_ON_MOVIES_MUSIC_TIER_CNT]
,NULLIF(pcxtv.[BEG_XTV_DGTL_ADD_ON_MOVIES_THEME_PACK_CNT],0) AS [BEG_XTV_DGTL_ADD_ON_MOVIES_THEME_PACK_CNT]
,NULLIF(pcxtv.[END_XTV_DGTL_ADD_ON_MOVIES_THEME_PACK_CNT],0) AS [END_XTV_DGTL_ADD_ON_MOVIES_THEME_PACK_CNT]
,NULLIF(pcxtv.[ADD_XTV_DGTL_ADD_ON_MOVIES_THEME_PACK_CNT],0) AS [ADD_XTV_DGTL_ADD_ON_MOVIES_THEME_PACK_CNT]

,NULLIF(pcxtv.[BEG_XTV_DGTL_ADD_ON_MUSIC_CHOICE_CNT],0) AS [BEG_XTV_DGTL_ADD_ON_MUSIC_CHOICE_CNT]
,NULLIF(pcxtv.[END_XTV_DGTL_ADD_ON_MUSIC_CHOICE_CNT],0) AS [END_XTV_DGTL_ADD_ON_MUSIC_CHOICE_CNT]
,NULLIF(pcxtv.[ADD_XTV_DGTL_ADD_ON_MUSIC_CHOICE_CNT],0) AS [ADD_XTV_DGTL_ADD_ON_MUSIC_CHOICE_CNT]
,NULLIF(pcxtv.[BEG_XTV_DGTL_ADD_ON_NEWS_INFO_THEME_PACK_CNT],0) AS [BEG_XTV_DGTL_ADD_ON_NEWS_INFO_THEME_PACK_CNT]
,NULLIF(pcxtv.[END_XTV_DGTL_ADD_ON_NEWS_INFO_THEME_PACK_CNT],0) AS [END_XTV_DGTL_ADD_ON_NEWS_INFO_THEME_PACK_CNT]
,NULLIF(pcxtv.[ADD_XTV_DGTL_ADD_ON_NEWS_INFO_THEME_PACK_CNT],0) AS [ADD_XTV_DGTL_ADD_ON_NEWS_INFO_THEME_PACK_CNT]
,NULLIF(pcxtv.[BEG_XTV_DGTL_ADD_ON_SPORTS_CNT],0) AS [BEG_XTV_DGTL_ADD_ON_SPORTS_CNT]
,NULLIF(pcxtv.[END_XTV_DGTL_ADD_ON_SPORTS_CNT],0) AS [END_XTV_DGTL_ADD_ON_SPORTS_CNT]
,NULLIF(pcxtv.[ADD_XTV_DGTL_ADD_ON_SPORTS_CNT],0) AS [ADD_XTV_DGTL_ADD_ON_SPORTS_CNT]
,NULLIF(pcxtv.[BEG_XTV_DGTL_ADD_ON_THEME_REVENUE_CNT],0) AS [BEG_XTV_DGTL_ADD_ON_THEME_REVENUE_CNT]
,NULLIF(pcxtv.[END_XTV_DGTL_ADD_ON_THEME_REVENUE_CNT],0) AS [END_XTV_DGTL_ADD_ON_THEME_REVENUE_CNT]
,NULLIF(pcxtv.[ADD_XTV_DGTL_ADD_ON_THEME_REVENUE_CNT],0) AS [ADD_XTV_DGTL_ADD_ON_THEME_REVENUE_CNT]
,NULLIF(pcxtv.[BEG_XTV_DGTL_TIER_BASIC_VIDEO_A_O_CNT],0) AS [BEG_XTV_DGTL_TIER_BASIC_VIDEO_A_O_CNT]
,NULLIF(pcxtv.[END_XTV_DGTL_TIER_BASIC_VIDEO_A_O_CNT],0) AS [END_XTV_DGTL_TIER_BASIC_VIDEO_A_O_CNT]
,NULLIF(pcxtv.[ADD_XTV_DGTL_TIER_BASIC_VIDEO_A_O_CNT],0) AS [ADD_XTV_DGTL_TIER_BASIC_VIDEO_A_O_CNT]
,NULLIF(pcxtv.[BEG_XTV_DGTL_TIER_ECONOMY_CNT],0) AS [BEG_XTV_DGTL_TIER_ECONOMY_CNT]
,NULLIF(pcxtv.[END_XTV_DGTL_TIER_ECONOMY_CNT],0) AS [END_XTV_DGTL_TIER_ECONOMY_CNT]
,NULLIF(pcxtv.[ADD_XTV_DGTL_TIER_ECONOMY_CNT],0) AS [ADD_XTV_DGTL_TIER_ECONOMY_CNT]
,NULLIF(pcxtv.[BEG_XTV_DGTL_TIER_PREFERRED_CNT],0) AS [BEG_XTV_DGTL_TIER_PREFERRED_CNT]
,NULLIF(pcxtv.[END_XTV_DGTL_TIER_PREFERRED_CNT],0) AS [END_XTV_DGTL_TIER_PREFERRED_CNT]
,NULLIF(pcxtv.[ADD_XTV_DGTL_TIER_PREFERRED_CNT],0) AS [ADD_XTV_DGTL_TIER_PREFERRED_CNT]
,NULLIF(pcxtv.[BEG_XTV_DGTL_TIER_STARTER_CNT],0) AS [BEG_XTV_DGTL_TIER_STARTER_CNT]
,NULLIF(pcxtv.[END_XTV_DGTL_TIER_STARTER_CNT],0) AS [END_XTV_DGTL_TIER_STARTER_CNT]
,NULLIF(pcxtv.[ADD_XTV_DGTL_TIER_STARTER_CNT],0) AS [ADD_XTV_DGTL_TIER_STARTER_CNT]

,NULLIF(pcxtv.[BEG_XTV_DGTL_TIER_STARTER_LITE_CNT],0) AS [BEG_XTV_DGTL_TIER_STARTER_LITE_CNT]
,NULLIF(pcxtv.[END_XTV_DGTL_TIER_STARTER_LITE_CNT],0) AS [END_XTV_DGTL_TIER_STARTER_LITE_CNT]
,NULLIF(pcxtv.[ADD_XTV_DGTL_TIER_STARTER_LITE_CNT],0) AS [ADD_XTV_DGTL_TIER_STARTER_LITE_CNT]
,NULLIF(pcxtv.[BEG_XTV_DGTL_TIER_ENTERTAINMENT_CNT],0) AS [BEG_XTV_DGTL_TIER_ENTERTAINMENT_CNT]
,NULLIF(pcxtv.[END_XTV_DGTL_TIER_ENTERTAINMENT_CNT],0) AS [END_XTV_DGTL_TIER_ENTERTAINMENT_CNT]
,NULLIF(pcxtv.[ADD_XTV_DGTL_TIER_ENTERTAINMENT_CNT],0) AS [ADD_XTV_DGTL_TIER_ENTERTAINMENT_CNT]
,NULLIF(pcxtv.[BEG_XTV_DGTL_TIER_GENREPACKS_CNT],0) AS [BEG_XTV_DGTL_TIER_GENREPACKS_CNT]
,NULLIF(pcxtv.[END_XTV_DGTL_TIER_GENREPACKS_CNT],0) AS [END_XTV_DGTL_TIER_GENREPACKS_CNT]
,NULLIF(pcxtv.[ADD_XTV_DGTL_TIER_GENREPACKS_CNT],0) AS [ADD_XTV_DGTL_TIER_GENREPACKS_CNT]
,NULLIF(pcxtv.[BEG_XTV_DGTL_TIER_GET_STARTED_CNT],0) AS [BEG_XTV_DGTL_TIER_GET_STARTED_CNT]
,NULLIF(pcxtv.[END_XTV_DGTL_TIER_GET_STARTED_CNT],0) AS [END_XTV_DGTL_TIER_GET_STARTED_CNT]
,NULLIF(pcxtv.[ADD_XTV_DGTL_TIER_GET_STARTED_CNT],0) AS [ADD_XTV_DGTL_TIER_GET_STARTED_CNT]
,NULLIF(pcxtv.[BEG_XTV_DGTL_TIER_KIDS_FAMILY_CNT],0) AS [BEG_XTV_DGTL_TIER_KIDS_FAMILY_CNT]
,NULLIF(pcxtv.[END_XTV_DGTL_TIER_KIDS_FAMILY_CNT],0) AS [END_XTV_DGTL_TIER_KIDS_FAMILY_CNT]
,NULLIF(pcxtv.[ADD_XTV_DGTL_TIER_KIDS_FAMILY_CNT],0) AS [ADD_XTV_DGTL_TIER_KIDS_FAMILY_CNT]
,NULLIF(pcxtv.[BEG_XTV_DGTL_TIER_SPORTS_NEWS_CNT],0) AS [BEG_XTV_DGTL_TIER_SPORTS_NEWS_CNT]
,NULLIF(pcxtv.[END_XTV_DGTL_TIER_SPORTS_NEWS_CNT],0) AS [END_XTV_DGTL_TIER_SPORTS_NEWS_CNT]
,NULLIF(pcxtv.[ADD_XTV_DGTL_TIER_SPORTS_NEWS_CNT],0) AS [ADD_XTV_DGTL_TIER_SPORTS_NEWS_CNT]
,NULLIF(ppay.[BEG_XTV_PPAY_CINEMAX_CNT],0) AS [BEG_XTV_PPAY_CINEMAX_CNT]
,NULLIF(ppay.[END_XTV_PPAY_CINEMAX_CNT],0) AS [END_XTV_PPAY_CINEMAX_CNT]
,NULLIF(ppay.[ADD_XTV_PPAY_CINEMAX_CNT],0) AS [ADD_XTV_PPAY_CINEMAX_CNT]
,NULLIF(ppay.[BEG_XTV_PPAY_ENCORE_CNT],0) AS [BEG_XTV_PPAY_ENCORE_CNT]
,NULLIF(ppay.[END_XTV_PPAY_ENCORE_CNT],0) AS [END_XTV_PPAY_ENCORE_CNT]
,NULLIF(ppay.[ADD_XTV_PPAY_ENCORE_CNT],0) AS [ADD_XTV_PPAY_ENCORE_CNT]

,NULLIF(ppay.[BEG_XTV_PPAY_EPIX_CNT],0) AS [BEG_XTV_PPAY_EPIX_CNT]
,NULLIF(ppay.[END_XTV_PPAY_EPIX_CNT],0) AS [END_XTV_PPAY_EPIX_CNT]
,NULLIF(ppay.[ADD_XTV_PPAY_EPIX_CNT],0) AS [ADD_XTV_PPAY_EPIX_CNT]
,NULLIF(ppay.[BEG_XTV_PPAY_HBO_CNT],0) AS [BEG_XTV_PPAY_HBO_CNT]
,NULLIF(ppay.[END_XTV_PPAY_HBO_CNT],0) AS [END_XTV_PPAY_HBO_CNT]
,NULLIF(ppay.[ADD_XTV_PPAY_HBO_CNT],0) AS [ADD_XTV_PPAY_HBO_CNT]
,NULLIF(ppay.[BEG_XTV_PPAY_PLAYBOY_CNT],0) AS [BEG_XTV_PPAY_PLAYBOY_CNT]
,NULLIF(ppay.[END_XTV_PPAY_PLAYBOY_CNT],0) AS [END_XTV_PPAY_PLAYBOY_CNT]
,NULLIF(ppay.[ADD_XTV_PPAY_PLAYBOY_CNT],0) AS [ADD_XTV_PPAY_PLAYBOY_CNT]
,NULLIF(ppay.[BEG_XTV_PPAY_SHOWTIME_CNT],0) AS [BEG_XTV_PPAY_SHOWTIME_CNT]
,NULLIF(ppay.[END_XTV_PPAY_SHOWTIME_CNT],0) AS [END_XTV_PPAY_SHOWTIME_CNT]
,NULLIF(ppay.[ADD_XTV_PPAY_SHOWTIME_CNT],0) AS [ADD_XTV_PPAY_SHOWTIME_CNT]
,NULLIF(ppay.[BEG_XTV_PPAY_STARZ_CNT],0) AS [BEG_XTV_PPAY_STARZ_CNT]
,NULLIF(ppay.[END_XTV_PPAY_STARZ_CNT],0) AS [END_XTV_PPAY_STARZ_CNT]
,NULLIF(ppay.[ADD_XTV_PPAY_STARZ_CNT],0) AS [ADD_XTV_PPAY_STARZ_CNT]
,NULLIF(ppay.[BEG_XTV_PPAY_STREAMPIX_CNT],0) AS [BEG_XTV_PPAY_STREAMPIX_CNT]
,NULLIF(ppay.[END_XTV_PPAY_STREAMPIX_CNT],0) AS [END_XTV_PPAY_STREAMPIX_CNT]
,NULLIF(ppay.[ADD_XTV_PPAY_STREAMPIX_CNT],0) AS [ADD_XTV_PPAY_STREAMPIX_CNT]
,NULLIF(ppay.[BEG_XTV_PPAY_TMC_CNT],0) AS [BEG_XTV_PPAY_TMC_CNT]
,NULLIF(ppay.[END_XTV_PPAY_TMC_CNT],0) AS [END_XTV_PPAY_TMC_CNT]
,NULLIF(ppay.[ADD_XTV_PPAY_TMC_CNT],0) AS [ADD_XTV_PPAY_TMC_CNT]
,NULLIF(pcxhxv.[BEG_XTV_TIER_B1_FAT_CNT],0) AS [BEG_XTV_TIER_B1_FAT_CNT]
,NULLIF(pcxhxv.[END_XTV_TIER_B1_FAT_CNT],0) AS [END_XTV_TIER_B1_FAT_CNT]
,NULLIF(pcxhxv.[ADD_XTV_TIER_B1_FAT_CNT],0) AS [ADD_XTV_TIER_B1_FAT_CNT]

,NULLIF(pcxhxv.[BEG_XTV_TIER_B1_IP_VIDEO_CNT],0) AS [BEG_XTV_TIER_B1_IP_VIDEO_CNT]
,NULLIF(pcxhxv.[END_XTV_TIER_B1_IP_VIDEO_CNT],0) AS [END_XTV_TIER_B1_IP_VIDEO_CNT]
,NULLIF(pcxhxv.[ADD_XTV_TIER_B1_IP_VIDEO_CNT],0) AS [ADD_XTV_TIER_B1_IP_VIDEO_CNT]
,NULLIF(pcxhxv.[BEG_XTV_TIER_B1_MODULAR_CNT],0) AS [BEG_XTV_TIER_B1_MODULAR_CNT]
,NULLIF(pcxhxv.[END_XTV_TIER_B1_MODULAR_CNT],0) AS [END_XTV_TIER_B1_MODULAR_CNT]
,NULLIF(pcxhxv.[ADD_XTV_TIER_B1_MODULAR_CNT],0) AS [ADD_XTV_TIER_B1_MODULAR_CNT]
,NULLIF(pcxhxv.[BEG_XTV_TIER_B2_CNT],0) AS [BEG_XTV_TIER_B2_CNT]
,NULLIF(pcxhxv.[END_XTV_TIER_B2_CNT],0) AS [END_XTV_TIER_B2_CNT]
,NULLIF(pcxhxv.[ADD_XTV_TIER_B2_CNT],0) AS [ADD_XTV_TIER_B2_CNT]
,NULLIF(pcxhxv.[BEG_XTV_TIER_LIMITED_ANALOG_CNT],0) AS [BEG_XTV_TIER_LIMITED_ANALOG_CNT]
,NULLIF(pcxhxv.[END_XTV_TIER_LIMITED_ANALOG_CNT],0) AS [END_XTV_TIER_LIMITED_ANALOG_CNT]
,NULLIF(pcxhxv.[ADD_XTV_TIER_LIMITED_ANALOG_CNT],0) AS [ADD_XTV_TIER_LIMITED_ANALOG_CNT]
,NULLIF(pcxhxv.[BEG_XV_TIER_LOCAL_CNT],0) AS [BEG_XV_TIER_LOCAL_CNT]
,NULLIF(pcxhxv.[END_XV_TIER_LOCAL_CNT],0) AS [END_XV_TIER_LOCAL_CNT]
,NULLIF(pcxhxv.[ADD_XV_TIER_LOCAL_CNT],0) AS [ADD_XV_TIER_LOCAL_CNT]
,NULLIF(pcxhxv.[BEG_XV_TIER_UNLIMITED_CNT],0) AS [BEG_XV_TIER_UNLIMITED_CNT]
,NULLIF(pcxhxv.[END_XV_TIER_UNLIMITED_CNT],0) AS [END_XV_TIER_UNLIMITED_CNT]
,NULLIF(pcxhxv.[ADD_XV_TIER_UNLIMITED_CNT],0) AS [ADD_XV_TIER_UNLIMITED_CNT]
,NULLIF(pcxhxv.[BEG_XV_TIER_UNLIMITED_SAVER_CNT],0) AS [BEG_XV_TIER_UNLIMITED_SAVER_CNT]
,NULLIF(pcxhxv.[END_XV_TIER_UNLIMITED_SAVER_CNT],0) AS [END_XV_TIER_UNLIMITED_SAVER_CNT]
,NULLIF(pcxhxv.[ADD_XV_TIER_UNLIMITED_SAVER_CNT],0) AS [ADD_XV_TIER_UNLIMITED_SAVER_CNT]
,NULLIF(pcxhxv.[BEG_XV_TIER_UNLIMITED_SELECT_CNT],0) AS [BEG_XV_TIER_UNLIMITED_SELECT_CNT]
,NULLIF(pcxhxv.[END_XV_TIER_UNLIMITED_SELECT_CNT],0) AS [END_XV_TIER_UNLIMITED_SELECT_CNT]
,NULLIF(pcxhxv.[ADD_XV_TIER_UNLIMITED_SELECT_CNT],0) AS [ADD_XV_TIER_UNLIMITED_SELECT_CNT]




,NULLIF(c.[BEG_FOREIGN_PAY_TV_CNT],0) AS [BEG_FOREIGN_PAY_TV_CNT]
,NULLIF(c.[END_FOREIGN_PAY_TV_CNT],0) AS [END_FOREIGN_PAY_TV_CNT]
,NULLIF(c.[ADD_FOREIGN_PAY_TV_CNT],0) AS [ADD_FOREIGN_PAY_TV_CNT]
,NULLIF(c.[BEG_PPV_SPORTS_PACKAGE_CNT],0) AS [BEG_PPV_SPORTS_PACKAGE_CNT]
,NULLIF(c.[END_PPV_SPORTS_PACKAGE_CNT],0) AS [END_PPV_SPORTS_PACKAGE_CNT]
,NULLIF(c.[ADD_PPV_SPORTS_PACKAGE_CNT],0) AS [ADD_PPV_SPORTS_PACKAGE_CNT]
,NULLIF(c.[BEG_SUBSCRIPTION_VOD_CNT],0) AS [BEG_SUBSCRIPTION_VOD_CNT]
,NULLIF(c.[END_SUBSCRIPTION_VOD_CNT],0) AS [END_SUBSCRIPTION_VOD_CNT]
,NULLIF(c.[ADD_SUBSCRIPTION_VOD_CNT],0) AS [ADD_SUBSCRIPTION_VOD_CNT]
,NULLIF(c.[BEG_XH_EQUIP_CNT],0) AS [BEG_XH_EQUIP_CNT]
,NULLIF(c.[END_XH_EQUIP_CNT],0) AS [END_XH_EQUIP_CNT]
,NULLIF(c.[ADD_XH_EQUIP_CNT],0) AS [ADD_XH_EQUIP_CNT]
,NULLIF(c.[BEG_XI_EQUIP_WIRELESS_GTWY_FIBER_CDV_HSD_CNT],0) AS [BEG_XI_EQUIP_WIRELESS_GTWY_FIBER_CDV_HSD_CNT]
,NULLIF(c.[END_XI_EQUIP_WIRELESS_GTWY_FIBER_CDV_HSD_CNT],0) AS [END_XI_EQUIP_WIRELESS_GTWY_FIBER_CDV_HSD_CNT]
,NULLIF(c.[ADD_XI_EQUIP_WIRELESS_GTWY_FIBER_CDV_HSD_CNT],0) AS [ADD_XI_EQUIP_WIRELESS_GTWY_FIBER_CDV_HSD_CNT]
,NULLIF(c.[BEG_XV_EQUIP_CNT],0) AS [BEG_XV_EQUIP_CNT]
,NULLIF(c.[END_XV_EQUIP_CNT],0) AS [END_XV_EQUIP_CNT]
,NULLIF(c.[ADD_XV_EQUIP_CNT],0) AS [ADD_XV_EQUIP_CNT]
,NULLIF(c.[BEG_XTV_EQUIP_CNT],0) AS [BEG_XTV_EQUIP_CNT]
,NULLIF(c.[END_XTV_EQUIP_CNT],0) AS [END_XTV_EQUIP_CNT]
,NULLIF(c.[ADD_XTV_EQUIP_CNT],0) AS [ADD_XTV_EQUIP_CNT]
,NULLIF(c.[BEG_XTV_EQUIP_ADVANCED_CNT],0) AS [BEG_XTV_EQUIP_ADVANCED_CNT]
,NULLIF(c.[END_XTV_EQUIP_ADVANCED_CNT],0) AS [END_XTV_EQUIP_ADVANCED_CNT]
,NULLIF(c.[ADD_XTV_EQUIP_ADVANCED_CNT],0) AS [ADD_XTV_EQUIP_ADVANCED_CNT]
,NULLIF(c.[BEG_XV_XI_CUST_OWNED_EQUIP_CNT],0) AS [BEG_XV_XI_CUST_OWNED_EQUIP_CNT]
,NULLIF(c.[END_XV_XI_CUST_OWNED_EQUIP_CNT],0) AS [END_XV_XI_CUST_OWNED_EQUIP_CNT]
,NULLIF(c.[ADD_XV_XI_CUST_OWNED_EQUIP_CNT],0) AS [ADD_XV_XI_CUST_OWNED_EQUIP_CNT]
,NULLIF(c.[BEG_BROADCAST_TV_FEES_AMT],0) AS [BEG_BROADCAST_TV_FEES_AMT]
,NULLIF(c.[END_BROADCAST_TV_FEES_AMT],0) AS [END_BROADCAST_TV_FEES_AMT]
,NULLIF(c.[ADD_BROADCAST_TV_FEES_AMT],0) AS [ADD_BROADCAST_TV_FEES_AMT]
,NULLIF(c.[BEG_REGIONAL_SPORTS_NETWORK_FEES_AMT],0) AS [BEG_REGIONAL_SPORTS_NETWORK_FEES_AMT]
,NULLIF(c.[END_REGIONAL_SPORTS_NETWORK_FEES_AMT],0) AS [END_REGIONAL_SPORTS_NETWORK_FEES_AMT]
,NULLIF(c.[ADD_REGIONAL_SPORTS_NETWORK_FEES_AMT],0) AS [ADD_REGIONAL_SPORTS_NETWORK_FEES_AMT]
,NULLIF(pcao.[BEG_XI_EQUIP_XFI_WIRELESS_GTWY_XB3_CNT],0) AS [BEG_XI_EQUIP_XFI_WIRELESS_GTWY_XB3_CNT]
,NULLIF(pcao.[END_XI_EQUIP_XFI_WIRELESS_GTWY_XB3_CNT],0) AS [END_XI_EQUIP_XFI_WIRELESS_GTWY_XB3_CNT]
,NULLIF(pcao.[ADD_XI_EQUIP_XFI_WIRELESS_GTWY_XB3_CNT],0) AS [ADD_XI_EQUIP_XFI_WIRELESS_GTWY_XB3_CNT]


,NULLIF(pcao.[BEG_XFI_ADVANTAGE_CNT],0) AS [BEG_XFI_ADVANTAGE_CNT]
,NULLIF(pcao.[END_XFI_ADVANTAGE_CNT],0) AS [END_XFI_ADVANTAGE_CNT]
,NULLIF(pcao.[ADD_XFI_ADVANTAGE_CNT],0) AS [ADD_XFI_ADVANTAGE_CNT]
,NULLIF(pcao.[BEG_XI_EQUIP_XFI_ADVANCED_GTWY_XB6_CNT],0) AS [BEG_XI_EQUIP_XFI_ADVANCED_GTWY_XB6_CNT]
,NULLIF(pcao.[END_XI_EQUIP_XFI_ADVANCED_GTWY_XB6_CNT],0) AS [END_XI_EQUIP_XFI_ADVANCED_GTWY_XB6_CNT]
,NULLIF(pcao.[ADD_XI_EQUIP_XFI_ADVANCED_GTWY_XB6_CNT],0) AS [ADD_XI_EQUIP_XFI_ADVANCED_GTWY_XB6_CNT]
,NULLIF(ppay.[BEG_XTV_PPAY_EXTRA_CHANNELS_PACK_CNT],0) AS [BEG_XTV_PPAY_EXTRA_CHANNELS_PACK_CNT]
,NULLIF(ppay.[END_XTV_PPAY_EXTRA_CHANNELS_PACK_CNT],0) AS [END_XTV_PPAY_EXTRA_CHANNELS_PACK_CNT]
,NULLIF(ppay.[ADD_XTV_PPAY_EXTRA_CHANNELS_PACK_CNT],0) AS [ADD_XTV_PPAY_EXTRA_CHANNELS_PACK_CNT]
,NULLIF(ppay.[BEG_XTV_PPAY_PREFERRED_PLUS_CHANNELS_PACK_CNT],0) AS [BEG_XTV_PPAY_PREFERRED_PLUS_CHANNELS_PACK_CNT]
,NULLIF(ppay.[END_XTV_PPAY_PREFERRED_PLUS_CHANNELS_PACK_CNT],0) AS [END_XTV_PPAY_PREFERRED_PLUS_CHANNELS_PACK_CNT]
,NULLIF(ppay.[ADD_XTV_PPAY_PREFERRED_PLUS_CHANNELS_PACK_CNT],0) AS [ADD_XTV_PPAY_PREFERRED_PLUS_CHANNELS_PACK_CNT]
,NULLIF(pcxi.[BEG_XI_TIER_BLASTPRO_PLUS_CNT],0) AS [BEG_XI_TIER_BLASTPRO_PLUS_CNT]
,NULLIF(pcxi.[END_XI_TIER_BLASTPRO_PLUS_CNT],0) AS [END_XI_TIER_BLASTPRO_PLUS_CNT]
,NULLIF(pcxi.[ADD_XI_TIER_BLASTPRO_PLUS_CNT],0) AS [ADD_XI_TIER_BLASTPRO_PLUS_CNT]
,NULLIF(pcxi.[BEG_XI_TIER_EXTREME_PRO_PLUS_CNT],0) AS [BEG_XI_TIER_EXTREME_PRO_PLUS_CNT]
,NULLIF(pcxi.[END_XI_TIER_EXTREME_PRO_PLUS_CNT],0) AS [END_XI_TIER_EXTREME_PRO_PLUS_CNT]
,NULLIF(pcxi.[ADD_XI_TIER_EXTREME_PRO_PLUS_CNT],0) AS [ADD_XI_TIER_EXTREME_PRO_PLUS_CNT]
,NULLIF(pcxi.[BEG_XI_TIER_PERFORMANCE_PRO_PLUS_CNT],0) AS [BEG_XI_TIER_PERFORMANCE_PRO_PLUS_CNT]
,NULLIF(pcxi.[END_XI_TIER_PERFORMANCE_PRO_PLUS_CNT],0) AS [END_XI_TIER_PERFORMANCE_PRO_PLUS_CNT]
,NULLIF(pcxi.[ADD_XI_TIER_PERFORMANCE_PRO_PLUS_CNT],0) AS [ADD_XI_TIER_PERFORMANCE_PRO_PLUS_CNT]
,NULLIF(pcxi.[BEG_XI_TIER_PERFORMANCE_STARTER_PLUS_CNT],0) AS [BEG_XI_TIER_PERFORMANCE_STARTER_PLUS_CNT]
,NULLIF(pcxi.[END_XI_TIER_PERFORMANCE_STARTER_PLUS_CNT],0) AS [END_XI_TIER_PERFORMANCE_STARTER_PLUS_CNT]
,NULLIF(pcxi.[ADD_XI_TIER_PERFORMANCE_STARTER_PLUS_CNT],0) AS [ADD_XI_TIER_PERFORMANCE_STARTER_PLUS_CNT]

--ADDED BY SS ON 10/22/21 5.0 XI TIERS

,NULLIF(pcxi.[BEG_XI_TIER_CONNECT_CNT],0) AS [BEG_XI_TIER_CONNECT_CNT]
,NULLIF(pcxi.[END_XI_TIER_CONNECT_CNT],0) AS [END_XI_TIER_CONNECT_CNT]
,NULLIF(pcxi.[ADD_XI_TIER_CONNECT_CNT],0) AS [ADD_XI_TIER_CONNECT_CNT]

,NULLIF(pcxi.[BEG_XI_TIER_CONNECT_MORE_CNT],0) AS [BEG_XI_TIER_CONNECT_MORE_CNT]
,NULLIF(pcxi.[END_XI_TIER_CONNECT_MORE_CNT],0) AS [END_XI_TIER_CONNECT_MORE_CNT]
,NULLIF(pcxi.[ADD_XI_TIER_CONNECT_MORE_CNT],0) AS [ADD_XI_TIER_CONNECT_MORE_CNT]

,NULLIF(pcxi.[BEG_XI_TIER_CONNECT_FAST_CNT],0) AS [BEG_XI_TIER_CONNECT_FAST_CNT]
,NULLIF(pcxi.[END_XI_TIER_CONNECT_FAST_CNT],0) AS [END_XI_TIER_CONNECT_FAST_CNT]
,NULLIF(pcxi.[ADD_XI_TIER_CONNECT_FAST_CNT],0) AS [ADD_XI_TIER_CONNECT_FAST_CNT]

,NULLIF(pcxi.[BEG_XI_TIER_CONNECT_SUPERFAST_CNT],0) AS [BEG_XI_TIER_CONNECT_SUPERFAST_CNT]
,NULLIF(pcxi.[END_XI_TIER_CONNECT_SUPERFAST_CNT],0) AS [END_XI_TIER_CONNECT_SUPERFAST_CNT]
,NULLIF(pcxi.[ADD_XI_TIER_CONNECT_SUPERFAST_CNT],0) AS [ADD_XI_TIER_CONNECT_SUPERFAST_CNT]

,NULLIF(pcxi.[BEG_XI_TIER_CONNECT_ULTRAFAST_CNT],0) AS [BEG_XI_TIER_CONNECT_ULTRAFAST_CNT]
,NULLIF(pcxi.[END_XI_TIER_CONNECT_ULTRAFAST_CNT],0) AS [END_XI_TIER_CONNECT_ULTRAFAST_CNT]
,NULLIF(pcxi.[ADD_XI_TIER_CONNECT_ULTRAFAST_CNT],0) AS [ADD_XI_TIER_CONNECT_ULTRAFAST_CNT]

--,NULLIF(pcao.[BEG_XI_EQUIP_XFI_ADVANCED_GTWY_XB6_CNT],0) AS [BEG_XI_EQUIP_XFI_ADVANCED_GTWY_XB6_CNT]
--,NULLIF(pcao.[END_XI_EQUIP_XFI_ADVANCED_GTWY_XB6_CNT],0) AS [END_XI_EQUIP_XFI_ADVANCED_GTWY_XB6_CNT]
--,NULLIF(pcao.[ADD_XI_EQUIP_XFI_ADVANCED_GTWY_XB6_CNT],0) AS [ADD_XI_EQUIP_XFI_ADVANCED_GTWY_XB6_CNT]

,NULLIF(pcao.[BEG_XI_EQUIP_XFI_GTWY_3RD_GEN_XB7_CNT],0) AS  [BEG_XI_EQUIP_XFI_GTWY_3RD_GEN_XB7_CNT]
,NULLIF(pcao.[END_XI_EQUIP_XFI_GTWY_3RD_GEN_XB7_CNT],0) AS [END_XI_EQUIP_XFI_GTWY_3RD_GEN_XB7_CNT]
,NULLIF(pcao.[ADD_XI_EQUIP_XFI_GTWY_3RD_GEN_XB7_CNT],0) AS [ADD_XI_EQUIP_XFI_GTWY_3RD_GEN_XB7_CNT]

,NULLIF(pcao.[BEG_XI_EQUIP_XFI_FIBER_GTWY_XF3_CNT],0) AS [BEG_XI_EQUIP_XFI_FIBER_GTWY_XF3_CNT]
,NULLIF(pcao.[END_XI_EQUIP_XFI_FIBER_GTWY_XF3_CNT],0) AS [END_XI_EQUIP_XFI_FIBER_GTWY_XF3_CNT]
,NULLIF(pcao.[ADD_XI_EQUIP_XFI_FIBER_GTWY_XF3_CNT],0) AS [ADD_XI_EQUIP_XFI_FIBER_GTWY_XF3_CNT]

,NULLIF(pcao.[BEG_ACCESSIBILITY_CUSTOMER_TRACKING_CNT],0) AS [BEG_ACCESSIBILITY_CUSTOMER_TRACKING_CNT]
,NULLIF(pcao.[END_ACCESSIBILITY_CUSTOMER_TRACKING_CNT],0) AS [END_ACCESSIBILITY_CUSTOMER_TRACKING_CNT]
,NULLIF(pcao.[ADD_ACCESSIBILITY_CUSTOMER_TRACKING_CNT],0) AS [ADD_ACCESSIBILITY_CUSTOMER_TRACKING_CNT]

,NULLIF(pcao.[BEG_XFI_COMPLETE_CNT],0) AS [BEG_XFI_COMPLETE_CNT]
,NULLIF(pcao.[END_XFI_COMPLETE_CNT],0) AS [END_XFI_COMPLETE_CNT]
,NULLIF(pcao.[ADD_XFI_COMPLETE_CNT],0) AS [ADD_XFI_COMPLETE_CNT]

,NULLIF(pcao.[BEG_XI_EQUIP_XFI_GTWY_4TH_GEN_XB8_CNT],0) AS [BEG_XI_EQUIP_XFI_GTWY_4TH_GEN_XB8_CNT]
,NULLIF(pcao.[END_XI_EQUIP_XFI_GTWY_4TH_GEN_XB8_CNT],0) AS [END_XI_EQUIP_XFI_GTWY_4TH_GEN_XB8_CNT]
,NULLIF(pcao.[ADD_XI_EQUIP_XFI_GTWY_4TH_GEN_XB8_CNT],0) AS [ADD_XI_EQUIP_XFI_GTWY_4TH_GEN_XB8_CNT]

,NULLIF(ppay.[BEG_XTV_PPAY_HBO_MAX_CNT],0) AS [BEG_XTV_PPAY_HBO_MAX_CNT]
,NULLIF(ppay.[END_XTV_PPAY_HBO_MAX_CNT],0) AS [END_XTV_PPAY_HBO_MAX_CNT]
,NULLIF(ppay.[ADD_XTV_PPAY_HBO_MAX_CNT],0) AS [ADD_XTV_PPAY_HBO_MAX_CNT]

  FROM [NRDP_DM].[dbo].[FACT_ORDERS_COMPLEX_CALCS_V] c   left join 
  DIM_CURRENT_TODATE D 
  ON C.CALENDAR_DATE = D.CALENDAR_DATE LEFT join
  LKP_DIM_VALUES_ORDERS dv WITH (NOLOCK) 
  ON C.FISCAL_PERIOD_INT =  dv.FISCAL_PERIOD_INT 
  AND c.CALENDAR_DATE = dv.CALENDAR_DATE
  AND c.METRIC_SOURCE = dv.METRIC_SOURCE
  AND c.METRIC_SOURCE_KEY = dv.METRIC_SOURCE_KEY left join 
[DIM_TABULAR_AGENT_SKILL_LOCATION_LKP] agt WITH (NOLOCK)
on C.PERNR_NUM = AGT.PERNR_NUM
AND C.FISCAL_PERIOD_INT = AGT.FISCAL_PERIOD_INT lEFT JOIN
  [dbo].[FACT_AGENT_TRAINING_REF_V] atr WITH (NOLOCK)
  ON c.CALENDAR_DATE=atr.CALENDAR_DATE
  and c.PERNR_NUM= atr.PERNR_NUM 
  LEFT JOIN [dbo].[DIM_PRODCAT_XTV_DGTL_V] pcxtv
  ON c.[PRODCAT_XTV_DGTL_ID]= pcxtv.[PRODCAT_XTV_DGTL_ID]
  LEFT JOIN [dbo].[DIM_PRODCAT_XH_XTV_XV_TIER_V] pcxhxv
  on c.[PRODCAT_XH_XTV_XV_TIER_ID]= pcxhxv.[PRODCAT_XH_XTV_XV_TIER_ID]
  LEFT JOIN [dbo].[DIM_PRODCAT_XTV_PPAY_V] ppay
  on c.[PRODCAT_XTV_PPAY_ID]= ppay.[PRODCAT_XTV_PPAY_ID]
  LEFT JOIN [dbo].[DIM_PRODCAT_XI_TIER_V] pcxi
  ON c.[PRODCAT_XI_TIER_ID] = pcxi.[PRODCAT_XI_TIER_ID]
  LEFT JOIN  [dbo].[DIM_PRODCAT_ALL_OTHERS_V]  pcao
  ON c.[PRODCAT_AO_ID] = pcao.[PRODCAT_AO_ID]

WHERE (c.[PRODCAT_XTV_DGTL_ID] > 0
OR c.[PRODCAT_XH_XTV_XV_TIER_ID] > 0
OR c.[PRODCAT_XTV_PPAY_ID] > 0
OR c.[PRODCAT_XI_TIER_ID] > 0
OR c.[PRODCAT_AO_ID] > 0
) 
  and c.FISCAL_PERIOD_INT > 201812
  AND  C.CALENDAR_DATE < DATEADD(D,-1,GETDATE())
"
FACT_MDM_ORDERS_CANCELLED_V,"

CREATE VIEW [dbo].[FACT_MDM_ORDERS_CANCELLED_V]
AS
SELECT CAST(1 AS INT) AS SERIES_ID,  C.[FISCAL_PERIOD_INT]
	  ,COALESCE(D.[FISCAL_PERIOD_TODATE_INT],C.FISCAL_PERIOD_INT) AS FISCAL_PERIOD_TODATE_INT
      ,C.[CALENDAR_DATE]
      ,CAST(Convert(CHAR(8),C.[CALENDAR_DATE],112) AS INT) AS [DATEKEY]
      ,C.[METRIC_SOURCE]
      --,C.[METRIC_SOURCE_KEY]
      ,C.CUBE_CUSTOMER_ACCOUNT_KEY  % 100 AS CUSTOMER_ACCOUNT_KEY
      , COALESCE(EBB.CUSTOMER_EBB_BULK_KEY,0) AS CUSTOMER_EBB_BULK_KEY -- Added by SS ON 7/19/21

,CAST(-1 AS INTEGER) CUSTOMER_ACCOUNT_DEMO_KEY -- Added by SS ON 7/19/21 --
,CAST(-1 AS INTEGER) MOVE_INCOME_CONSTRAINED_ID
      ,c.[PERNR_NUM]
    --  ,c.[NRDP_AGENT_FISCAL_PERIOD_ID]
      ,[NRDP_CALL_ATTRIBUTE_ID]
      ,[NRDP_CLV_ATTRIBUTE_ID]
      ,[BASE_RGU_PROFILE_ID]
      ,-1 as [TRANSFER_ORIGIN_AGENT_ID]
      ,-1 as [TRANSFER_ORIGIN_IACT_ID]
      ,[TENURE_ID]
      ,-1 AS NBX_M2M_ID
      ,10000 AS SENTIMENT_QA_ID
      ,-1 AS AGENT_TRAINING_ID
	  ,5000 AS CALL_DRIVER_QUERY_ID
      ,COALESCE(agt.[AGENT_SKILL_LOCATION_ID],-1) AS AGENT_SKILL_LOCATION_ID 
      ,COALESCE(agt.SK_PERSON_HIER_ID,-1) AS PERSON_HIER_ID
      , COALESCE(agt.AGENT_TENURE_HIER_ID,-1) AS AGENT_TENURE_HIER_ID
,-1 as NRDP_CUST_MAP_ID
	  ,[SERVICE_ORDER_STATUS_CD]
,[BEG_SUB_CNT] as [CANCELLED_BEG_SUB_CNT]
,[END_SUB_CNT] as [CANCELLED_END_SUB_CNT]
,[BEG_SUB_XTV_RGU_CNT] as [CANCELLED_BEG_SUB_XTV_RGU_CNT]
,[END_SUB_XTV_RGU_CNT] as [CANCELLED_END_SUB_XTV_RGU_CNT]
,[BEG_SUB_XH_RGU_CNT] as [CANCELLED_BEG_SUB_XH_RGU_CNT]
,[END_SUB_XH_RGU_CNT] as [CANCELLED_END_SUB_XH_RGU_CNT]
,[BEG_SUB_XV_RGU_CNT] as [CANCELLED_BEG_SUB_XV_RGU_CNT]
,[END_SUB_XV_RGU_CNT] as [CANCELLED_END_SUB_XV_RGU_CNT]
,[BEG_SUB_XI_RGU_CNT] as [CANCELLED_BEG_SUB_XI_RGU_CNT]
,[END_SUB_XI_RGU_CNT] as [CANCELLED_END_SUB_XI_RGU_CNT]
,[BEG_SUB_XM_RGU_CNT] as [CANCELLED_BEG_SUB_XM_RGU_CNT]
,[END_SUB_XM_RGU_CNT] as [CANCELLED_END_SUB_XM_RGU_CNT]
, CASE WHEN COALESCE([BEG_SUB_XTV_RGU_CNT],0) = 0 THEN [END_SUB_XTV_RGU_CNT] ELSE 0 END AS [CANCELLED_ADD_SUB_XTV_RGU_CNT]
, CASE WHEN COALESCE([END_SUB_XTV_RGU_CNT],0) = 0 THEN [BEG_SUB_XTV_RGU_CNT] ELSE 0 END AS [CANCELLED_DROP_SUB_XTV_RGU_CNT]

, CASE WHEN COALESCE([BEG_SUB_XI_RGU_CNT],0) = 0 THEN [END_SUB_XI_RGU_CNT] ELSE 0 END AS [CANCELLED_ADD_SUB_XI_RGU_CNT]
, CASE WHEN COALESCE([END_SUB_XI_RGU_CNT],0) = 0 THEN [BEG_SUB_XI_RGU_CNT] ELSE 0 END AS [CANCELLED_DROP_SUB_XI_RGU_CNT]

, CASE WHEN COALESCE([BEG_SUB_XV_RGU_CNT],0) = 0 THEN [END_SUB_XV_RGU_CNT] ELSE 0 END AS [CANCELLED_ADD_SUB_XV_RGU_CNT]
, CASE WHEN COALESCE([END_SUB_XV_RGU_CNT],0) = 0 THEN [BEG_SUB_XV_RGU_CNT] ELSE 0 END AS [CANCELLED_DROP_SUB_XV_RGU_CNT]

, CASE WHEN COALESCE([BEG_SUB_XH_RGU_CNT],0) = 0 THEN [END_SUB_XH_RGU_CNT] ELSE 0 END AS [CANCELLED_ADD_SUB_XH_RGU_CNT]
, CASE WHEN COALESCE([END_SUB_XH_RGU_CNT],0) = 0 THEN [BEG_SUB_XH_RGU_CNT] ELSE 0 END AS [CANCELLED_DROP_SUB_XH_RGU_CNT]

, CASE WHEN COALESCE([BEG_SUB_XM_RGU_CNT],0) = 0 THEN [END_SUB_XM_RGU_CNT] ELSE 0 END AS [CANCELLED_ADD_SUB_XM_RGU_CNT]
, CASE WHEN COALESCE([END_SUB_XM_RGU_CNT],0) = 0 THEN [BEG_SUB_XM_RGU_CNT] ELSE 0 END AS [CANCELLED_DROP_SUB_XM_RGU_CNT]


,[FULL_RGU4_DROP_CNT] as [CANCELLED_FULL_RGU4_DROP_CNT]
,[FULL_RGU5_DROP_CNT] as [CANCELLED_FULL_RGU5_DROP_CNT]
	  ,CASE WHEN BEG_SUB_CNT = 0 AND  END_SUB_CNT>BEG_SUB_CNT THEN 1 ELSE 0 END as  CANCELLED_NEW_CUST_CONNECTS
      ,CASE WHEN BEG_SUB_CNT=1 AND END_SUB_CNT = 0 THEN 1 ELSE 0 END AS CANCELLED_FULL_CUST_DISCO_CNT
---	  ,DAYS_CANCELLED_CNT
	  ,1 AS CANCELLED_WO_COUNT
,COALESCE(EBB.PRODCAT_EBB_ID,0) AS PRODCAT_EBB_ID
  FROM [NRDP_DM].[dbo].[FACT_ORDERS_PEND_CANCEL] C left join 
  DIM_CURRENT_TODATE D 
  ON C.CALENDAR_DATE = D.CALENDAR_DATE  left join 
[DIM_TABULAR_AGENT_SKILL_LOCATION_LKP] agt
on C.PERNR_NUM = AGT.PERNR_NUM
AND C.FISCAL_PERIOD_INT = AGT.FISCAL_PERIOD_INT 
--  left JOIN 
--DIM_CUSTOMER_CUST_MAP_LKP_V CM 
--ON C.CUBE_CUSTOMER_ACCOUNT_KEY  = CM.BASE_CUSTOMER_ACCOUNT_KEY
--AND coalesce(C.NRDP_CUST_MAP_ID,-1)  = CM.NRDP_CUST_MAP_ID
left join FACT_EBB_BULK_REF EBB with (nolock)
    on c.[FISCAL_PERIOD_INT] = EBB.[FISCAL_PERIOD_INT]
  and c.[METRIC_SOURCE] = EBB.[METRIC_SOURCE]
  and  c.[CALENDAR_DATE] =EBB.[CALENDAR_DATE]
  and c.[METRIC_SOURCE_KEY] = EBB.[METRIC_SOURCE_KEY]
  WHERE c.PERNR_NUM > 0 AND SERVICE_ORDER_STATUS_CD='CANCELLED'
  AND  C.CALENDAR_DATE < DATEADD(D,-1,GETDATE())
 and C.FISCAL_PERIOD_INT > 201812
"
FACT_MDM_ORDERS_PENDING_AGENT_DAY_V,"CREATE VIEW [dbo].[FACT_MDM_ORDERS_PENDING_AGENT_DAY_V]
AS
SELECT CAST(1 AS INT) AS SERIES_ID,   V.[FISCAL_PERIOD_INT]
	  ,COALESCE(D.[FISCAL_PERIOD_TODATE_INT],v.[FISCAL_PERIOD_INT]) AS [FISCAL_PERIOD_TODATE_INT]
      ,V.[CALENDAR_DATE]
      ,v. DATEKEY
      ,V.PERNR_NUM 
      ,COALESCE(agt.[AGENT_SKILL_LOCATION_ID],-1) AS AGENT_SKILL_LOCATION_ID 
      ,COALESCE(agt.SK_PERSON_HIER_ID,-1) AS PERSON_HIER_ID
      , COALESCE(agt.AGENT_TENURE_HIER_ID,-1) AS AGENT_TENURE_HIER_ID
      --,V.NRDP_AGENT_FISCAL_PERIOD_ID

,1 AS PENDING_PERNR_DAY_CNT
FROM            FACT_TABULAR_ORDERS_PENDING_V  V left join 
  DIM_CURRENT_TODATE D 
  ON V.CALENDAR_DATE = D.CALENDAR_DATE JOIN 
[dbo].[DIM_TABULAR_AGENT_SKILL_LOCATION_LKP] agt
ON V.FISCAL_PERIOD_INT= agt.FISCAL_PERIOD_INT
--AND V.NRDP_AGENT_FISCAL_PERIOD_ID = agt.NRDP_AGENT_FISCAL_PERIOD_ID
AND V.PERNR_NUM = agt.PERNR_NUM 

WHERE        (V.PERNR_NUM > 0) AND (V.SERVICE_ORDER_STATUS_CD = 'PENDING')
and V.FISCAL_PERIOD_INT > 201812 
GROUP BY   V.[FISCAL_PERIOD_INT]
	  ,COALESCE(D.[FISCAL_PERIOD_TODATE_INT],V.[FISCAL_PERIOD_INT])
      ,V.[CALENDAR_DATE]
      ,v.DATEKEY
	  ,V.PERNR_NUM
      ,COALESCE(agt.[AGENT_SKILL_LOCATION_ID],-1) 
      ,COALESCE(agt.SK_PERSON_HIER_ID,-1) 
      , COALESCE(agt.AGENT_TENURE_HIER_ID,-1) 
     -- ,V.NRDP_AGENT_FISCAL_PERIOD_ID
"
FACT_MDM_ORDERS_PENDING_V,"



CREATE VIEW [dbo].[FACT_MDM_ORDERS_PENDING_V]
AS
SELECT CAST(1 AS INT) AS SERIES_ID, C.[FISCAL_PERIOD_INT]
	  ,COALESCE(D1.[FISCAL_PERIOD_TODATE_INT],C.[FISCAL_PERIOD_INT]) AS [FISCAL_PERIOD_TODATE_INT]
      ,C.[METRIC_SOURCE]
      ,D.[CALENDAR_DATE]
      --,C.[METRIC_SOURCE_KEY]
      ,CAST(Convert(CHAR(8),D.[CALENDAR_DATE],112) AS INT) AS [DATEKEY]
      ,C.CUBE_CUSTOMER_ACCOUNT_KEY % 100 AS CUSTOMER_ACCOUNT_KEY
      , COALESCE(EBB.CUSTOMER_EBB_BULK_KEY,0) AS CUSTOMER_EBB_BULK_KEY -- Added by SS ON 7/19/21

,CAST(-1 AS INTEGER) CUSTOMER_ACCOUNT_DEMO_KEY -- Added by SS ON 7/19/21 --
,CAST(-1 AS INTEGER) MOVE_INCOME_CONSTRAINED_ID
      ,c.[PERNR_NUM]
    --  ,c.[NRDP_AGENT_FISCAL_PERIOD_ID]
      ,[NRDP_CALL_ATTRIBUTE_ID]
      ,[NRDP_CLV_ATTRIBUTE_ID]
      ,[BASE_RGU_PROFILE_ID]
      ,-1 as [TRANSFER_ORIGIN_AGENT_ID]
      ,-1 as [TRANSFER_ORIGIN_IACT_ID]
      ,[TENURE_ID]
      ,-1 AS NBX_M2M_ID
      ,10000 AS SENTIMENT_QA_ID
      ,-1 AS AGENT_TRAINING_ID
      ,-1 AS NRPD_CUST_MAP_ID
	  ,5000 AS CALL_DRIVER_QUERY_ID
      ,COALESCE(agt.[AGENT_SKILL_LOCATION_ID],-1) AS AGENT_SKILL_LOCATION_ID 
      ,COALESCE(agt.SK_PERSON_HIER_ID,-1) AS PERSON_HIER_ID
      , COALESCE(agt.AGENT_TENURE_HIER_ID,-1) AS AGENT_TENURE_HIER_ID
	  ,[SERVICE_ORDER_STATUS_CD]
,[BEG_SUB_CNT] as [PENDING_BEG_SUB_CNT]
,[END_SUB_CNT] as [PENDING_END_SUB_CNT]
,[BEG_SUB_XTV_RGU_CNT] as [PENDING_BEG_SUB_XTV_RGU_CNT]
,[END_SUB_XTV_RGU_CNT] as [PENDING_END_SUB_XTV_RGU_CNT]
,[BEG_SUB_XH_RGU_CNT] as [PENDING_BEG_SUB_XH_RGU_CNT]
,[END_SUB_XH_RGU_CNT] as [PENDING_END_SUB_XH_RGU_CNT]
,[BEG_SUB_XV_RGU_CNT] as [PENDING_BEG_SUB_XV_RGU_CNT]
,[END_SUB_XV_RGU_CNT] as [PENDING_END_SUB_XV_RGU_CNT]
,[BEG_SUB_XI_RGU_CNT] as [PENDING_BEG_SUB_XI_RGU_CNT]
,[END_SUB_XI_RGU_CNT] as [PENDING_END_SUB_XI_RGU_CNT]
,[BEG_SUB_XM_RGU_CNT] as [PENDING_BEG_SUB_XM_RGU_CNT]
,[END_SUB_XM_RGU_CNT] as [PENDING_END_SUB_XM_RGU_CNT]
, CASE WHEN COALESCE([BEG_SUB_XTV_RGU_CNT],0) = 0 THEN [END_SUB_XTV_RGU_CNT] ELSE 0 END AS [PENDING_ADD_SUB_XTV_RGU_CNT]
, CASE WHEN COALESCE([END_SUB_XTV_RGU_CNT],0) = 0 THEN [BEG_SUB_XTV_RGU_CNT] ELSE 0 END AS [PENDING_DROP_SUB_XTV_RGU_CNT]

, CASE WHEN COALESCE([BEG_SUB_XI_RGU_CNT],0) = 0 THEN [END_SUB_XI_RGU_CNT] ELSE 0 END AS [PENDING_ADD_SUB_XI_RGU_CNT]
, CASE WHEN COALESCE([END_SUB_XI_RGU_CNT],0) = 0 THEN [BEG_SUB_XI_RGU_CNT] ELSE 0 END AS [PENDING_DROP_SUB_XI_RGU_CNT]

, CASE WHEN COALESCE([BEG_SUB_XV_RGU_CNT],0) = 0 THEN [END_SUB_XV_RGU_CNT] ELSE 0 END AS [PENDING_ADD_SUB_XV_RGU_CNT]
, CASE WHEN COALESCE([END_SUB_XV_RGU_CNT],0) = 0 THEN [BEG_SUB_XV_RGU_CNT] ELSE 0 END AS [PENDING_DROP_SUB_XV_RGU_CNT]

, CASE WHEN COALESCE([BEG_SUB_XH_RGU_CNT],0) = 0 THEN [END_SUB_XH_RGU_CNT] ELSE 0 END AS [PENDING_ADD_SUB_XH_RGU_CNT]
, CASE WHEN COALESCE([END_SUB_XH_RGU_CNT],0) = 0 THEN [BEG_SUB_XH_RGU_CNT] ELSE 0 END AS [PENDING_DROP_SUB_XH_RGU_CNT]

, CASE WHEN COALESCE([BEG_SUB_XM_RGU_CNT],0) = 0 THEN [END_SUB_XM_RGU_CNT] ELSE 0 END AS [PENDING_ADD_SUB_XM_RGU_CNT]
, CASE WHEN COALESCE([END_SUB_XM_RGU_CNT],0) = 0 THEN [BEG_SUB_XM_RGU_CNT] ELSE 0 END AS [PENDING_DROP_SUB_XM_RGU_CNT]


,[FULL_RGU4_DROP_CNT] as [PENDING_FULL_RGU4_DROP_CNT]
,[FULL_RGU5_DROP_CNT] as [PENDING_FULL_RGU5_DROP_CNT]


	  ,CASE WHEN BEG_SUB_CNT = 0 AND  END_SUB_CNT>BEG_SUB_CNT THEN 1 ELSE 0 END as  PENDING_NEW_CUST_CONNECTS
      ,CASE WHEN BEG_SUB_CNT=1 AND END_SUB_CNT = 0 THEN 1 ELSE 0 END AS PENDING_FULL_CUST_DISCO_CNT
	  ,DAYS_PENDING_CNT
	  ,1 AS PENDING_WO_COUNT
	  ,ORDER_COMPLETED_DATE
,COALESCE(EBB.PRODCAT_EBB_ID,0) AS PRODCAT_EBB_ID

  FROM [NRDP_DM].[dbo].[FACT_ORDERS_PEND_CANCEL] C 
 JOIN DIM_DATE D
 ON D.CALENDAR_DATE BETWEEN C.RECORD_START_DT AND C.CALENDAR_DATE join 
  DIM_CURRENT_TODATE D1 
  ON D.CALENDAR_DATE = D1.CALENDAR_DATE left join 
[DIM_TABULAR_AGENT_SKILL_LOCATION_LKP] agt
on C.PERNR_NUM = AGT.PERNR_NUM
AND C.FISCAL_PERIOD_INT = AGT.FISCAL_PERIOD_INT 
--  left JOIN 
--DIM_CUSTOMER_CUST_MAP_LKP_V CM 
--ON C.CUSTOMER_ACCOUNT_KEY  = CM.BASE_CUSTOMER_ACCOUNT_KEY
--AND coalesce(C.NRDP_CUST_MAP_ID,-1)  = CM.NRDP_CUST_MAP_ID
left join FACT_EBB_BULK_REF EBB with (nolock)
    on c.[FISCAL_PERIOD_INT] = EBB.[FISCAL_PERIOD_INT]
  and c.[METRIC_SOURCE] = EBB.[METRIC_SOURCE]
  and  c.[CALENDAR_DATE] =EBB.[CALENDAR_DATE]
  and c.[METRIC_SOURCE_KEY] = EBB.[METRIC_SOURCE_KEY]
  WHERE c.PERNR_NUM > 0 AND SERVICE_ORDER_STATUS_CD='PENDING'
  AND  C.CALENDAR_DATE < DATEADD(D,-1,GETDATE())
  and c.FISCAL_PERIOD_INT > 201812 
"
FACT_MDM_ORDERS_TEST_V,"













CREATE VIEW [dbo].[FACT_MDM_ORDERS_TEST_V] AS 
SELECT CAST(1 AS INT) AS SERIES_ID,  C.DATEKEY
      ,c.[CALENDAR_DATE]
	  ,c.[FISCAL_PERIOD_INT]
	  ,c.METRIC_SOURCE
	  ,c.METRIC_SOURCE_KEY
	  ,COALESCE(D.[FISCAL_PERIOD_TODATE_INT],C.[FISCAL_PERIOD_INT]) AS [FISCAL_PERIOD_TODATE_INT]
      ,dv.[PERNR_NUM]
	  ,dv.[CUSTOMER_ACCOUNT_KEY]
      ,dv.[CUSTOMER_EBB_BULK_KEY]
      ,dv.[CUSTOMER_ACCOUNT_DEMO_KEY]
	  ,dv.[NRDP_CALL_ATTRIBUTE_ID]
      ,dv.[NRDP_CLV_ATTRIBUTE_ID]
      ,dv.[TRANSFER_ORIGIN_AGENT_ID]
      ,dv.[TRANSFER_ORIGIN_IACT_ID]
      ,dv.[TENURE_ID]
      ,dv.[BASE_RGU_PROFILE_ID]
      ,COALESCE(dv.SENTIMENT_QA_ID,100000) AS SENTIMENT_QA_ID
      ,dv.[NBX_M2M_ID]
	  ,CASE WHEN dv.PERNR_NUM > 0 AND dv.CUSTOMER_ACCOUNT_ID > 0 THEN 1 ELSE 0 END AS LTR_CANDIDATE_IND
      ,COALESCE(c.[PRODCAT_XTV_DGTL_ID],0) AS [PRODCAT_XTV_DGTL_ID]
      ,COALESCE(c.[PRODCAT_XTV_PPAY_ID],0) AS [PRODCAT_XTV_PPAY_ID]
      ,COALESCE(c.[PRODCAT_XI_TIER_ID],0) AS [PRODCAT_XI_TIER_ID]
      ,COALESCE(c.[PRODCAT_XH_XTV_XV_TIER_ID],0) AS [PRODCAT_XH_XTV_XV_TIER_ID]
      ,COALESCE(c.[PRODCAT_AO_ID],0) AS [PRODCAT_AO_ID]
	  ,COALESCE(dv.CALL_DRIVER_GROUP1_ID,0) AS CALL_DRIVER_GROUP1_ID
	  ,COALESCE(dv.CALL_DRIVER_GROUP2_ID,0) AS CALL_DRIVER_GROUP2_ID
	  ,COALESCE(dv.CALL_DRIVER_GROUP3_ID,0) AS CALL_DRIVER_GROUP3_ID
	  ,COALESCE(dv.SPEECH_QUERY_GROUP1_ID,0) AS SPEECH_QUERY_GROUP1_ID
	  ,COALESCE(dv.SPEECH_QUERY_GROUP2_ID,0) AS SPEECH_QUERY_GROUP2_ID
	  ,coalesce(dv.NRDP_CUST_MAP_ID,-1) as NRDP_CUST_MAP_ID
      ,COALESCE(dv.PRODCAT_EBB_ID,0) AS PRODCAT_EBB_ID
	  ,COALESCE(dv.PRE_NRDP_XAP_EXIT_ID,-1) as PRE_NRDP_XAP_EXIT_ID

	  ,COALESCE(atr.AGENT_TRAINING_ID,-1) AS AGENT_TRAINING_ID
	  ,COALESCE(agt.[AGENT_SKILL_LOCATION_ID],-1) AS AGENT_SKILL_LOCATION_ID 
	  ,COALESCE(agt.SK_PERSON_HIER_ID,-1) AS PERSON_HIER_ID
	  , COALESCE(agt.AGENT_TENURE_HIER_ID,-1) AS AGENT_TENURE_HIER_ID
	  ,-1 AS XM_LINE_DETAIL_ATTRIBUTE_ID  --ADDED BY SS ON 7/26/21
,1 AS WO_COUNT
,NULLIF(BEG_SUB_CNT,0) AS BEG_SUB_CNT
,NULLIF(BEG_SUB_H1_CNT,0) AS BEG_SUB_H1_CNT
,NULLIF(BEG_SUB_INST_TV_CNT,0) AS BEG_SUB_INST_TV_CNT
,NULLIF(BEG_SUB_REV_AMT,0) AS BEG_SUB_REV_AMT
,NULLIF(BEG_SUB_X1_CNT,0) AS BEG_SUB_X1_CNT
,NULLIF(BEG_SUB_XH_RGU_CNT,0) AS BEG_SUB_XH_RGU_CNT
,NULLIF(BEG_SUB_XI_RGU_CNT,0) AS BEG_SUB_XI_RGU_CNT
,NULLIF(BEG_SUB_XMPP_CNT,0) AS BEG_SUB_XMPP_CNT
,NULLIF(BEG_SUB_XM_LINE_CNT,0) AS BEG_SUB_XM_LINE_CNT
,NULLIF(BEG_SUB_XM_RGU_CNT,0) AS BEG_SUB_XM_RGU_CNT
,NULLIF(BEG_SUB_XTV_RGU_CNT,0) AS BEG_SUB_XTV_RGU_CNT
,NULLIF(BEG_SUB_XV_RGU_CNT,0) AS BEG_SUB_XV_RGU_CNT
,NULLIF(BEG_XMPP_REV_AMT,0) AS BEG_XMPP_REV_AMT
,NULLIF(BEG_XM_RGU_REV_AMT,0) AS BEG_XM_RGU_REV_AMT
,NULLIF(ADD_H1_CNT,0) AS ADD_H1_CNT
,NULLIF(ADD_H1_REV_AMT,0) AS ADD_H1_REV_AMT
,NULLIF(ADD_INST_TV_CNT,0) AS ADD_INST_TV_CNT
,NULLIF(ADD_OTH_REV_AMT,0) AS ADD_OTHER_REV_AMT
,NULLIF(ADD_X1_CNT,0) AS ADD_X1_CNT
,NULLIF(ADD_X1_REV_AMT,0) AS ADD_X1_REV_AMT
,NULLIF(ADD_XH_RGU_CNT,0) AS ADD_XH_RGU_CNT
,NULLIF(ADD_XH_RGU_REV_AMT,0) AS ADD_XH_RGU_REV_AMT
,NULLIF(ADD_XI_RGU_CNT,0) AS ADD_XI_RGU_CNT
,NULLIF(ADD_XI_RGU_REV_AMT,0) AS ADD_XI_RGU_REV_AMT
,NULLIF(ADD_XMPP_CNT,0) AS ADD_XMPP_CNT
,NULLIF(ADD_XMPP_REV_AMT,0) AS ADD_XMPP_REV_AMT
,NULLIF(ADD_XM_LINE_CNT,0) AS ADD_XM_LINE_CNT
,NULLIF(ADD_XM_RGU_CNT,0) AS ADD_XM_RGU_CNT
,NULLIF(ADD_XM_RGU_REV_AMT,0) AS ADD_XM_RGU_REV_AMT
,NULLIF(ADD_XTV_RGU_CNT,0) AS ADD_XTV_RGU_CNT
,NULLIF(ADD_XTV_RGU_REV_AMT,0) AS ADD_XTV_RGU_REV_AMT
,NULLIF(ADD_XV_RGU_CNT,0) AS ADD_XV_RGU_CNT
,NULLIF(ADD_XV_RGU_REV_AMT,0) AS ADD_XV_RGU_REV_AMT
,NULLIF(DROP_H1_CNT,0) AS DROP_H1_CNT
,NULLIF(DROP_H1_REV_AMT,0) AS DROP_H1_REV_AMT
,NULLIF(DROP_INST_TV_CNT,0) AS DROP_INST_TV_CNT
,NULLIF(DROP_OTH_REV_AMT,0) AS DROP_OTHER_REV_AMT
,NULLIF(DROP_X1_CNT,0) AS DROP_X1_CNT
,NULLIF(DROP_X1_REV_AMT,0) AS DROP_X1_REV_AMT
,NULLIF(DROP_XH_RGU_CNT,0) AS DROP_XH_RGU_CNT
,NULLIF(DROP_XH_RGU_REV_AMT,0) AS DROP_XH_RGU_REV_AMT
,NULLIF(DROP_XI_RGU_CNT,0) AS DROP_XI_RGU_CNT
,NULLIF(DROP_XI_RGU_REV_AMT,0) AS DROP_XI_RGU_REV_AMT
,NULLIF(DROP_XM_RGU_CNT,0) AS DROP_XM_RGU_CNT
,NULLIF(DROP_XM_RGU_REV_AMT,0) AS DROP_XM_RGU_REV_AMT
,NULLIF(DROP_XTV_RGU_CNT,0) AS DROP_XTV_RGU_CNT
,NULLIF(DROP_XTV_RGU_REV_AMT,0) AS DROP_XTV_RGU_REV_AMT
,NULLIF(DROP_XV_RGU_CNT,0) AS DROP_XV_RGU_CNT
,NULLIF(DROP_XV_RGU_REV_AMT,0) AS DROP_XV_RGU_REV_AMT
,NULLIF(TOTAL_RGU4_DROPS,0) AS TOTAL_RGU4_DROPS
,NULLIF(TOTAL_RGU5_DROPS,0) AS TOTAL_RGU5_DROPS
,NULLIF(END_SUB_CNT,0) AS END_SUB_CNT
,NULLIF(END_SUB_H1_CNT,0) AS END_SUB_H1_CNT
,NULLIF(END_SUB_INST_TV_CNT,0) AS END_SUB_INST_TV_CNT
,NULLIF(END_SUB_REV_AMT,0) AS END_SUB_REV_AMT
,NULLIF(END_SUB_X1_CNT,0) AS END_SUB_X1_CNT
,NULLIF(END_SUB_XH_RGU_CNT,0) AS END_SUB_XH_RGU_CNT
,NULLIF(END_SUB_XI_RGU_CNT,0) AS END_SUB_XI_RGU_CNT
,NULLIF(END_SUB_XM_RGU_CNT,0) AS END_SUB_XM_RGU_CNT
,NULLIF(END_SUB_XTV_RGU_CNT,0) AS END_SUB_XTV_RGU_CNT
,NULLIF(END_SUB_XV_RGU_CNT,0) AS END_SUB_XV_RGU_CNT
,NULLIF(END_XM_RGU_REV_AMT,0) AS END_XM_RGU_REV_AMT
,NULLIF(TOTAL_ADD_NONRGU_REV_AMT,0) AS TOTAL_ADD_NONRGU_REV_AMT
,NULLIF(TOTAL_ADD_REV_AMT,0) AS TOTAL_ADD_REV_AMT
,NULLIF(TOTAL_ADD_RGU_REV_AMT,0) AS TOTAL_ADD_RGU_REV_AMT
,NULLIF(TOTAL_DROP_NONRGU_REV_AMT,0) AS TOTAL_DROP_NONRGU_REV_AMT
,NULLIF(TOTAL_DROP_REV_AMT,0) AS TOTAL_DROP_REV_AMT
,NULLIF(TOTAL_DROP_RGU_REV_AMT,0) AS TOTAL_DROP_RGU_REV_AMT
,NULLIF(VOLUNTARY_DISCO_CNT,0) AS VOLUNTARY_DISCO_CNT
,NULLIF(INVOLUNTARY_DISCO_CNT,0) AS INVOLUNTARY_DISCO_CNT
,NULLIF(BEG_FLEX_CNT,0) AS BEG_FLEX_CNT
,NULLIF(END_FLEX_CNT,0) AS END_FLEX_CNT
,NULLIF(ADD_FLEX_CNT,0) AS ADD_FLEX_CNT

,NULLIF(REV_CHNG_FROM_XTV_ADDS,0) AS REV_CHNG_FROM_XTV_ADDS
,NULLIF(REV_CHNG_FROM_XI_ADDS,0) AS REV_CHNG_FROM_XI_ADDS
,NULLIF(REV_CHNG_FROM_XV_ADDS,0) AS REV_CHNG_FROM_XV_ADDS
,NULLIF(REV_CHNG_FROM_XH_ADDS,0) AS REV_CHNG_FROM_XH_ADDS
,NULLIF(REV_CHNG_FROM_H1_ADDS,0) AS REV_CHNG_FROM_H1_ADDS
,NULLIF(REV_CHNG_FROM_X1_ADDS,0) AS REV_CHNG_FROM_X1_ADDS
,NULLIF(REV_CHNG_FROM_XTV_DROPS,0) AS REV_CHNG_FROM_XTV_DROPS
,NULLIF(REV_CHNG_FROM_XI_DROPS,0) AS REV_CHNG_FROM_XI_DROPS
,NULLIF(REV_CHNG_FROM_XV_DROPS,0) AS REV_CHNG_FROM_XV_DROPS
,NULLIF(REV_CHNG_FROM_XH_DROPS,0) AS REV_CHNG_FROM_XH_DROPS
,NULLIF(REV_CHNG_FROM_H1_DROPS,0) AS REV_CHNG_FROM_H1_DROPS
,NULLIF(REV_CHNG_FROM_X1_DROPS,0) AS REV_CHNG_FROM_X1_DROPS
,NULLIF(WO_WITH_RGU_ADD_CNT,0) AS WO_WITH_RGU_ADD_CNT
,NULLIF(WO_WITH_RGU_DROP_CNT,0) AS WO_WITH_RGU_DROP_CNT
,NULLIF(RGU4_UPGRADES,0) AS RGU4_UPGRADES
,NULLIF(RGU5_UPGRADES,0) AS RGU5_UPGRADES
,NULLIF(XTV_RGU_UPGRADES,0) AS XTV_RGU_UPGRADES
,NULLIF(XI_RGU_UPGRADES,0) AS XI_RGU_UPGRADES
,NULLIF(XV_RGU_UPGRADES,0) AS XV_RGU_UPGRADES
,NULLIF(XH_RGU_UPGRADES,0) AS XH_RGU_UPGRADES
,NULLIF(XM_RGU_UPGRADES,0) AS XM_RGU_UPGRADES
,NULLIF(H1_UPGRADES,0) AS H1_UPGRADES
,NULLIF(X1_UPGRADES,0) AS X1_UPGRADES
,NULLIF(RGU4_CONNECTS,0) AS RGU4_CONNECTS
,NULLIF(RGU5_CONNECTS,0) AS RGU5_CONNECTS
,NULLIF(XTV_RGU_CONNECTS,0) AS XTV_RGU_CONNECTS
,NULLIF(XI_RGU_CONNECTS,0) AS XI_RGU_CONNECTS
,NULLIF(XV_RGU_CONNECTS,0) AS XV_RGU_CONNECTS
,NULLIF(XH_RGU_CONNECTS,0) AS XH_RGU_CONNECTS
,NULLIF(XM_RGU_CONNECTS,0) AS XM_RGU_CONNECTS
,NULLIF(H1_CONNECTS,0) AS H1_CONNECTS
,NULLIF(X1_CONNECTS,0) AS X1_CONNECTS
,NULLIF(NEW_CUST_CONNECTS,0) AS NEW_CUST_CONNECTS
,NULLIF(NEW_CUST_CONNECTS_WITH_RGU,0) AS NEW_CUST_CONNECTS_WITH_RGU
,NULLIF(FULL_CUST_DISCO_CNT,0) AS FULL_DISCONNECT_CNT
,NULLIF(FULL_DISC_BEG_SUB_REV_AMT,0) AS FULL_DISC_BEG_SUB_REV_AMT
,NULLIF(SUBSCRIBER_MOVE_INS,0) AS SUBSCRIBER_MOVE_INS
,NULLIF(BEG_XM_LINE_BY_THE_GIG_CNT,0) AS BEG_XM_LINE_BY_THE_GIG_CNT
,NULLIF(BEG_XM_LINE_UNLIMITED_CNT,0) AS BEG_XM_LINE_UNLIMITED_CNT
,NULLIF(ADD_XM_LINE_BY_THE_GIG_CNT,0) AS ADD_XM_LINE_BY_THE_GIG_CNT
,NULLIF(ADD_XM_LINE_UNLIMITED_CNT,0) AS ADD_XM_LINE_UNLIMITED_CNT
,NULLIF(RGU_UPGRADES_WITHPLUSMRC,0) AS RGU_UPGRADES_WITHPLUSMRC
,NULLIF(XH_RGU_UPGRADES_WITHPLUSMRC,0) AS XH_RGU_UPGRADES_WITHPLUSMRC
,NULLIF(XTV_RGU_UPGRADES_WITHPLUSMRC,0) AS XTV_RGU_UPGRADES_WITHPLUSMRC
,NULLIF(XI_RGU_UPGRADES_WITHPLUSMRC,0) AS XI_RGU_UPGRADES_WITHPLUSMRC
,NULLIF(XV_RGU_UPGRADES_WITHPLUSMRC,0) AS XV_RGU_UPGRADES_WITHPLUSMRC
,NULLIF(XM_RGU_UPGRADES_WITHPLUSMRC,0) AS XM_RGU_UPGRADES_WITHPLUSMRC
,NULLIF(RGU_UPGRADES_WITHPLUSMRC_TOTAL_NET_REV_AMT,0) AS RGU_UPGRADES_WITHPLUSMRC_TOTAL_NET_REV_AMT
,NULLIF(XH_RGU_UPGRADES_WITHPLUSMRC_TOTAL_NET_REV_AMT,0) AS XH_RGU_UPGRADES_WITHPLUSMRC_TOTAL_NET_REV_AMT
,NULLIF(XTV_RGU_UPGRADES_WITHPLUSMRC_TOTAL_NET_REV_AMT,0) AS XTV_RGU_UPGRADES_WITHPLUSMRC_TOTAL_NET_REV_AMT
,NULLIF(XI_RGU_UPGRADES_WITHPLUSMRC_TOTAL_NET_REV_AMT,0) AS XI_RGU_UPGRADES_WITHPLUSMRC_TOTAL_NET_REV_AMT
,NULLIF(XV_RGU_UPGRADES_WITHPLUSMRC_TOTAL_NET_REV_AMT,0) AS XV_RGU_UPGRADES_WITHPLUSMRC_TOTAL_NET_REV_AMT
,NULLIF(XM_RGU_UPGRADES_WITHPLUSMRC_REV_AMT,0) AS XM_RGU_UPGRADES_WITHPLUSMRC_REV_AMT
,NULLIF(BULK_CUST_XH_RGU_CONNECTS,0) AS BULK_CUST_XH_RGU_CONNECTS
,NULLIF(BULK_CUST_XV_RGU_CONNECTS,0) AS BULK_CUST_XV_RGU_CONNECTS
,NULLIF(BULK_CUST_XI_RGU_CONNECTS,0) AS BULK_CUST_XI_RGU_CONNECTS,NULLIF(BULK_CUST_XTV_RGU_CONNECTS,0) AS BULK_CUST_XTV_RGU_CONNECTS
,case when C.CALENDAR_DATE < '2020-12-22' THEN NULLIF(c.XM_ACTIVATION_ORDER_CNT,0) ELSE NULL END AS XM_ACTIVATION_WORK_ORDER_CNT
--		NULLIF(BEG_XI_EQUIP_XFI_GTWY_3RD_GEN_XB7_CNT,0) AS BEG_XI_EQUIP_XFI_GTWY_3RD_GEN_XB7_CNT
--      ,NULLIF(END_XI_EQUIP_XFI_GTWY_3RD_GEN_XB7_CNT,0) AS END_XI_EQUIP_XFI_GTWY_3RD_GEN_XB7_CNT
--      ,NULLIF(BEG_XI_EQUIP_XFI_FIBER_GTWY_XF3_CNT,0) AS BEG_XI_EQUIP_XFI_FIBER_GTWY_XF3_CNT
--      ,NULLIF(END_XI_EQUIP_XFI_FIBER_GTWY_XF3_CNT,0) AS END_XI_EQUIP_XFI_FIBER_GTWY_XF3_CNT
--      ,NULLIF(BEG_ACCESSIBILITY_CUSTOMER_TRACKING_CNT,0) AS BEG_ACCESSIBILITY_CUSTOMER_TRACKING_CNT 
--      ,NULLIF(END_ACCESSIBILITY_CUSTOMER_TRACKING_CNT,0) AS END_ACCESSIBILITY_CUSTOMER_TRACKING_CNT
--      ,NULLIF(ADD_XI_EQUIP_XFI_GTWY_3RD_GEN_XB7_CNT,0) AS ADD_XI_EQUIP_XFI_GTWY_3RD_GEN_XB7_CNT
--      ,NULLIF(ADD_XI_EQUIP_XFI_FIBER_GTWY_XF3_CNT,0) AS ADD_XI_EQUIP_XFI_FIBER_GTWY_XF3_CNT 
--      ,NULLIF(ADD_ACCESSIBILITY_CUSTOMER_TRACKING_CNT,0) AS ADD_ACCESSIBILITY_CUSTOMER_TRACKING_CNT,
--BEG_XFI_COMPLETE_CNT,
--END_XFI_COMPLETE_CNT,
--ADD_XFI_COMPLETE_CNT,
--DROP_XFI_COMPLETE_CNT,  
,COALESCE(C.BILLER_INTERFACE_CD,'zUnknown') as BILLER_INTERFACE_CD

 FROM dbo.FACT_ORDERS_COMPLEX_CALCS_V C WITH (NOLOCK)  left join 
  DIM_CURRENT_TODATE D 
  ON C.CALENDAR_DATE = D.CALENDAR_DATE LEFT join
  LKP_DIM_VALUES_ORDERS dv WITH (NOLOCK) 
  ON C.FISCAL_PERIOD_INT =  dv.FISCAL_PERIOD_INT 
  AND c.CALENDAR_DATE = dv.CALENDAR_DATE
  AND c.METRIC_SOURCE = dv.METRIC_SOURCE
  AND c.METRIC_SOURCE_KEY = dv.METRIC_SOURCE_KEY left join 
[DIM_TABULAR_AGENT_SKILL_LOCATION_LKP] agt WITH (NOLOCK)
on C.PERNR_NUM = AGT.PERNR_NUM
AND C.FISCAL_PERIOD_INT = AGT.FISCAL_PERIOD_INT lEFT JOIN
  [dbo].[FACT_AGENT_TRAINING_REF_V] atr WITH (NOLOCK)
  ON c.DATEKEY=atr.DATEKEY
  and c.NRDP_AGENT_FISCAL_PERIOD_ID= atr.NRDP_AGENT_FISCAL_PERIOD_ID 
--WHERE C.FISCAL_PERIOD_INT > 201812 


"
FACT_MDM_ORDERS_V,"
CREATE VIEW [dbo].[FACT_MDM_ORDERS_V] AS 
SELECT CAST(1 AS INT) AS SERIES_ID,  C.DATEKEY
      ,c.[CALENDAR_DATE]
	  ,c.[FISCAL_PERIOD_INT]
	  ,COALESCE(D.[FISCAL_PERIOD_TODATE_INT],C.[FISCAL_PERIOD_INT]) AS [FISCAL_PERIOD_TODATE_INT]
      ,dv.[PERNR_NUM]
	  ,dv.[CUSTOMER_ACCOUNT_KEY]
      ,dv.[CUSTOMER_EBB_BULK_KEY]
      ,dv.[CUSTOMER_ACCOUNT_DEMO_KEY]
	  ,dv.[NRDP_CALL_ATTRIBUTE_ID]
      ,dv.[NRDP_CLV_ATTRIBUTE_ID]
      ,dv.[TRANSFER_ORIGIN_AGENT_ID]
      ,dv.[TRANSFER_ORIGIN_IACT_ID]
      ,dv.[TENURE_ID]
      --,dv.[BASE_RGU_PROFILE_ID]
	  ,C.[BASE_RGU_PROFILE_ID]
      ,COALESCE(dv.SENTIMENT_QA_ID,100000) AS SENTIMENT_QA_ID
      ,dv.[NBX_M2M_ID]
	  ,CASE WHEN dv.PERNR_NUM > 0 AND dv.CUSTOMER_ACCOUNT_ID > 0 THEN 1 ELSE 0 END AS LTR_CANDIDATE_IND
      ,COALESCE(c.[PRODCAT_XTV_DGTL_ID],0) AS [PRODCAT_XTV_DGTL_ID]
      ,COALESCE(c.[PRODCAT_XTV_PPAY_ID],0) AS [PRODCAT_XTV_PPAY_ID]
      ,COALESCE(c.[PRODCAT_XI_TIER_ID],0) AS [PRODCAT_XI_TIER_ID]
      ,COALESCE(c.[PRODCAT_XH_XTV_XV_TIER_ID],0) AS [PRODCAT_XH_XTV_XV_TIER_ID]
      ,COALESCE(c.[PRODCAT_AO_ID],0) AS [PRODCAT_AO_ID]
	  ,COALESCE(dv.CALL_DRIVER_GROUP1_ID,0) AS CALL_DRIVER_GROUP1_ID
	  ,COALESCE(dv.CALL_DRIVER_GROUP2_ID,0) AS CALL_DRIVER_GROUP2_ID
	  ,COALESCE(dv.CALL_DRIVER_GROUP3_ID,0) AS CALL_DRIVER_GROUP3_ID
	  ,COALESCE(dv.SPEECH_QUERY_GROUP1_ID,0) AS SPEECH_QUERY_GROUP1_ID
	  ,COALESCE(dv.SPEECH_QUERY_GROUP2_ID,0) AS SPEECH_QUERY_GROUP2_ID
	  ,coalesce(dv.NRDP_CUST_MAP_ID,-1) as NRDP_CUST_MAP_ID
      ,COALESCE(dv.PRODCAT_EBB_ID,0) AS PRODCAT_EBB_ID
	  ,COALESCE(dv.PRE_NRDP_XAP_EXIT_ID,-1) as PRE_NRDP_XAP_EXIT_ID
	  ,COALESCE(dv.MOVE_INCOME_CONSTRAINED_ID,-1) as MOVE_INCOME_CONSTRAINED_ID

	  ,COALESCE(atr.AGENT_TRAINING_ID,-1) AS AGENT_TRAINING_ID
	  ,COALESCE(agt.[AGENT_SKILL_LOCATION_ID],-1) AS AGENT_SKILL_LOCATION_ID 
	  ,COALESCE(agt.SK_PERSON_HIER_ID,-1) AS PERSON_HIER_ID
	  , COALESCE(agt.AGENT_TENURE_HIER_ID,-1) AS AGENT_TENURE_HIER_ID
	  ,-1 AS XM_LINE_DETAIL_ATTRIBUTE_ID  --ADDED BY SS ON 7/26/21
	--  , COALESCE(dv.DISCONNECT_REASON_INDICATOR,-1) AS DISCONNECT_REASON_INDICATOR
,1 AS WO_COUNT
,NULLIF(BEG_SUB_CNT,0) AS BEG_SUB_CNT
,NULLIF(BEG_SUB_H1_CNT,0) AS BEG_SUB_H1_CNT
,NULLIF(BEG_SUB_INST_TV_CNT,0) AS BEG_SUB_INST_TV_CNT
,NULLIF(BEG_SUB_REV_AMT,0) AS BEG_SUB_REV_AMT
,NULLIF(BEG_SUB_X1_CNT,0) AS BEG_SUB_X1_CNT
,NULLIF(BEG_SUB_XH_RGU_CNT,0) AS BEG_SUB_XH_RGU_CNT
,NULLIF(BEG_SUB_XI_RGU_CNT,0) AS BEG_SUB_XI_RGU_CNT
,NULLIF(BEG_SUB_XMPP_CNT,0) AS BEG_SUB_XMPP_CNT
,NULLIF(BEG_SUB_XM_LINE_CNT,0) AS BEG_SUB_XM_LINE_CNT
,NULLIF(BEG_SUB_XM_RGU_CNT,0) AS BEG_SUB_XM_RGU_CNT
,NULLIF(BEG_SUB_XTV_RGU_CNT,0) AS BEG_SUB_XTV_RGU_CNT
,NULLIF(BEG_SUB_XV_RGU_CNT,0) AS BEG_SUB_XV_RGU_CNT
,NULLIF(BEG_XMPP_REV_AMT,0) AS BEG_XMPP_REV_AMT
,NULLIF(BEG_XM_RGU_REV_AMT,0) AS BEG_XM_RGU_REV_AMT
,NULLIF(ADD_H1_CNT,0) AS ADD_H1_CNT
,NULLIF(ADD_H1_REV_AMT,0) AS ADD_H1_REV_AMT
,NULLIF(ADD_INST_TV_CNT,0) AS ADD_INST_TV_CNT
,NULLIF(ADD_OTH_REV_AMT,0) AS ADD_OTHER_REV_AMT
,NULLIF(ADD_X1_CNT,0) AS ADD_X1_CNT
,NULLIF(ADD_X1_REV_AMT,0) AS ADD_X1_REV_AMT
,NULLIF(ADD_XH_RGU_CNT,0) AS ADD_XH_RGU_CNT
,NULLIF(ADD_XH_RGU_REV_AMT,0) AS ADD_XH_RGU_REV_AMT
,NULLIF(ADD_XI_RGU_CNT,0) AS ADD_XI_RGU_CNT
,NULLIF(ADD_XI_RGU_REV_AMT,0) AS ADD_XI_RGU_REV_AMT
,NULLIF(ADD_XMPP_CNT,0) AS ADD_XMPP_CNT
,NULLIF(ADD_XMPP_REV_AMT,0) AS ADD_XMPP_REV_AMT
,NULLIF(ADD_XM_LINE_CNT,0) AS ADD_XM_LINE_CNT
,NULLIF(ADD_XM_RGU_CNT,0) AS ADD_XM_RGU_CNT
,NULLIF(ADD_XM_RGU_REV_AMT,0) AS ADD_XM_RGU_REV_AMT
,NULLIF(ADD_XTV_RGU_CNT,0) AS ADD_XTV_RGU_CNT
,NULLIF(ADD_XTV_RGU_REV_AMT,0) AS ADD_XTV_RGU_REV_AMT
,NULLIF(ADD_XV_RGU_CNT,0) AS ADD_XV_RGU_CNT
,NULLIF(ADD_XV_RGU_REV_AMT,0) AS ADD_XV_RGU_REV_AMT
,NULLIF(DROP_H1_CNT,0) AS DROP_H1_CNT
,NULLIF(DROP_H1_REV_AMT,0) AS DROP_H1_REV_AMT
,NULLIF(DROP_INST_TV_CNT,0) AS DROP_INST_TV_CNT
,NULLIF(DROP_OTH_REV_AMT,0) AS DROP_OTHER_REV_AMT
,NULLIF(DROP_X1_CNT,0) AS DROP_X1_CNT
,NULLIF(DROP_X1_REV_AMT,0) AS DROP_X1_REV_AMT
,NULLIF(DROP_XH_RGU_CNT,0) AS DROP_XH_RGU_CNT
,NULLIF(DROP_XH_RGU_REV_AMT,0) AS DROP_XH_RGU_REV_AMT
,NULLIF(DROP_XI_RGU_CNT,0) AS DROP_XI_RGU_CNT
,NULLIF(DROP_XI_RGU_REV_AMT,0) AS DROP_XI_RGU_REV_AMT
,NULLIF(DROP_XM_RGU_CNT,0) AS DROP_XM_RGU_CNT
,NULLIF(DROP_XM_RGU_REV_AMT,0) AS DROP_XM_RGU_REV_AMT
,NULLIF(DROP_XTV_RGU_CNT,0) AS DROP_XTV_RGU_CNT
,NULLIF(DROP_XTV_RGU_REV_AMT,0) AS DROP_XTV_RGU_REV_AMT
,NULLIF(DROP_XV_RGU_CNT,0) AS DROP_XV_RGU_CNT
,NULLIF(DROP_XV_RGU_REV_AMT,0) AS DROP_XV_RGU_REV_AMT
,NULLIF(TOTAL_RGU4_DROPS,0) AS TOTAL_RGU4_DROPS
,NULLIF(TOTAL_RGU5_DROPS,0) AS TOTAL_RGU5_DROPS
,NULLIF(END_SUB_CNT,0) AS END_SUB_CNT
,NULLIF(END_SUB_H1_CNT,0) AS END_SUB_H1_CNT
,NULLIF(END_SUB_INST_TV_CNT,0) AS END_SUB_INST_TV_CNT
,NULLIF(END_SUB_REV_AMT,0) AS END_SUB_REV_AMT
,NULLIF(END_SUB_X1_CNT,0) AS END_SUB_X1_CNT
,NULLIF(END_SUB_XH_RGU_CNT,0) AS END_SUB_XH_RGU_CNT
,NULLIF(END_SUB_XI_RGU_CNT,0) AS END_SUB_XI_RGU_CNT
,NULLIF(END_SUB_XM_RGU_CNT,0) AS END_SUB_XM_RGU_CNT
,NULLIF(END_SUB_XTV_RGU_CNT,0) AS END_SUB_XTV_RGU_CNT
,NULLIF(END_SUB_XV_RGU_CNT,0) AS END_SUB_XV_RGU_CNT
,NULLIF(END_XM_RGU_REV_AMT,0) AS END_XM_RGU_REV_AMT
,NULLIF(TOTAL_ADD_NONRGU_REV_AMT,0) AS TOTAL_ADD_NONRGU_REV_AMT
,NULLIF(TOTAL_ADD_REV_AMT,0) AS TOTAL_ADD_REV_AMT
,NULLIF(TOTAL_ADD_RGU_REV_AMT,0) AS TOTAL_ADD_RGU_REV_AMT
,NULLIF(TOTAL_DROP_NONRGU_REV_AMT,0) AS TOTAL_DROP_NONRGU_REV_AMT
,NULLIF(TOTAL_DROP_REV_AMT,0) AS TOTAL_DROP_REV_AMT
,NULLIF(TOTAL_DROP_RGU_REV_AMT,0) AS TOTAL_DROP_RGU_REV_AMT
,NULLIF(VOLUNTARY_DISCO_CNT,0) AS VOLUNTARY_DISCO_CNT
,NULLIF(INVOLUNTARY_DISCO_CNT,0) AS INVOLUNTARY_DISCO_CNT
,NULLIF(BEG_FLEX_CNT,0) AS BEG_FLEX_CNT
,NULLIF(END_FLEX_CNT,0) AS END_FLEX_CNT
,NULLIF(ADD_FLEX_CNT,0) AS ADD_FLEX_CNT

,NULLIF(REV_CHNG_FROM_XTV_ADDS,0) AS REV_CHNG_FROM_XTV_ADDS
,NULLIF(REV_CHNG_FROM_XI_ADDS,0) AS REV_CHNG_FROM_XI_ADDS
,NULLIF(REV_CHNG_FROM_XV_ADDS,0) AS REV_CHNG_FROM_XV_ADDS
,NULLIF(REV_CHNG_FROM_XH_ADDS,0) AS REV_CHNG_FROM_XH_ADDS
,NULLIF(REV_CHNG_FROM_H1_ADDS,0) AS REV_CHNG_FROM_H1_ADDS
,NULLIF(REV_CHNG_FROM_X1_ADDS,0) AS REV_CHNG_FROM_X1_ADDS
,NULLIF(REV_CHNG_FROM_XTV_DROPS,0) AS REV_CHNG_FROM_XTV_DROPS
,NULLIF(REV_CHNG_FROM_XI_DROPS,0) AS REV_CHNG_FROM_XI_DROPS
,NULLIF(REV_CHNG_FROM_XV_DROPS,0) AS REV_CHNG_FROM_XV_DROPS
,NULLIF(REV_CHNG_FROM_XH_DROPS,0) AS REV_CHNG_FROM_XH_DROPS
,NULLIF(REV_CHNG_FROM_H1_DROPS,0) AS REV_CHNG_FROM_H1_DROPS
,NULLIF(REV_CHNG_FROM_X1_DROPS,0) AS REV_CHNG_FROM_X1_DROPS
,NULLIF(WO_WITH_RGU_ADD_CNT,0) AS WO_WITH_RGU_ADD_CNT
,NULLIF(WO_WITH_RGU_DROP_CNT,0) AS WO_WITH_RGU_DROP_CNT
,NULLIF(RGU4_UPGRADES,0) AS RGU4_UPGRADES
,NULLIF(RGU5_UPGRADES,0) AS RGU5_UPGRADES
,NULLIF(XTV_RGU_UPGRADES,0) AS XTV_RGU_UPGRADES
,NULLIF(XI_RGU_UPGRADES,0) AS XI_RGU_UPGRADES
,NULLIF(XV_RGU_UPGRADES,0) AS XV_RGU_UPGRADES
,NULLIF(XH_RGU_UPGRADES,0) AS XH_RGU_UPGRADES
,NULLIF(XM_RGU_UPGRADES,0) AS XM_RGU_UPGRADES
,NULLIF(H1_UPGRADES,0) AS H1_UPGRADES
,NULLIF(X1_UPGRADES,0) AS X1_UPGRADES
,NULLIF(RGU4_CONNECTS,0) AS RGU4_CONNECTS
,NULLIF(RGU5_CONNECTS,0) AS RGU5_CONNECTS
,NULLIF(XTV_RGU_CONNECTS,0) AS XTV_RGU_CONNECTS
,NULLIF(XI_RGU_CONNECTS,0) AS XI_RGU_CONNECTS
,NULLIF(XV_RGU_CONNECTS,0) AS XV_RGU_CONNECTS
,NULLIF(XH_RGU_CONNECTS,0) AS XH_RGU_CONNECTS
,NULLIF(XM_RGU_CONNECTS,0) AS XM_RGU_CONNECTS
,NULLIF(H1_CONNECTS,0) AS H1_CONNECTS
,NULLIF(X1_CONNECTS,0) AS X1_CONNECTS
,NULLIF(NEW_CUST_CONNECTS,0) AS NEW_CUST_CONNECTS
,NULLIF(NEW_CUST_CONNECTS_WITH_RGU,0) AS NEW_CUST_CONNECTS_WITH_RGU
,NULLIF(FULL_CUST_DISCO_CNT,0) AS FULL_DISCONNECT_CNT
,NULLIF(FULL_DISC_BEG_SUB_REV_AMT,0) AS FULL_DISC_BEG_SUB_REV_AMT
,NULLIF(SUBSCRIBER_MOVE_INS,0) AS SUBSCRIBER_MOVE_INS
,NULLIF(BEG_XM_LINE_BY_THE_GIG_CNT,0) AS BEG_XM_LINE_BY_THE_GIG_CNT
,NULLIF(BEG_XM_LINE_UNLIMITED_CNT,0) AS BEG_XM_LINE_UNLIMITED_CNT
,NULLIF(ADD_XM_LINE_BY_THE_GIG_CNT,0) AS ADD_XM_LINE_BY_THE_GIG_CNT
,NULLIF(ADD_XM_LINE_UNLIMITED_CNT,0) AS ADD_XM_LINE_UNLIMITED_CNT
,NULLIF(RGU_UPGRADES_WITHPLUSMRC,0) AS RGU_UPGRADES_WITHPLUSMRC
,NULLIF(XH_RGU_UPGRADES_WITHPLUSMRC,0) AS XH_RGU_UPGRADES_WITHPLUSMRC
,NULLIF(XTV_RGU_UPGRADES_WITHPLUSMRC,0) AS XTV_RGU_UPGRADES_WITHPLUSMRC
,NULLIF(XI_RGU_UPGRADES_WITHPLUSMRC,0) AS XI_RGU_UPGRADES_WITHPLUSMRC
,NULLIF(XV_RGU_UPGRADES_WITHPLUSMRC,0) AS XV_RGU_UPGRADES_WITHPLUSMRC
,NULLIF(XM_RGU_UPGRADES_WITHPLUSMRC,0) AS XM_RGU_UPGRADES_WITHPLUSMRC
,NULLIF(RGU_UPGRADES_WITHPLUSMRC_TOTAL_NET_REV_AMT,0) AS RGU_UPGRADES_WITHPLUSMRC_TOTAL_NET_REV_AMT
,NULLIF(XH_RGU_UPGRADES_WITHPLUSMRC_TOTAL_NET_REV_AMT,0) AS XH_RGU_UPGRADES_WITHPLUSMRC_TOTAL_NET_REV_AMT
,NULLIF(XTV_RGU_UPGRADES_WITHPLUSMRC_TOTAL_NET_REV_AMT,0) AS XTV_RGU_UPGRADES_WITHPLUSMRC_TOTAL_NET_REV_AMT
,NULLIF(XI_RGU_UPGRADES_WITHPLUSMRC_TOTAL_NET_REV_AMT,0) AS XI_RGU_UPGRADES_WITHPLUSMRC_TOTAL_NET_REV_AMT
,NULLIF(XV_RGU_UPGRADES_WITHPLUSMRC_TOTAL_NET_REV_AMT,0) AS XV_RGU_UPGRADES_WITHPLUSMRC_TOTAL_NET_REV_AMT
,NULLIF(XM_RGU_UPGRADES_WITHPLUSMRC_REV_AMT,0) AS XM_RGU_UPGRADES_WITHPLUSMRC_REV_AMT
,NULLIF(BULK_CUST_XH_RGU_CONNECTS,0) AS BULK_CUST_XH_RGU_CONNECTS
,NULLIF(BULK_CUST_XV_RGU_CONNECTS,0) AS BULK_CUST_XV_RGU_CONNECTS
,NULLIF(BULK_CUST_XI_RGU_CONNECTS,0) AS BULK_CUST_XI_RGU_CONNECTS,NULLIF(BULK_CUST_XTV_RGU_CONNECTS,0) AS BULK_CUST_XTV_RGU_CONNECTS
,case when C.CALENDAR_DATE < '2020-12-22' THEN NULLIF(c.XM_ACTIVATION_ORDER_CNT,0) ELSE NULL END AS XM_ACTIVATION_WORK_ORDER_CNT
---DMRCXSO-10676
,case when C.CALENDAR_DATE > '2020-12-21' THEN NULLIF(c.XM_ACTIVATION_ORDER_CNT,0) ELSE NULL END AS XM_ACTIVATION_ORDER_COUNT
--		NULLIF(BEG_XI_EQUIP_XFI_GTWY_3RD_GEN_XB7_CNT,0) AS BEG_XI_EQUIP_XFI_GTWY_3RD_GEN_XB7_CNT
--      ,NULLIF(END_XI_EQUIP_XFI_GTWY_3RD_GEN_XB7_CNT,0) AS END_XI_EQUIP_XFI_GTWY_3RD_GEN_XB7_CNT
--      ,NULLIF(BEG_XI_EQUIP_XFI_FIBER_GTWY_XF3_CNT,0) AS BEG_XI_EQUIP_XFI_FIBER_GTWY_XF3_CNT
--      ,NULLIF(END_XI_EQUIP_XFI_FIBER_GTWY_XF3_CNT,0) AS END_XI_EQUIP_XFI_FIBER_GTWY_XF3_CNT
--      ,NULLIF(BEG_ACCESSIBILITY_CUSTOMER_TRACKING_CNT,0) AS BEG_ACCESSIBILITY_CUSTOMER_TRACKING_CNT 
--      ,NULLIF(END_ACCESSIBILITY_CUSTOMER_TRACKING_CNT,0) AS END_ACCESSIBILITY_CUSTOMER_TRACKING_CNT
--      ,NULLIF(ADD_XI_EQUIP_XFI_GTWY_3RD_GEN_XB7_CNT,0) AS ADD_XI_EQUIP_XFI_GTWY_3RD_GEN_XB7_CNT
--      ,NULLIF(ADD_XI_EQUIP_XFI_FIBER_GTWY_XF3_CNT,0) AS ADD_XI_EQUIP_XFI_FIBER_GTWY_XF3_CNT 
--      ,NULLIF(ADD_ACCESSIBILITY_CUSTOMER_TRACKING_CNT,0) AS ADD_ACCESSIBILITY_CUSTOMER_TRACKING_CNT,
--BEG_XFI_COMPLETE_CNT,
--END_XFI_COMPLETE_CNT,
--ADD_XFI_COMPLETE_CNT,
--DROP_XFI_COMPLETE_CNT,  
,COALESCE(C.BILLER_INTERFACE_CD,'zUnknown') as BILLER_INTERFACE_CD

,CASE WHEN PROMO_STATUS = 'PROMO-NO-ROLL' AND PR_REV_STEP = '0' THEN 1
     WHEN PROMO_STATUS = 'PROMO-NO-ROLL' AND PR_REV_STEP = '0-5'THEN 2
	 WHEN PROMO_STATUS = 'PROMO-NO-ROLL' AND PR_REV_STEP = '5-10'THEN 3
	 WHEN PROMO_STATUS = 'PROMO-NO-ROLL' AND PR_REV_STEP = '10-20'THEN 4
	 WHEN PROMO_STATUS = 'PROMO-NO-ROLL' AND PR_REV_STEP = '20-30'THEN 5
	 WHEN PROMO_STATUS = 'PROMO-NO-ROLL' AND PR_REV_STEP = '30+'THEN 6
	 WHEN PROMO_STATUS = 'PROMO-ROLL' AND PR_REV_STEP = '0' THEN 7
	 WHEN PROMO_STATUS = 'PROMO-ROLL' AND PR_REV_STEP = '0-5'THEN 8
	 WHEN PROMO_STATUS = 'PROMO-ROLL' AND PR_REV_STEP = '5-10'THEN 9
	 WHEN PROMO_STATUS = 'PROMO-ROLL' AND PR_REV_STEP = '10-20'THEN 10
	 WHEN PROMO_STATUS = 'PROMO-ROLL' AND PR_REV_STEP = '20-30'THEN 11
	 WHEN PROMO_STATUS = 'PROMO-ROLL' AND PR_REV_STEP = '30+' THEN 12
	 WHEN PROMO_STATUS = 'EDP' AND PR_REV_STEP = '0' THEN 13
	 WHEN PROMO_STATUS = 'EDP' AND PR_REV_STEP = '0-5'THEN 14
	 WHEN PROMO_STATUS = 'EDP' AND PR_REV_STEP = '5-10'THEN 15
	 WHEN PROMO_STATUS = 'EDP' AND PR_REV_STEP = '10-20'THEN 16
	 WHEN PROMO_STATUS = 'EDP' AND PR_REV_STEP = '20-30'THEN 17
	 WHEN PROMO_STATUS = 'EDP' AND PR_REV_STEP = '30+' THEN 18
	 WHEN PROMO_STATUS = 'PROMO-ROLL' AND PR_REV_STEP IS NULL THEN 19
	 WHEN PROMO_STATUS = 'PROMO-NO-ROLL' AND PR_REV_STEP IS NULL THEN 20
	 WHEN PROMO_STATUS = 'EDP' AND PR_REV_STEP IS NULL THEN 21
	 WHEN PROMO_STATUS IS NULL AND PR_REV_STEP IS NULL THEN -1
	 ELSE -1 END AS PROMOROLLKEY

,COALESCE(DR.DISCONNECT_REASON_INDICATOR,-1) AS DISCONNECT_REASON_INDICATOR

-- DMRASSIST-4017 Adding Now_TV Columns
,C.ADD_NOW_TV_CNT
,C.BEG_NOW_TV_CNT
,C.DROP_NOW_TV_CNT
,C.END_NOW_TV_CNT
--DMRCXSO-1466
,C.DROP_XSR_XI_SPEED_TIER_CNT_2023
,C.VIDEO_DOWNGRADE_IND
,C.VIDEO_UPGRADE_IND
----DMRCXSO-148
,C.BEG_XI_TIER_GIGABIT_EXTRA_CNT 
,C.END_XI_TIER_GIGABIT_EXTRA_CNT 
,C.ADD_XI_TIER_GIGABIT_EXTRA_CNT 
,C.DROP_XI_TIER_GIGABIT_EXTRA_CNT

-------DMRCXSO-1928

--,CASE WHEN ADD_XM_LINE_CNT >= 2  THEN 1 ELSE 0 END AS XM_ADDS_LINE_2
--,CASE WHEN ADD_XM_LINE_CNT >= 3  THEN 1 ELSE 0 END AS XM_ADDS_LINE_3
--,CASE WHEN ADD_XM_LINE_CNT >= 4  THEN 1 ELSE 0 END AS XM_ADDS_LINE_4
--,CASE WHEN ADD_XM_LINE_CNT >= 10  THEN 1 ELSE 0 END AS XM_ADDS_LINE_10

-----DMRCXSO-3487
,CONCAT(coalesce(C.BEG_XSR_SPEED_TIER,0), coalesce(C.END_XSR_SPEED_TIER,0)) AS BEG_END_XSR_SPEED_TIER_KEY 
-----DMRCXSO-4182
,NI.NI_BUY_FLOW_TYPE_KEY AS NI_BUY_FLOW_KEY
--,C.NI_BUY_FLOW_TYPE
,C.NEW_NOW_ADD_IND
,C.SIDEGRADE_NOW_ADD_IND
,C.SIDEGRADE_DISCO_IND
,C.BEG_SUB_INTERNET_RGU_CNT
,C.END_SUB_INTERNET_RGU_CNT
,C.ADD_NI_RGU_CNT
,C.ADD_NOW_XM_LINE_CNT
,C.ADD_PREMIUM_PLAN_LINE_CNT
-----DMRCXSO-4092,4704 
--Commenting below 4 columns as a part of DMRCXSO-5353
-----,c.ADD_XMC_TIER1_CNT
-----,c.ADD_XMC_TIER2_CNT
-----,c.ADD_XMC_TIER3_CNT
-----,c.ADD_XMC_TIER4_CNT
,c.BEG_STREAMSAVER_XI_CNT
,c.END_STREAMSAVER_XI_CNT
,c.ADD_STREAMSAVER_XI_CNT
,c.DROP_STREAMSAVER_XI_CNT
,c.BEG_STREAMSAVER_XTV_CNT
,c.END_STREAMSAVER_XTV_CNT
,c.ADD_STREAMSAVER_XTV_CNT
,c.DROP_STREAMSAVER_XTV_CNT
,c.BEG_STREAMSAVER_NOWTV_CNT
,c.END_STREAMSAVER_NOWTV_CNT
,c.ADD_STREAMSAVER_NOWTV_CNT
,c.DROP_STREAMSAVER_NOWTV_CNT
,NULLIF(BEG_NOWTV_LATINO_CNT  ,0) AS BEG_NOWTV_LATINO_CNT
,NULLIF(END_NOWTV_LATINO_CNT  ,0) AS END_NOWTV_LATINO_CNT
,NULLIF(ADD_NOWTV_LATINO_CNT  ,0) AS ADD_NOWTV_LATINO_CNT
,NULLIF(DROP_NOWTV_LATINO_CNT ,0) AS DROP_NOWTV_LATINO_CNT
-----DMRCXSO-7005
,c.BEG_NI_REV_AMT
,c.END_NI_REV_AMT
,c.ADD_NI_REV_AMT
,c.DROP_NI_REV_AMT
-----DMRCXSO-7097
,BEG_NOWTV_PREPAID_CNT
,END_NOWTV_PREPAID_CNT
,ADD_NOWTV_PREPAID_CNT
,DROP_NOWTV_PREPAID_CNT
,BEG_NOWTV_LATINO_PREPAID_CNT
,END_NOWTV_LATINO_PREPAID_CNT
,ADD_NOWTV_LATINO_PREPAID_CNT
,DROP_NOWTV_LATINO_PREPAID_CNT
,BEG_NOWTV_STREAMSAVER_PREPAID_CNT
,END_NOWTV_STREAMSAVER_PREPAID_CNT
,ADD_NOWTV_STREAMSAVER_PREPAID_CNT
,DROP_NOWTV_STREAMSAVER_PREPAID_CNT
-----DMRCXSO-7111
,BEG_NOWTV_POSTPAID_CNT
,END_NOWTV_POSTPAID_CNT
,ADD_NOWTV_POSTPAID_CNT
,DROP_NOWTV_POSTPAID_CNT
-----DMRCXSO-7079
,TOTAL_VIDEO_ADDS
-----DMRCXSO-11847
,TRANSACT_FLAG
---DMRCXSO-11534
,BEG_XPRO_CNT                  
,END_XPRO_CNT                  
,ADD_XPRO_CNT                  
,DROP_XPRO_CNT
--DMRCXSO-8633
,NULLIF(BEG_SUB_VIDEO_RGU_CNT,0) AS BEG_SUB_VIDEO_RGU_CNT
,NULLIF(END_SUB_VIDEO_RGU_CNT,0) AS END_SUB_VIDEO_RGU_CNT
,NOW_MOBILE_ACTIVATION_ORDER_CNT
,C.XI_ONLY_BEG_SUB_INTERNET_RGU_CNT AS XI_ONLY_BEG_SUB_INTERNET_RGU_CNT
,C.XI_ONLY_END_SUB_INTERNET_RGU_CNT AS XI_ONLY_END_SUB_INTERNET_RGU_CNT
,C.XI_ONLY_WO_COUNT AS XI_ONLY_WO_COUNT
,C.XI_MULTI_BEG_SUB_INTERNET_RGU_CNT AS XI_MULTI_BEG_SUB_INTERNET_RGU_CNT
,C.XI_MULTI_END_SUB_INTERNET_RGU_CNT AS XI_MULTI_END_SUB_INTERNET_RGU_CNT
,C.XI_MULTI_WO_COUNT AS XI_MULTI_WO_COUNT
--DMRCXSO-13532
,c.BEG_XUMO_CNT
,c.END_XUMO_CNT
,c.ADD_XUMO_CNT
,c.DROP_XUMO_CNT
--DMRCXSO-12234
,c.XH_EQUIPMENT_BEG_REV
,c.XH_EQUIPMENT_END_REV
,c.XH_EQUIPMENT_ADD_REV
,c.XH_EQUIPMENT_DROP_REV
,c.NOW_TV_LATINO_POSTPAID_BEG_REV 
,c.NOW_TV_LATINO_POSTPAID_END_REV 
,c.NOW_TV_LATINO_POSTPAID_ADD_REV
,c.NOW_TV_LATINO_POSTPAID_DROP_REV
,c.NOW_TV_POSTPAID_BEG_REV 
,c.NOW_TV_POSTPAID_END_REV
,c.NOW_TV_POSTPAID_ADD_REV 
,c.NOW_TV_POSTPAID_DROP_REV
,c.NOW_TV_W_STREAMSAVER_POSTPAID_BEG_REV 
,c.NOW_TV_W_STREAMSAVER_POSTPAID_END_REV
,c.NOW_TV_W_STREAMSAVER_POSTPAID_ADD_REV 
,c.NOW_TV_W_STREAMSAVER_POSTPAID_DROP_REV 
,c.STREAMSAVER_POSTPAID_BEG_REV 
,c.STREAMSAVER_POSTPAID_END_REV 
,c.STREAMSAVER_POSTPAID_ADD_REV 
,c.STREAMSAVER_POSTPAID_DROP_REV
--DMRCXSO-14008
,c.DROP_SUB_INTERNET_RGU_CNT
,c.DROP_SUB_VIDEO_RGU_CNT
 FROM dbo.FACT_ORDERS_COMPLEX_CALCS_V C WITH (NOLOCK)  left join 
  DIM_CURRENT_TODATE D 
  ON C.CALENDAR_DATE = D.CALENDAR_DATE LEFT join
  LKP_DIM_VALUES_ORDERS dv WITH (NOLOCK) 
  ON C.FISCAL_PERIOD_INT =  dv.FISCAL_PERIOD_INT 
  AND c.CALENDAR_DATE = dv.CALENDAR_DATE
  AND c.METRIC_SOURCE = dv.METRIC_SOURCE
  AND c.METRIC_SOURCE_KEY = dv.METRIC_SOURCE_KEY left join 
[DIM_TABULAR_AGENT_SKILL_LOCATION_LKP] agt WITH (NOLOCK)
on C.PERNR_NUM = AGT.PERNR_NUM
AND C.FISCAL_PERIOD_INT = AGT.FISCAL_PERIOD_INT lEFT JOIN
  [dbo].[FACT_AGENT_TRAINING_REF_V] atr WITH (NOLOCK)
  ON c.DATEKEY=atr.DATEKEY
  and c.NRDP_AGENT_FISCAL_PERIOD_ID= atr.NRDP_AGENT_FISCAL_PERIOD_ID LEFT JOIN
DIM_ACCOUNT_PROMOTION_MONTHLY_SUMMARY AP
ON C.METRIC_SOURCE = AP.METRIC_SOURCE
AND C.METRIC_SOURCE_KEY = AP.METRIC_SOURCE_KEY
AND C.CALENDAR_DATE = AP.CALENDAR_DATE
AND C.FISCAL_PERIOD_INT = AP.FISCAL_PERIOD_INT LEFT JOIN 
FACT_DISCONNECT_REASONS DR
ON C.METRIC_SOURCE = DR.METRIC_SOURCE
AND C.METRIC_SOURCE_KEY = DR.METRIC_SOURCE_KEY
AND C.CALENDAR_DATE = DR.CALENDAR_DATE
AND C.FISCAL_PERIOD_INT = DR.FISCAL_PERIOD_INT
LEFT JOIN 
[dbo].[DIM_MDM_NI_BUY_FLOW_TYPE] NI ON NI.NI_BUY_FLOW_TYPE = C.NI_BUY_FLOW_TYPE




--WHERE C.FISCAL_PERIOD_INT > 201812
"
FACT_MDM_ORDERS_XAP_V,"
CREATE VIEW [dbo].[FACT_MDM_ORDERS_XAP_V] AS 
SELECT CAST(1 AS INT) AS SERIES_ID, 
C.DATEKEY
,CAST(CAST(C.DATEKEY AS VARCHAR(8)) AS DATE) CALENDAR_DATE
,C.FISCAL_PERIOD_INT
	  ,COALESCE(D.[FISCAL_PERIOD_TODATE_INT],C.[FISCAL_PERIOD_INT]) AS [FISCAL_PERIOD_TODATE_INT]
,C.CUSTOMER_ACCOUNT_KEY % 100 AS CUSTOMER_ACCOUNT_KEY
, COALESCE(EBB.CUSTOMER_EBB_BULK_KEY,0) AS CUSTOMER_EBB_BULK_KEY-- Added by SS ON 7/19/21

,CAST(-1 AS INTEGER) CUSTOMER_ACCOUNT_DEMO_KEY -- Added by SS ON 7/19/21 --
,CAST(-1 AS INTEGER) MOVE_INCOME_CONSTRAINED_ID
--,C.NRDP_AGENT_FISCAL_PERIOD_ID
,C.PERNR_NUM
,c.BASE_RGU_PROFILE_ID 
,C.[NRDP_CALL_ATTRIBUTE_ID]
,c.[NRDP_CLV_ATTRIBUTE_ID]
,COALESCE(c.[TRANSFER_ORIGIN_AGENT_ID],-1)   as [TRANSFER_ORIGIN_AGENT_ID]
,coalesce(c.[TRANSFER_ORIGIN_IACT_ID],-1)  as [TRANSFER_ORIGIN_IACT_ID]
,c.[TENURE_ID]
,coalesce( C.[NBX_M2M_ID],-1) [NBX_M2M_ID]
,C.NRDP_CUST_MAP_ID
,coalesce(C.SENTIMENT_QA_ID,100000) as SENTIMENT_QA_ID
,COALESCE(atr.AGENT_TRAINING_ID,-1) AS AGENT_TRAINING_ID
,COALESCE(agt.[AGENT_SKILL_LOCATION_ID],-1) AS AGENT_SKILL_LOCATION_ID 
,COALESCE(agt.SK_PERSON_HIER_ID,-1) AS PERSON_HIER_ID
, COALESCE(agt.AGENT_TENURE_HIER_ID,-1) AS AGENT_TENURE_HIER_ID

,c.ADD_XI_TIER_XAP_INTERNET_ESSENTIALS_CNT
,C.DROP_XI_TIER_XAP_INTERNET_ESSENTIALS_CNT
,c.ADD_XI_TIER_PROMO60_INTERNET_ESSENTIALS_CNT
,c.DROP_XI_TIER_PROMO60_INTERNET_ESSENTIALS_CNT
,coalesce(cdr.CALL_DRIVER_GROUP1_ID,0) as CALL_DRIVER_GROUP1_ID
,coalesce(cdr.CALL_DRIVER_GROUP2_ID,0) as CALL_DRIVER_GROUP2_ID
,coalesce(cdr.CALL_DRIVER_GROUP1_ID,0) as CALL_DRIVER_GROUP3_ID
,coalesce(cdr.SPEECH_QUERY_GROUP1_ID,0) as SPEECH_QUERY_GROUP1_ID
,coalesce(cdr.SPEECH_QUERY_GROUP2_ID,0) as SPEECH_QUERY_GROUP2_ID
,COALESCE(EBB.PRODCAT_EBB_ID,0) AS PRODCAT_EBB_ID
,DATEADD(YEAR,1,C.CALENDAR_DATE) AS YRAGO_DATE
,DATEADD(M,1,C.CALENDAR_DATE) AS PRIOR_DATE
FROM   [NRDP_DM].[dbo].[FACT_ORDERS_XAP] C  left join 
  DIM_CURRENT_TODATE D 
  ON C.CALENDAR_DATE = D.CALENDAR_DATE left join 
  FACT_CALL_DRIVER_SPEECH_QUERY_REF cdr
  ON C.FISCAL_PERIOD_INT = cdr.FISCAL_PERIOD_INT
  AND C.CALENDAR_DATE = cdr.CALENDAR_DATE
  AND C.METRIC_SOURCE = cdr.METRIC_SOURCE
  AND C.METRIC_SOURCE_KEY = cdr.METRIC_SOURCE_KEY left join 
[DIM_TABULAR_AGENT_SKILL_LOCATION_LKP] agt
on C.PERNR_NUM = AGT.PERNR_NUM
AND C.FISCAL_PERIOD_INT = AGT.FISCAL_PERIOD_INT lEFT JOIN
  [dbo].[FACT_AGENT_TRAINING_REF_V] atr
  ON c.DATEKEY=atr.DATEKEY
  and c.NRDP_AGENT_FISCAL_PERIOD_ID= atr.NRDP_AGENT_FISCAL_PERIOD_ID
left join FACT_EBB_BULK_REF EBB with (nolock)
    on c.[FISCAL_PERIOD_INT] = EBB.[FISCAL_PERIOD_INT]
  and c.[METRIC_SOURCE] = EBB.[METRIC_SOURCE]
  and  c.[CALENDAR_DATE] =EBB.[CALENDAR_DATE]
  and c.[METRIC_SOURCE_KEY] = EBB.[METRIC_SOURCE_KEY]
WHERE C.FISCAL_PERIOD_INT > 201812
"
FACT_MDM_OUTBOUND_CALLS_V,"
CREATE VIEW [dbo].[FACT_MDM_OUTBOUND_CALLS_V]
AS
SELECT  C.[FISCAL_PERIOD_INT]
   
      ,C.[CALENDAR_DATE]
    
      ,C.[DATEKEY]
 
      ,C.[PERNR_NUM]
	  ,dv.[CUSTOMER_ACCOUNT_KEY]
      ,dv.[CUSTOMER_EBB_BULK_KEY]
      ,dv.[CUSTOMER_ACCOUNT_DEMO_KEY]
	  ,dv.[NRDP_CALL_ATTRIBUTE_ID]
      ,dv.[NRDP_CLV_ATTRIBUTE_ID]
      ,dv.[TRANSFER_ORIGIN_AGENT_ID]
      ,dv.[TRANSFER_ORIGIN_IACT_ID]
      ,dv.[TENURE_ID]
      ,dv.[BASE_RGU_PROFILE_ID]
      ,COALESCE(dv.SENTIMENT_QA_ID,100000) AS SENTIMENT_QA_ID
	  ,dv.[NBX_M2M_ID]
	   ,coalesce(dv.NRDP_CUST_MAP_ID,-1) as NRDP_CUST_MAP_ID
      ,COALESCE(dv.PRODCAT_EBB_ID,0) AS PRODCAT_EBB_ID
	  ,COALESCE(dv.PRE_NRDP_XAP_EXIT_ID,-1) as PRE_NRDP_XAP_EXIT_ID
	  ,COALESCE(dv.MOVE_INCOME_CONSTRAINED_ID,-1) as MOVE_INCOME_CONSTRAINED_ID

	  ,CAST(-1 AS INT) AS AGENT_TRAINING_ID
	  ,COALESCE(agt.[AGENT_SKILL_LOCATION_ID],-1) AS AGENT_SKILL_LOCATION_ID 
	  ,COALESCE(agt.SK_PERSON_HIER_ID,-1) AS PERSON_HIER_ID
	  , COALESCE(agt.AGENT_TENURE_HIER_ID,-1) AS AGENT_TENURE_HIER_ID
	  ,1 as Total_Outbound_Calls
      ,[DURATION]
      ,[TALKTIME]
      ,[ORIGHOLDTIME]
      ,[ACWTIME]
      ,[ANSHOLDTIME]
      ,[QUEUETIME]
      ,[RINGTIME]
      ,[HANDLE_TIME]
  FROM [NRDP_DM].[dbo].[FACT_OUTOUND_CALLS_RPT] C
  LEFT join
  LKP_DIM_VALUES_INTERACTIONS dv WITH (NOLOCK) 
  ON C.FISCAL_PERIOD_INT =  dv.FISCAL_PERIOD_INT 
  AND c.CALENDAR_DATE = dv.CALENDAR_DATE
  AND c.METRIC_SOURCE = dv.METRIC_SOURCE
  AND c.METRIC_SOURCE_KEY = dv.METRIC_SOURCE_KEY left join 
[DIM_TABULAR_AGENT_SKILL_LOCATION_LKP] agt WITH (NOLOCK)
on C.PERNR_NUM = AGT.PERNR_NUM
AND C.FISCAL_PERIOD_INT = AGT.FISCAL_PERIOD_INT
"
FACT_MDM_PHONE_LOG_ACTIVITY_AGENT_V,"



CREATE   VIEW [dbo].[FACT_MDM_PHONE_LOG_ACTIVITY_AGENT_V]
AS
SELECT C.[FISCAL_PERIOD_INT]
      ,C.[CALENDAR_DATE]
      ,C.[PERNR_NUM]
      ,[ELAPSED TIME]
      ,[LOGIN_TIME]
      ,[AUX_CODE]
      ,[LOGOUT_TIME]
      ,C.[DATEKEY]
      ,C.[NRDP_AGENT_FISCAL_PERIOD_ID]
      ,[PHONE_SWITCH_LOGIN_ID]
      ,[Is_SHIFT_ACTIVITY]
      ,[SHIFT_ACTIVITY_DESCR]
      ,[AUX_CODE_DESCR]
      ,[NTLOGIN_ID]
      ,[NRDP_AGENT_ID]
	 ,CASE WHEN AUX_CODE_dESCR = 'Accommodation' THEN 1
     WHEN AUX_CODE_DESCR = 'ACW Threshold' THEN 2
     WHEN AUX_CODE_DESCR =  'Break' THEN 3
     WHEN AUX_CODE_DESCR = 'Chat' THEN 4
     WHEN AUX_CODE_DESCR = 'Coaching' THEN 5
     WHEN AUX_CODE_DESCR = 'Default Time' THEN 6
WHEN AUX_CODE_DESCR = 'Emergency' THEN 7
WHEN AUX_CODE_DESCR = 'Follow-Up/Research' THEN 8
WHEN AUX_CODE_DESCR = 'Lunch' THEN 9
WHEN AUX_CODE_DESCR = 'Meeting' THEN 10
WHEN AUX_CODE_DESCR = 'New Hire' THEN 11
WHEN AUX_CODE_DESCR = 'NPS' THEN 12
WHEN AUX_CODE_DESCR = 'Personal' THEN 13
WHEN AUX_CODE_DESCR = 'Prep' THEN 14
WHEN AUX_CODE_DESCR = 'Special Project' THEN 15
WHEN AUX_CODE_DESCR = 'Staff Time' THEN 16
WHEN AUX_CODE_DESCR = 'System Problems' THEN 17
WHEN AUX_CODE_DESCR = 'Tasks' THEN 18
WHEN AUX_CODE_DESCR = 'Training' THEN 19
ELSE -1 END AS AUX_CODE_DESCR_ID
  	  ,COALESCE(atr.AGENT_TRAINING_ID,-1) AS AGENT_TRAINING_ID
	  ,COALESCE(agt.[AGENT_SKILL_LOCATION_ID],-1) AS AGENT_SKILL_LOCATION_ID 
	  ,COALESCE(agt.SK_PERSON_HIER_ID,-1) AS PERSON_HIER_ID
	  , COALESCE(agt.AGENT_TENURE_HIER_ID,-1) AS AGENT_TENURE_HIER_ID
-- Is_SHIFT_ACTIVITY = 1 for Staff and  Is_SHIFT_ACTIVITY = 0 for other codes is removed from below code for XCSDMROPS-19832 
, CASE WHEN AUX_CODE_DESCR = 'Staff Time' AND Is_SHIFT_ACTIVITY = 1 THEN [ELAPSED TIME] END AS STAFF_TIME
, CASE WHEN AUX_CODE_DESCR = 'Accommodation' AND Is_SHIFT_ACTIVITY = 0 THEN [ELAPSED TIME] END AS Accommodation_TIME
, CASE WHEN AUX_CODE_DESCR = 'ACW Threshold' AND Is_SHIFT_ACTIVITY = 0 THEN [ELAPSED TIME] END AS ACW_Threshold_TIME
, CASE WHEN AUX_CODE_DESCR = 'Break' AND Is_SHIFT_ACTIVITY = 0 THEN [ELAPSED TIME] END AS Break_TIME
, CASE WHEN AUX_CODE_DESCR = 'Chat' AND Is_SHIFT_ACTIVITY = 0 THEN [ELAPSED TIME] END AS Chat_TIME
, CASE WHEN AUX_CODE_DESCR = 'Coaching' AND Is_SHIFT_ACTIVITY = 0 THEN [ELAPSED TIME] END AS Coaching_TIME
, CASE WHEN AUX_CODE_DESCR = 'Default Time' AND Is_SHIFT_ACTIVITY = 0 THEN [ELAPSED TIME] END AS Default_Time
, CASE WHEN AUX_CODE_DESCR = 'Emergency' AND Is_SHIFT_ACTIVITY = 0 THEN [ELAPSED TIME] END AS Emergency_Time
, CASE WHEN AUX_CODE_DESCR = 'Follow-Up/Research' AND Is_SHIFT_ACTIVITY = 0 THEN [ELAPSED TIME] END AS Follow_Up_Research_Time
, CASE WHEN AUX_CODE_DESCR = 'Lunch' AND Is_SHIFT_ACTIVITY = 0 THEN [ELAPSED TIME] END AS Lunch_Time
, CASE WHEN AUX_CODE_DESCR = 'Meeting' AND Is_SHIFT_ACTIVITY = 0 THEN [ELAPSED TIME] END AS Meeting_Time
, CASE WHEN AUX_CODE_DESCR = 'New Hire' AND Is_SHIFT_ACTIVITY = 0 THEN [ELAPSED TIME] END AS New_Hire_Time
, CASE WHEN AUX_CODE_DESCR = 'Personal' AND Is_SHIFT_ACTIVITY = 0 THEN [ELAPSED TIME] END AS Personal_Time
, CASE WHEN AUX_CODE_DESCR = 'Prep' AND Is_SHIFT_ACTIVITY = 0 THEN [ELAPSED TIME] END AS Prep_Time
, CASE WHEN AUX_CODE_DESCR = 'Special Project' AND Is_SHIFT_ACTIVITY = 0 THEN [ELAPSED TIME] END AS Special_Project_Time
, CASE WHEN AUX_CODE_DESCR = 'System Problems' AND Is_SHIFT_ACTIVITY = 0 THEN [ELAPSED TIME] END AS System_Problems_Time
, CASE WHEN AUX_CODE_DESCR = 'Tasks' AND Is_SHIFT_ACTIVITY = 0 THEN [ELAPSED TIME] END AS Tasks_Time
, CASE WHEN AUX_CODE_DESCR = 'Training' AND Is_SHIFT_ACTIVITY = 0 THEN [ELAPSED TIME] END AS Training_Time
, CASE WHEN AUX_CODE_DESCR = 'NPS' AND Is_SHIFT_ACTIVITY = 0 THEN [ELAPSED TIME] END AS NPS_Time


  FROM [NRDP_DM].[dbo].[FACT_PHONE_LOG_ACTIVITY_AGENT] C   lEFT JOIN
  [dbo].[FACT_AGENT_TRAINING_REF_V] atr
  ON c.DATEKEY=atr.DATEKEY
  and c.NRDP_AGENT_FISCAL_PERIOD_ID= atr.NRDP_AGENT_FISCAL_PERIOD_ID left join 
[DIM_TABULAR_AGENT_SKILL_LOCATION_LKP] agt WITH (NOLOCK)
on C.PERNR_NUM = AGT.PERNR_NUM
AND C.FISCAL_PERIOD_INT = AGT.FISCAL_PERIOD_INT
"
FACT_MDM_PITCHES_MOVES_V,"












CREATE VIEW [dbo].[FACT_MDM_PITCHES_MOVES_V] AS 
SELECT CAST(1 AS INT) AS SERIES_ID, 
 C.[FISCAL_PERIOD_INT]
	  ,COALESCE(D.[FISCAL_PERIOD_TODATE_INT],C.[FISCAL_PERIOD_INT]) AS [FISCAL_PERIOD_TODATE_INT]
      ,C.[CALENDAR_DATE]
      ,c.DATEKEY,C.CUSTOMER_ACCOUNT_KEY % 100 AS CUSTOMER_ACCOUNT_KEY
--,C.[NRDP_AGENT_FISCAL_PERIOD_ID]
,c.BASE_RGU_PROFILE_ID 
,c.[NRDP_CALL_ATTRIBUTE_ID] 
,c.[NRDP_CLV_ATTRIBUTE_ID]
,C.[TRANSFER_ORIGIN_AGENT_ID]
,C.[TRANSFER_ORIGIN_IACT_ID]
,c.[TENURE_ID]
,C.[PERNR_NUM]  -- Added by SS on 8/3/21
,coalesce(c.[NBX_M2M_ID],-1) [NBX_M2M_ID]
      ,COALESCE(agt.[AGENT_SKILL_LOCATION_ID],-1) AS AGENT_SKILL_LOCATION_ID 
      ,COALESCE(agt.SK_PERSON_HIER_ID,-1) AS PERSON_HIER_ID
      , COALESCE(agt.AGENT_TENURE_HIER_ID,-1) AS AGENT_TENURE_HIER_ID
	  ,COALESCE(atr.AGENT_TRAINING_ID,-1) AS AGENT_TRAINING_ID

      ,[XH_PITCH]
      ,[XM_PITCH]
      ,[MOVE_DISCONNECT]
      ,[MOVE_CONNECT]

,COALESCE(c.SENTIMENT_QA_ID,100000) AS SENTIMENT_QA_ID
,ADD_XI_TIER_PROMO60_INTERNET_ESSENTIALS_CONN_CNT
,DROP_XI_TIER_PROMO60_INTERNET_ESSENTIALS_DISCO_CNT
      ,[XM_LINE_PITCH]
      ,[XM_LINE_PITCH_COUNT]
      ,[XM_LINE_PITCH_SOLD]
      ,[XM_LINE_PITCH_ORDER_COUNT]
	  ,NULLIF(XM_LINE_NEXIDIA_PITCH_SOLD,0) AS XM_LINE_NEXIDIA_PITCH_SOLD  -- Added by SS ON 8/2/21
	  ,NULLIF(XM_LINE_NEXIDIA_PITCH_COUNT,0) AS XM_LINE_NEXIDIA_PITCH_COUNT -- Added by SS ON 8/2/21
,coalesce(cdr.CALL_DRIVER_GROUP1_ID,0) as CALL_DRIVER_GROUP1_ID
,coalesce(cdr.CALL_DRIVER_GROUP2_ID,0) as CALL_DRIVER_GROUP2_ID
,coalesce(cdr.CALL_DRIVER_GROUP1_ID,0) as CALL_DRIVER_GROUP3_ID
,coalesce(cdr.SPEECH_QUERY_GROUP1_ID,0) as SPEECH_QUERY_GROUP1_ID
,coalesce(cdr.SPEECH_QUERY_GROUP2_ID,0) as SPEECH_QUERY_GROUP2_ID
 ,[NRDP_CUST_MAP_ID]
,COALESCE(EBB.PRODCAT_EBB_ID,0) AS PRODCAT_EBB_ID
,CAST(-1 AS INTEGER) MOVE_INCOME_CONSTRAINED_ID
FROM  [NRDP_DM].[dbo].[FACT_PITCHES_MOVES] C left join 
  DIM_CURRENT_TODATE D 
  ON C.CALENDAR_DATE = D.CALENDAR_DATE left join 
  FACT_CALL_DRIVER_SPEECH_QUERY_REF cdr
  ON C.FISCAL_PERIOD_INT = cdr.FISCAL_PERIOD_INT
  AND C.CALENDAR_DATE = cdr.CALENDAR_DATE
  AND C.METRIC_SOURCE = cdr.METRIC_SOURCE
  AND C.METRIC_SOURCE_KEY = cdr.METRIC_SOURCE_KEY left join 
[DIM_TABULAR_AGENT_SKILL_LOCATION_LKP] agt
on C.PERNR_NUM = AGT.PERNR_NUM
AND C.FISCAL_PERIOD_INT = AGT.FISCAL_PERIOD_INT 
left join FACT_PRODCAT_EBB_REF EBB with (nolock)
    on c.[FISCAL_PERIOD_INT] = EBB.[FISCAL_PERIOD_INT]
  and c.[METRIC_SOURCE] = EBB.[METRIC_SOURCE]
  and  c.[CALENDAR_DATE] =EBB.[CALENDAR_DATE]
  and c.[METRIC_SOURCE_KEY] = EBB.[METRIC_SOURCE_KEY] lEFT JOIN
  [dbo].[FACT_AGENT_TRAINING_REF_V] atr WITH (NOLOCK)
  ON c.DATEKEY=atr.DATEKEY
  and c.NRDP_AGENT_FISCAL_PERIOD_ID= atr.NRDP_AGENT_FISCAL_PERIOD_ID 
WHERE C.FISCAL_PERIOD_INT > 201812
"
FACT_MDM_RUN_RATE_V,"



CREATE view [dbo].[FACT_MDM_RUN_RATE_V]
AS
SELECT DISTINCT DATEDIFF(DAY, FISCAL_PERIOD_BEGIN_DATE,FISCAL_PERIOD_END_DATE) +1 AS NO_OF_DAYS, 
CASE WHEN FISCAL_PERIOD IN (SELECT MAX(FISCAL_PERIOD) FROM DIM_DATE_CUSTOM_PERIODS) THEN DATEDIFF(DAY,FISCAL_PERIOD_BEGIN_DATE,GETDATE()) -1 
       ELSE DATEDIFF(DAY, FISCAL_PERIOD_BEGIN_DATE,FISCAL_PERIOD_END_DATE)+1 END AS COUNT,
1 as DAILY_COUNT,
FISCAL_PERIOD,
convert(varchar(8),cast(CALENDAR_DATE as date),112) AS DATEKEY
from DIM_DATE
WHERE FISCAL_PERIOD >= '2018-01'  AND  CALENDAR_DATE <= (SELECT CALENDAR_DATE FROM  [dbo].[DIM_DATE_LATEST_DAY_SNAPSHOT])
"
FACT_MDM_S4X_V,"








/****** Script for SELECT CAST(1 AS INT) AS SERIES_ID,TopNRows command from SSMS  ******/
CREATE VIEW [dbo].[FACT_MDM_S4X_V] AS 
SELECT CAST(1 AS INT) AS SERIES_ID, 
 C.[FISCAL_PERIOD_INT]
	  ,COALESCE(D.[FISCAL_PERIOD_TODATE_INT],C.[FISCAL_PERIOD_INT]) AS [FISCAL_PERIOD_TODATE_INT]
      ,C.[CALENDAR_DATE]
      ,c.DATEKEY,C.CUSTOMER_ACCOUNT_KEY % 100 AS CUSTOMER_ACCOUNT_KEY
,COALESCE(EBB.CUSTOMER_EBB_BULK_KEY,0) AS CUSTOMER_EBB_BULK_KEY

--,C.[NRDP_AGENT_FISCAL_PERIOD_ID]
,C.[PERNR_NUM]
,c.BASE_RGU_PROFILE_ID 
,c.[NRDP_CALL_ATTRIBUTE_ID] 
,c.[NRDP_CLV_ATTRIBUTE_ID]
,C.[TRANSFER_ORIGIN_AGENT_ID]
,C.[TRANSFER_ORIGIN_IACT_ID]
,c.[TENURE_ID]
,coalesce(c.[NBX_M2M_ID],-1) [NBX_M2M_ID]
,coalesce(C.SENTIMENT_QA_ID,100000) as SENTIMENT_QA_ID
,COALESCE(atr.AGENT_TRAINING_ID,-1) AS AGENT_TRAINING_ID
,COALESCE(agt.[AGENT_SKILL_LOCATION_ID],-1) AS AGENT_SKILL_LOCATION_ID 
,COALESCE(agt.SK_PERSON_HIER_ID,-1) AS PERSON_HIER_ID
, COALESCE(agt.AGENT_TENURE_HIER_ID,-1) AS AGENT_TENURE_HIER_ID
  
      ,[S4X_EVALUATION_CNT]
      ,[S4X_INTERACTION_SOURCE_TYPE]
      ,[S4X_EVALUATION_SOURCE]
      ,[S4X_OVERALL_TOTAL_BEHAVIOR_POINTS_POSSIBLE]
      ,[S4X_OVERALL_TOTAL_BEHAVIORS_POINTS_EARNED]
      ,[S4X_BE_WARM_AND_FRIENDLY_POINTS_POSSIBLE]
      ,[S4X_BE_WARM_AND_FRIENDLY_POINTS_EARNED]
      ,[S4X_OWN_IT_POINTS_POSSIBLE]
      ,[S4X_OWN_IT_POINTS_EARNED]
      ,[S4X_SHOW_APPRECIATION_POINTS_POSSIBLE]
      ,[S4X_SHOW_APPRECIATION_POINTS_EARNED]
      ,[S4X_MAKE_IT_EFFORTLESS_POINTS_POSSIBLE]
      ,[S4X_MAKE_IT_EFFORTLESS_POINTS_EARNED]
      ,[S4X_LISTEN_ACTIVELY_AND_RESPOND_APPROPRIATELY_POINTS_POSSIBLE]
      ,[S4X_LISTEN_ACTIVELY_AND_RESPOND_APPROPRIATELY_POINTS_EARNED]
      ,[S4X_DISCOVER_NEEDS_POINTS_POSSIBLE]
      ,[S4X_DISCOVER_NEEDS_POINTS_EARNED]
      ,[S4X_BE_AN_XFINITY_AMBASSADOR_POINTS_POSSIBLE]
      ,[S4X_BE_AN_XFINITY_AMBASSADOR_POINTS_EARNED]
      ,[S4X_SET_CLEAR_EXPECTATIONS_POINTS_POSSIBLE]
      ,[S4X_SET_CLEAR_EXPECTATIONS_POINTS_EARNED]
      ,[S4X_CUSTOMER_APPROVAL_POINTS_POSSIBLE]
      ,[S4X_CUSTOMER_APPROVAL_POINTS_EARNED]
      ,[S4X_CUSTOMER_INTERACTION_POLICY_POINTS_POSSIBLE]
      ,[S4X_CUSTOMER_INTERACTION_POLICY_POINTS_EARNED]
      ,[S4X_AUTHENTICATION_POINTS_POSSIBLE]
      ,[S4X_AUTHENTICATION_POINTS_EARNED]
      ,[S4X_RISK_MANAGEMENT_POINTS_POSSIBLE]
      ,[S4X_RISK_MANAGEMENT_POINTS_EARNED]
      ,[S4X_ACCOUNT_NOTATION_POINTS_POSSIBLE]
      ,[S4X_ACCOUNT_NOTATION_POINTS_EARNED]
      ,[S4X_TRANSACTION_ACCURACY_POINTS_POSSIBLE]
      ,[S4X_TRANSACTION_ACCURACY_POINTS_EARNED]
	  ,[TOTALBPACOUNT]
	  ,[TOTALREDFLAGCOUNT]
,coalesce(cdr.CALL_DRIVER_GROUP1_ID,0) as CALL_DRIVER_GROUP1_ID
,coalesce(cdr.CALL_DRIVER_GROUP2_ID,0) as CALL_DRIVER_GROUP2_ID
,coalesce(cdr.CALL_DRIVER_GROUP1_ID,0) as CALL_DRIVER_GROUP3_ID
,coalesce(cdr.SPEECH_QUERY_GROUP1_ID,0) as SPEECH_QUERY_GROUP1_ID
,coalesce(cdr.SPEECH_QUERY_GROUP2_ID,0) as SPEECH_QUERY_GROUP2_ID
,COALESCE(EBB.PRODCAT_EBB_ID,0) AS PRODCAT_EBB_ID
,DATEADD(YEAR,1,C.CALENDAR_DATE) AS YRAGO_DATE
,DATEADD(M,1,C.CALENDAR_DATE) AS PRIOR_DATE
 FROM  
  [NRDP_DM].[dbo].[FACT_S4X] C left join 
  DIM_CURRENT_TODATE D 
  ON C.CALENDAR_DATE = D.CALENDAR_DATE left join 
  FACT_CALL_DRIVER_SPEECH_QUERY_REF cdr
  ON C.FISCAL_PERIOD_INT = cdr.FISCAL_PERIOD_INT
  AND C.CALENDAR_DATE = cdr.CALENDAR_DATE
  AND C.METRIC_SOURCE = cdr.METRIC_SOURCE
  AND C.METRIC_SOURCE_KEY = cdr.METRIC_SOURCE_KEY left join 
[DIM_TABULAR_AGENT_SKILL_LOCATION_LKP] agt
on C.PERNR_NUM = AGT.PERNR_NUM
AND C.FISCAL_PERIOD_INT = AGT.FISCAL_PERIOD_INT lEFT JOIN
  [dbo].[FACT_AGENT_TRAINING_REF_V] atr
  ON c.DATEKEY=atr.DATEKEY
  and c.NRDP_AGENT_FISCAL_PERIOD_ID= atr.NRDP_AGENT_FISCAL_PERIOD_ID
left join FACT_EBB_BULK_REF EBB with (nolock)
    on c.[FISCAL_PERIOD_INT] = EBB.[FISCAL_PERIOD_INT]
  and c.[METRIC_SOURCE] = EBB.[METRIC_SOURCE]
  and  c.[CALENDAR_DATE] =EBB.[CALENDAR_DATE]
  and c.[METRIC_SOURCE_KEY] = EBB.[METRIC_SOURCE_KEY]

WHERE C.FISCAL_PERIOD_INT > 201812
"
FACT_MDM_SALES_TRACK_COMBO_V,"


CREATE VIEW [dbo].[FACT_MDM_SALES_TRACK_COMBO_V] AS 

SELECT CAST(1 AS INT) AS SERIES_ID, 
 C.[FISCAL_PERIOD_INT]
	  , C.[FISCAL_PERIOD_INT] AS [FISCAL_PERIOD_TODATE_INT]
      ,C.[CALENDAR_DATE]
      ,c.DATEKEY
,C.CUSTOMER_ACCOUNT_KEY % 100 AS CUSTOMER_ACCOUNT_KEY
,COALESCE(EBB.CUSTOMER_EBB_BULK_KEY,0) AS CUSTOMER_EBB_BULK_KEY

--,C.[NRDP_AGENT_FISCAL_PERIOD_ID]
,C.[PERNR_NUM]
,c.BASE_RGU_PROFILE_ID 
,c.[NRDP_CALL_ATTRIBUTE_ID] 
,c.[NRDP_CLV_ATTRIBUTE_ID]
,C.[TRANSFER_ORIGIN_AGENT_ID]
,coalesce(cast(C.[TRANSFER_ORIGIN_IACT_ID] as integer),-1) [TRANSFER_ORIGIN_IACT_ID]
,COALESCE(agt.[AGENT_SKILL_LOCATION_ID],-1) AS AGENT_SKILL_LOCATION_ID 
,COALESCE(agt.SK_PERSON_HIER_ID,-1) AS PERSON_HIER_ID
, COALESCE(agt.AGENT_TENURE_HIER_ID,-1) AS AGENT_TENURE_HIER_ID
,c.[TENURE_ID]
	  ,COALESCE(atr.AGENT_TRAINING_ID,-1) AS AGENT_TRAINING_ID
,coalesce(C.NRDP_CUST_MAP_ID,-1) as NRDP_CUST_MAP_ID
,coalesce(C.[NBX_M2M_ID],-1) [NBX_M2M_ID]

,NULLIF(C.XM_R2R_NUM,0) AS XM_R2R_NUM
,C.XM_R2R_DEN 
,NULLIF(C.XH_LEAD_TRACK_NUM,0) AS XH_LEAD_TRACK_NUM
,C.XH_LEAD_TRACK_DEN

,CAST(NULL AS INT) AS XM_R2R_NUM_SO
,CAST(NULL AS INT)XM_R2R_DEN_SO
,CAST(NULL AS INT)  XH_LEAD_TRACK_NUM_SO
,CAST(NULL AS INT) XH_LEAD_TRACK_DEN_S0

,coalesce(C.SENTIMENT_QA_ID,100000) as SENTIMENT_QA_ID
,coalesce(cdr.CALL_DRIVER_GROUP1_ID,0) as CALL_DRIVER_GROUP1_ID
,coalesce(cdr.CALL_DRIVER_GROUP2_ID,0) as CALL_DRIVER_GROUP2_ID
,coalesce(cdr.CALL_DRIVER_GROUP1_ID,0) as CALL_DRIVER_GROUP3_ID
,coalesce(cdr.SPEECH_QUERY_GROUP1_ID,0) as SPEECH_QUERY_GROUP1_ID
,coalesce(cdr.SPEECH_QUERY_GROUP2_ID,0) as SPEECH_QUERY_GROUP2_ID
,COALESCE(EBB.PRODCAT_EBB_ID,0) AS PRODCAT_EBB_ID
FROM   
  [NRDP_DM].[dbo].[FACT_SALES_TRACK] C left join 
  FACT_CALL_DRIVER_SPEECH_QUERY_REF cdr
  ON C.FISCAL_PERIOD_INT = cdr.FISCAL_PERIOD_INT
  AND C.CALENDAR_DATE = cdr.CALENDAR_DATE
  AND C.METRIC_SOURCE = cdr.METRIC_SOURCE
  AND C.METRIC_SOURCE_KEY = cdr.METRIC_SOURCE_KEY left join 
[DIM_TABULAR_AGENT_SKILL_LOCATION_LKP] agt
on C.PERNR_NUM = AGT.PERNR_NUM
AND C.FISCAL_PERIOD_INT = AGT.FISCAL_PERIOD_INT 
left join FACT_EBB_BULK_REF EBB with (nolock)
    on c.[FISCAL_PERIOD_INT] = EBB.[FISCAL_PERIOD_INT]
  and c.[METRIC_SOURCE] = EBB.[METRIC_SOURCE]
  and  c.[CALENDAR_DATE] =EBB.[CALENDAR_DATE]
  and c.[METRIC_SOURCE_KEY] = EBB.[METRIC_SOURCE_KEY]  lEFT JOIN
  [dbo].[FACT_AGENT_TRAINING_REF_V] atr WITH (NOLOCK)
  ON c.DATEKEY=atr.DATEKEY
  and c.NRDP_AGENT_FISCAL_PERIOD_ID= atr.NRDP_AGENT_FISCAL_PERIOD_ID 
WHERE C.FISCAL_PERIOD_INT > 201812
UNION ALL

SELECT CAST(1 AS INT) AS SERIES_ID 
 ,C.[FISCAL_PERIOD_INT]
	  , C.[FISCAL_PERIOD_INT] AS [FISCAL_PERIOD_TODATE_INT]

,CAST(CAST(C.[ORDER_DATEKEY] AS VARCHAR(8)) AS DATE) CALENDAR_DATE
,C.[ORDER_DATEKEY] AS DATEKEY

,C.CUSTOMER_ACCOUNT_KEY % 100 AS CUSTOMER_ACCOUNT_KEY
,COALESCE(EBB.CUSTOMER_EBB_BULK_KEY,0) AS CUSTOMER_EBB_BULK_KEY

--,C.[NRDP_AGENT_FISCAL_PERIOD_ID]
,C.[PERNR_NUM]
,c.BASE_RGU_PROFILE_ID 
,c.[NRDP_CALL_ATTRIBUTE_ID] 
,c.[NRDP_CLV_ATTRIBUTE_ID]
,C.[TRANSFER_ORIGIN_AGENT_ID]
,coalesce(cast(C.[TRANSFER_ORIGIN_IACT_ID] as integer),-1) [TRANSFER_ORIGIN_IACT_ID]
      ,COALESCE(agt.[AGENT_SKILL_LOCATION_ID],-1) AS AGENT_SKILL_LOCATION_ID 
      ,COALESCE(agt.SK_PERSON_HIER_ID,-1) AS PERSON_HIER_ID
      , COALESCE(agt.AGENT_TENURE_HIER_ID,-1) AS AGENT_TENURE_HIER_ID
	  ,COALESCE(atr.AGENT_TRAINING_ID,-1) AS AGENT_TRAINING_ID
,coalesce(C.NRDP_CUST_MAP_ID,-1) as NRDP_CUST_MAP_ID
,c.[TENURE_ID]
,coalesce(C.[NBX_M2M_ID],-1) [NBX_M2M_ID]

,CAST(NULL AS INT) AS XM_R2R_NUM
,CAST(NULL AS INT)XM_R2R_DEN 
,CAST(NULL AS INT)  XH_LEAD_TRACK_NUM
,CAST(NULL AS INT) XH_LEAD_TRACK_DEN

,NULLIF(C.XM_R2R_NUM,0) AS XM_R2R_NUM_SO
,C.XM_R2R_DEN AS XM_R2R_DEN_SO
,NULLIF(C.XH_LEAD_TRACK_NUM,0) AS XH_LEAD_TRACK_NUM_SO
,C.XH_LEAD_TRACK_DEN AS XH_LEAD_TRACK_DEN_SO

,coalesce(C.SENTIMENT_QA_ID,100000) as SENTIMENT_QA_ID
,coalesce(cdr.CALL_DRIVER_GROUP1_ID,0) as CALL_DRIVER_GROUP1_ID
,coalesce(cdr.CALL_DRIVER_GROUP2_ID,0) as CALL_DRIVER_GROUP2_ID
,coalesce(cdr.CALL_DRIVER_GROUP1_ID,0) as CALL_DRIVER_GROUP3_ID
,coalesce(cdr.SPEECH_QUERY_GROUP1_ID,0) as SPEECH_QUERY_GROUP1_ID
,coalesce(cdr.SPEECH_QUERY_GROUP2_ID,0) as SPEECH_QUERY_GROUP2_ID
,COALESCE(EBB.PRODCAT_EBB_ID,0) AS PRODCAT_EBB_ID
--,DATEADD(YEAR,1,C.CALENDAR_DATE) AS YRAGO_DATE
--,DATEADD(M,1,C.CALENDAR_DATE) AS PRIOR_DATE
FROM   
  [NRDP_DM].[dbo].[FACT_SALES_TRACK] C Left join 
  FACT_CALL_DRIVER_SPEECH_QUERY_REF cdr
  ON C.FISCAL_PERIOD_INT = cdr.FISCAL_PERIOD_INT
  AND C.CALENDAR_DATE = cdr.CALENDAR_DATE
  AND C.METRIC_SOURCE = cdr.METRIC_SOURCE
  AND C.METRIC_SOURCE_KEY = cdr.METRIC_SOURCE_KEY left join 
[DIM_TABULAR_AGENT_SKILL_LOCATION_LKP] agt
on C.PERNR_NUM = AGT.PERNR_NUM
AND C.FISCAL_PERIOD_INT = AGT.FISCAL_PERIOD_INT
left join FACT_EBB_BULK_REF EBB with (nolock)
    on c.[FISCAL_PERIOD_INT] = EBB.[FISCAL_PERIOD_INT]
  and c.[METRIC_SOURCE] = EBB.[METRIC_SOURCE]
  and  c.[CALENDAR_DATE] =EBB.[CALENDAR_DATE]
  and c.[METRIC_SOURCE_KEY] = EBB.[METRIC_SOURCE_KEY]  lEFT JOIN
  [dbo].[FACT_AGENT_TRAINING_REF_V] atr WITH (NOLOCK)
  ON c.DATEKEY=atr.DATEKEY
  and c.NRDP_AGENT_FISCAL_PERIOD_ID= atr.NRDP_AGENT_FISCAL_PERIOD_ID 
   WHERE [ORDER_DATEKEY] IS NOT NULL
   and C.FISCAL_PERIOD_INT > 201812


"
FACT_MDM_SALES_TRACK_ORDERCMPLTN_V,"

CREATE VIEW [dbo].[FACT_MDM_SALES_TRACK_ORDERCMPLTN_V] AS 
SELECT CAST(1 AS INT) AS SERIES_ID, 
C.[ORDER_DATEKEY] AS DATEKEY
,CAST(CAST(C.[ORDER_DATEKEY] AS VARCHAR(8)) AS DATE) CALENDAR_DATE
,c.[FISCAL_PERIOD_INT]
	  ,COALESCE(D.[FISCAL_PERIOD_TODATE_INT],C.[FISCAL_PERIOD_INT]) AS [FISCAL_PERIOD_TODATE_INT]

,C.CUSTOMER_ACCOUNT_KEY % 100 AS CUSTOMER_ACCOUNT_KEY
,COALESCE(EBB.CUSTOMER_EBB_BULK_KEY,-1) AS CUSTOMER_EBB_BULK_KEY

--,C.[NRDP_AGENT_FISCAL_PERIOD_ID]
,C.[PERNR_NUM]
,c.BASE_RGU_PROFILE_ID 
,c.[NRDP_CALL_ATTRIBUTE_ID] 
,c.[NRDP_CLV_ATTRIBUTE_ID]
,C.[TRANSFER_ORIGIN_AGENT_ID]
,coalesce(cast(C.[TRANSFER_ORIGIN_IACT_ID] as integer),-1) [TRANSFER_ORIGIN_IACT_ID]
      ,COALESCE(agt.[AGENT_SKILL_LOCATION_ID],-1) AS AGENT_SKILL_LOCATION_ID 
      ,COALESCE(agt.SK_PERSON_HIER_ID,-1) AS PERSON_HIER_ID
      , COALESCE(agt.AGENT_TENURE_HIER_ID,-1) AS AGENT_TENURE_HIER_ID
	  ,COALESCE(atr.AGENT_TRAINING_ID,-1) AS AGENT_TRAINING_ID
,coalesce(C.NRDP_CUST_MAP_ID,-1) as NRDP_CUST_MAP_ID
,c.[TENURE_ID]
,coalesce(C.[NBX_M2M_ID],-1) [NBX_M2M_ID]
,NULLIF(C.XM_R2R_NUM,0) AS XM_R2R_NUM
,C.XM_R2R_DEN 
,NULLIF(C.XH_LEAD_TRACK_NUM,0) AS XH_LEAD_TRACK_NUM
,C.XH_LEAD_TRACK_DEN
,coalesce(C.SENTIMENT_QA_ID,100000) as SENTIMENT_QA_ID
,coalesce(cdr.CALL_DRIVER_GROUP1_ID,0) as CALL_DRIVER_GROUP1_ID
,coalesce(cdr.CALL_DRIVER_GROUP2_ID,0) as CALL_DRIVER_GROUP2_ID
,coalesce(cdr.CALL_DRIVER_GROUP1_ID,0) as CALL_DRIVER_GROUP3_ID
,coalesce(cdr.SPEECH_QUERY_GROUP1_ID,0) as SPEECH_QUERY_GROUP1_ID
,coalesce(cdr.SPEECH_QUERY_GROUP2_ID,0) as SPEECH_QUERY_GROUP2_ID
,COALESCE(EBB.PRODCAT_EBB_ID,0) AS PRODCAT_EBB_ID
,DATEADD(YEAR,1,C.CALENDAR_DATE) AS YRAGO_DATE
,DATEADD(M,1,C.CALENDAR_DATE) AS PRIOR_DATE
FROM   
  [NRDP_DM].[dbo].[FACT_SALES_TRACK] C left join 
  DIM_CURRENT_TODATE D 
  ON C.CALENDAR_DATE = D.CALENDAR_DATE left join 
  FACT_CALL_DRIVER_SPEECH_QUERY_REF cdr
  ON C.FISCAL_PERIOD_INT = cdr.FISCAL_PERIOD_INT
  AND C.CALENDAR_DATE = cdr.CALENDAR_DATE
  AND C.METRIC_SOURCE = cdr.METRIC_SOURCE
  AND C.METRIC_SOURCE_KEY = cdr.METRIC_SOURCE_KEY left join 
[DIM_TABULAR_AGENT_SKILL_LOCATION_LKP] agt
on C.PERNR_NUM = AGT.PERNR_NUM
AND C.FISCAL_PERIOD_INT = AGT.FISCAL_PERIOD_INT
left join FACT_EBB_BULK_REF EBB with (nolock)
    on c.[FISCAL_PERIOD_INT] = EBB.[FISCAL_PERIOD_INT]
  and c.[METRIC_SOURCE] = EBB.[METRIC_SOURCE]
  and  c.[CALENDAR_DATE] =EBB.[CALENDAR_DATE]
  and c.[METRIC_SOURCE_KEY] = EBB.[METRIC_SOURCE_KEY]  lEFT JOIN
  [dbo].[FACT_AGENT_TRAINING_REF_V] atr WITH (NOLOCK)
  ON c.DATEKEY=atr.DATEKEY
  and c.NRDP_AGENT_FISCAL_PERIOD_ID= atr.NRDP_AGENT_FISCAL_PERIOD_ID 
   WHERE [ORDER_DATEKEY] IS NOT NULL
   and C.FISCAL_PERIOD_INT > 201812
"
FACT_MDM_SALES_TRACK_V,"






CREATE VIEW [dbo].[FACT_MDM_SALES_TRACK_V] AS 

SELECT CAST(1 AS INT) AS SERIES_ID, 
 C.[FISCAL_PERIOD_INT]
	  , C.[FISCAL_PERIOD_INT] AS [FISCAL_PERIOD_TODATE_INT]
      ,C.[CALENDAR_DATE]
      ,c.DATEKEY
,C.CUSTOMER_ACCOUNT_KEY % 100 AS CUSTOMER_ACCOUNT_KEY
,COALESCE(EBB.CUSTOMER_EBB_BULK_KEY,0) AS CUSTOMER_EBB_BULK_KEY

--,C.[NRDP_AGENT_FISCAL_PERIOD_ID]
,C.[PERNR_NUM]
,c.BASE_RGU_PROFILE_ID 
,c.[NRDP_CALL_ATTRIBUTE_ID] 
,c.[NRDP_CLV_ATTRIBUTE_ID]
,C.[TRANSFER_ORIGIN_AGENT_ID]
,coalesce(cast(C.[TRANSFER_ORIGIN_IACT_ID] as integer),-1) [TRANSFER_ORIGIN_IACT_ID]
,COALESCE(agt.[AGENT_SKILL_LOCATION_ID],-1) AS AGENT_SKILL_LOCATION_ID 
,COALESCE(agt.SK_PERSON_HIER_ID,-1) AS PERSON_HIER_ID
, COALESCE(agt.AGENT_TENURE_HIER_ID,-1) AS AGENT_TENURE_HIER_ID
,c.[TENURE_ID]
	  ,COALESCE(atr.AGENT_TRAINING_ID,-1) AS AGENT_TRAINING_ID
,coalesce(C.NRDP_CUST_MAP_ID,-1) as NRDP_CUST_MAP_ID
,coalesce(C.[NBX_M2M_ID],-1) [NBX_M2M_ID]

,NULLIF(C.XM_R2R_NUM,0) AS XM_R2R_NUM
,C.XM_R2R_DEN 
,NULLIF(C.XH_LEAD_TRACK_NUM,0) AS XH_LEAD_TRACK_NUM
,C.XH_LEAD_TRACK_DEN

,CAST(NULL AS INT) AS XM_R2R_NUM_SO
,CAST(NULL AS INT)XM_R2R_DEN_SO
,CAST(NULL AS INT)  XH_LEAD_TRACK_NUM_SO
,CAST(NULL AS INT) XH_LEAD_TRACK_DEN_S0
,CAST(NULL AS INT)  XH_LEAD_TRACK_NUM_SO_DEDUPE

,coalesce(C.SENTIMENT_QA_ID,100000) as SENTIMENT_QA_ID
,coalesce(cdr.CALL_DRIVER_GROUP1_ID,0) as CALL_DRIVER_GROUP1_ID
,coalesce(cdr.CALL_DRIVER_GROUP2_ID,0) as CALL_DRIVER_GROUP2_ID
,coalesce(cdr.CALL_DRIVER_GROUP1_ID,0) as CALL_DRIVER_GROUP3_ID
,coalesce(cdr.SPEECH_QUERY_GROUP1_ID,0) as SPEECH_QUERY_GROUP1_ID
,coalesce(cdr.SPEECH_QUERY_GROUP2_ID,0) as SPEECH_QUERY_GROUP2_ID
,COALESCE(EBB.PRODCAT_EBB_ID,0) AS PRODCAT_EBB_ID
,CAST(-1 AS INTEGER) MOVE_INCOME_CONSTRAINED_ID

FROM   
  [NRDP_DM].[dbo].[FACT_SALES_TRACK] C left join 
  FACT_CALL_DRIVER_SPEECH_QUERY_REF cdr
  ON C.FISCAL_PERIOD_INT = cdr.FISCAL_PERIOD_INT
  AND C.CALENDAR_DATE = cdr.CALENDAR_DATE
  AND C.METRIC_SOURCE = cdr.METRIC_SOURCE
  AND C.METRIC_SOURCE_KEY = cdr.METRIC_SOURCE_KEY left join 
[DIM_TABULAR_AGENT_SKILL_LOCATION_LKP] agt
on C.PERNR_NUM = AGT.PERNR_NUM
AND C.FISCAL_PERIOD_INT = AGT.FISCAL_PERIOD_INT 
left join FACT_EBB_BULK_REF EBB with (nolock)
    on c.[FISCAL_PERIOD_INT] = EBB.[FISCAL_PERIOD_INT]
  and c.[METRIC_SOURCE] = EBB.[METRIC_SOURCE]
  and  c.[CALENDAR_DATE] =EBB.[CALENDAR_DATE]
  and c.[METRIC_SOURCE_KEY] = EBB.[METRIC_SOURCE_KEY]  lEFT JOIN
  [dbo].[FACT_AGENT_TRAINING_REF_V] atr WITH (NOLOCK)
  ON c.DATEKEY=atr.DATEKEY
  and c.NRDP_AGENT_FISCAL_PERIOD_ID= atr.NRDP_AGENT_FISCAL_PERIOD_ID 
WHERE C.FISCAL_PERIOD_INT > 201812
UNION ALL

SELECT CAST(1 AS INT) AS SERIES_ID 
 ,C.[FISCAL_PERIOD_INT]
	  , C.[FISCAL_PERIOD_INT] AS [FISCAL_PERIOD_TODATE_INT]

,CAST(CAST(C.[ORDER_DATEKEY] AS VARCHAR(8)) AS DATE) CALENDAR_DATE
,C.[ORDER_DATEKEY] AS DATEKEY

,C.CUSTOMER_ACCOUNT_KEY % 100 AS CUSTOMER_ACCOUNT_KEY
,COALESCE(EBB.CUSTOMER_EBB_BULK_KEY,0) AS CUSTOMER_EBB_BULK_KEY

--,C.[NRDP_AGENT_FISCAL_PERIOD_ID]
,C.[PERNR_NUM]
,c.BASE_RGU_PROFILE_ID 
,c.[NRDP_CALL_ATTRIBUTE_ID] 
,c.[NRDP_CLV_ATTRIBUTE_ID]
,C.[TRANSFER_ORIGIN_AGENT_ID]
,coalesce(cast(C.[TRANSFER_ORIGIN_IACT_ID] as integer),-1) [TRANSFER_ORIGIN_IACT_ID]
      ,COALESCE(agt.[AGENT_SKILL_LOCATION_ID],-1) AS AGENT_SKILL_LOCATION_ID 
      ,COALESCE(agt.SK_PERSON_HIER_ID,-1) AS PERSON_HIER_ID
      , COALESCE(agt.AGENT_TENURE_HIER_ID,-1) AS AGENT_TENURE_HIER_ID
	  ,COALESCE(atr.AGENT_TRAINING_ID,-1) AS AGENT_TRAINING_ID
,coalesce(C.NRDP_CUST_MAP_ID,-1) as NRDP_CUST_MAP_ID
,c.[TENURE_ID]
,coalesce(C.[NBX_M2M_ID],-1) [NBX_M2M_ID]

,CAST(NULL AS INT) AS XM_R2R_NUM
,CAST(NULL AS INT) XM_R2R_DEN 
,CAST(NULL AS INT)  XH_LEAD_TRACK_NUM
,CAST(NULL AS INT) XH_LEAD_TRACK_DEN

,NULLIF(C.XM_R2R_NUM,0) AS XM_R2R_NUM_SO
,C.XM_R2R_DEN AS XM_R2R_DEN_SO
,NULLIF(C.XH_LEAD_TRACK_NUM,0) AS XH_LEAD_TRACK_NUM_SO
,C.XH_LEAD_TRACK_DEN AS XH_LEAD_TRACK_DEN_SO
,NULLIF(C.XH_LEAD_TRACK_NUM_DEDUPE,0) AS XH_LEAD_TRACK_NUM_SO_DEDUPE


,coalesce(C.SENTIMENT_QA_ID,100000) as SENTIMENT_QA_ID
,coalesce(cdr.CALL_DRIVER_GROUP1_ID,0) as CALL_DRIVER_GROUP1_ID
,coalesce(cdr.CALL_DRIVER_GROUP2_ID,0) as CALL_DRIVER_GROUP2_ID
,coalesce(cdr.CALL_DRIVER_GROUP1_ID,0) as CALL_DRIVER_GROUP3_ID
,coalesce(cdr.SPEECH_QUERY_GROUP1_ID,0) as SPEECH_QUERY_GROUP1_ID
,coalesce(cdr.SPEECH_QUERY_GROUP2_ID,0) as SPEECH_QUERY_GROUP2_ID
,COALESCE(EBB.PRODCAT_EBB_ID,0) AS PRODCAT_EBB_ID
,CAST(-1 AS INTEGER) MOVE_INCOME_CONSTRAINED_ID
--,DATEADD(YEAR,1,C.CALENDAR_DATE) AS YRAGO_DATE
--,DATEADD(M,1,C.CALENDAR_DATE) AS PRIOR_DATE
FROM   
  [NRDP_DM].[dbo].[FACT_SALES_TRACK] C JOIN 
  [dbo].[DIM_DATE_CUSTOM_PERIODS_V] D
  ON C.ORDER_DATEKEY = d.DATEKEY  Left join 
  FACT_CALL_DRIVER_SPEECH_QUERY_REF cdr
  ON C.FISCAL_PERIOD_INT = cdr.FISCAL_PERIOD_INT
  AND C.CALENDAR_DATE = cdr.CALENDAR_DATE
  AND C.METRIC_SOURCE = cdr.METRIC_SOURCE
  AND C.METRIC_SOURCE_KEY = cdr.METRIC_SOURCE_KEY left join 
[DIM_TABULAR_AGENT_SKILL_LOCATION_LKP] agt
on C.PERNR_NUM = AGT.PERNR_NUM
AND d.FISCAL_PERIOD_INT = AGT.FISCAL_PERIOD_INT
left join FACT_EBB_BULK_REF EBB with (nolock)
    on c.[FISCAL_PERIOD_INT] = EBB.[FISCAL_PERIOD_INT]
  and c.[METRIC_SOURCE] = EBB.[METRIC_SOURCE]
  and  c.[CALENDAR_DATE] =EBB.[CALENDAR_DATE]
  and c.[METRIC_SOURCE_KEY] = EBB.[METRIC_SOURCE_KEY]  lEFT JOIN
  [dbo].[FACT_AGENT_TRAINING_REF_V] atr WITH (NOLOCK)
  ON c.DATEKEY=atr.DATEKEY
  and c.NRDP_AGENT_FISCAL_PERIOD_ID= atr.NRDP_AGENT_FISCAL_PERIOD_ID 
   WHERE [ORDER_DATEKEY] IS NOT NULL
   and C.FISCAL_PERIOD_INT > 201812


"
FACT_MDM_SALESCOMP_V,"




























CREATE VIEW [dbo].[FACT_MDM_SALESCOMP_V] AS 
SELECT CP.DATEKEY
      ,c.[CALENDAR_DATE]
	  ,c.[FISCAL_PERIOD_INT]
	  ,CAST(1 AS INT) SERIES_ID
      ,C.[PERNR_NUM]
	  ,CAST(-1 AS INT) as [CUSTOMER_ACCOUNT_KEY]
      ,CAST(0 AS INT) as [CUSTOMER_EBB_BULK_KEY]
      ,CAST(-1 AS INT) as [CUSTOMER_ACCOUNT_DEMO_KEY]
	  ,CAST(-1 AS INT) as [NRDP_CALL_ATTRIBUTE_ID]
      ,CAST(-1 AS INT) as [NRDP_CLV_ATTRIBUTE_ID]
      ,CAST(-1 AS INT) as [TRANSFER_ORIGIN_AGENT_ID]
      ,CAST(-1 AS INT) as [TRANSFER_ORIGIN_IACT_ID]
      ,CAST(-1 AS INT) as [TENURE_ID]
      ,CAST(-1 AS INT) as [BASE_RGU_PROFILE_ID]
      ,CAST(100000 AS INT) AS SENTIMENT_QA_ID
	  ,CAST(-1 AS INT) as [NBX_M2M_ID]

	  ,CAST(-1 AS INT) as NRDP_CUST_MAP_ID
      ,CAST(0 AS INT) AS PRODCAT_EBB_ID
	  ,CAST(-1 AS INT) as PRE_NRDP_XAP_EXIT_ID

	  ,COALESCE(atr.AGENT_TRAINING_ID,-1) AS AGENT_TRAINING_ID
	  ,COALESCE(agt.[AGENT_SKILL_LOCATION_ID],-1) AS AGENT_SKILL_LOCATION_ID 
	  ,COALESCE(agt.SK_PERSON_HIER_ID,-1) AS PERSON_HIER_ID
	  , COALESCE(agt.AGENT_TENURE_HIER_ID,-1) AS AGENT_TENURE_HIER_ID
	  --,case when C.pernr_num < 0 then cast(0 as bit) else cast(1 as bit) END AS IS_VALID_PERNR
      ,C.[CALLS_TAKEN_CNT]
      ,C.[CDV_CORE_CNT]
      ,C.[CDV_PAYOUT_AMOUNT]
      ,C.[CX_ACTUAL_CNT]
      ,C.[CX_PAYOUT_AMOUNT]
      ,C.[CX_TARGET_CNT]
      ,C.[HSD_CORE_CNT]
      ,C.[HSI_PAYOUT_AMOUNT]
      ,C.[IQ_CDV_ACTUAL_CNT]
      ,C.[IQ_CDV_ADJUSTED_GOAL_CNT]
      ,C.[IQ_CDV_FULL_GOAL_CNT]
      ,C.[IQ_HSD_ACTUAL_CNT]
      ,C.[IQ_HSD_ADJUSTED_GOAL_CNT]
      ,C.[IQ_HSD_FULL_GOAL_CNT]
      ,C.[IQ_TOTAL_ACTUAL_CNT]
      ,C.[IQ_TOTAL_ADJUSTED_GOAL_CNT]
      ,C.[IQ_TOTAL_FULL_GOAL_CNT]
      ,C.[IQ_VIDEO_ACTUAL_CNT]
      ,C.[IQ_VIDEO_ADJUSTED_GOAL_CNT]
      ,C.[IQ_VIDEO_FULL_GOAL_CNT]
      ,C.[IQ_XFM_ACTUAL_CNT]
      ,C.[IQ_XFM_ADJUSTED_GOAL_CNT]
      ,C.[IQ_XFM_FULL_GOAL_CNT]
      ,C.[IQ_XH_ACTUAL_CNT]
      ,C.[IQ_XHS_ADJUSTED_GOAL_CNT]
      ,C.[IQ_XHS_FULL_GOAL_CNT]
      ,C.[POS_ACTUAL_REVENUE]
      ,C.[POS_REVENUE_PAYOUT]
      ,C.[REVENUE_PAYOUT_AMOUNT]
      ,C.[STORE_RGU_ACTUAL_CNT]
      ,C.[STORE_RGU_TARGET_CNT]
      ,C.[STORE_RGUS_PAYOUT_AMOUNT]
      ,C.[TARGET_REVENUE_AMT]
      ,C.[TOTAL_ANCILLARY_AMT]
      ,C.[TOTAL_ANCILLARY_CNT]
      ,C.[TOTAL_COMMISSION_AMT]
      ,C.[TOTAL_CORE_CNT]
      ,C.[TOTAL_PAYOUT_AMT]
      ,C.[VIDEO_CORE_CNT]
      ,C.[VIDEO_PAYOUT_AMOUNT]
      ,C.[XFM_CORE_CNT]
      ,C.[XFM_PAYOUT_AMOUNT]
      ,C.[XHS_CORE_CNT]
      ,C.[XHS_PAYOUT_AMOUNT]
      ,C.[ACTUAL_REVENUE_AMT]
      ,C.[TOTAL_OPEN_LEADS_CNT]
      ,C.[SALES_DATA_ASOF_DATE]
      ,C.[SALES_TOTAL_INTERACTIONS_CNT]
      ,C.[SALES_TOTAL_CALLS_CNT]
      ,C.[SALES_DISCOVER_NEEDS_ML_SCORE_IND]
      ,C.[SALES_LISTEN_ACTIVELY_ML_SCORE_IND]
      ,C.[SALES_OWN_IT_ML_SCORE_IND]
      ,C.[SALES_SHOW_APPRECIATION_ML_SCORE_IND]
      ,C.[SALES_WARM_FRIENDLY_ML_SCORE_IND]
      ,C.[SALES_XFINITY_AMBASSADOR_ML_SCORE_IND]
 FROM 
  [dbo].[FACT_SALESCOMP] C WITH (NOLOCK)  join
 (SELECT MAX(DATEKEY) AS DATEKEY, MAX(CALENDAR_DATE) AS CALENDAR_DATE ,FISCAL_PERIOD_INT
  FROM DIM_DATE_CUSTOM_PERIODS WHERE CALENDAR_DATE_DESC IS NOT NULL GROUP BY FISCAL_PERIOD_INT ) CP  
  ON C.FISCAL_PERIOD_INT = CP.FISCAL_PERIOD_INT  lEFT JOIN
   [dbo].[FACT_AGENT_TRAINING_REF_V] atr WITH (NOLOCK)
  ON c.CALENDAR_DATE=atr.CALENDAR_DATE
  and c.PERNR_NUM = atr.PERNR_NUM left join 
[DIM_TABULAR_AGENT_SKILL_LOCATION_LKP] agt WITH (NOLOCK)
on C.PERNR_NUM = AGT.PERNR_NUM
AND C.FISCAL_PERIOD_INT = AGT.FISCAL_PERIOD_INT

"
FACT_MDM_SOCIAL_EMAIL_DETAIL_V,"









CREATE VIEW [dbo].[FACT_MDM_SOCIAL_EMAIL_DETAIL_V]
AS
SELECT C.[FISCAL_PERIOD_INT]
      ,c.[METRIC_SOURCE]
      ,C.[CALENDAR_DATE]
      ,c.[METRIC_SOURCE_KEY]
      ,C.[DATEKEY]
      ,[CUSTOMER_ACCOUNT_KEY]
      ,dv.CUSTOMER_ACCOUNT_KEY as  [CUBE_CUSTOMER_ACCOUNT_KEY]
	  ,COALESCE(dv.MOVE_INCOME_CONSTRAINED_ID,-1) as MOVE_INCOME_CONSTRAINED_ID
  	  ,-1 as [CUSTOMER_EBB_BULK_KEY]
      ,-1 as [CUSTOMER_ACCOUNT_DEMO_KEY]
      ,C.[PERNR_NUM]
     , CAST(NULL AS NUMERIC(12,4)) [NRDP_AGENT_FISCAL_PERIOD_ID]
      ,[NRDP_CALL_ATTRIBUTE_ID]
      ,[NRDP_CLV_ATTRIBUTE_ID]
      ,[TRANSFER_ORIGIN_AGENT_ID]
      ,[TRANSFER_ORIGIN_IACT_ID]
      ,[TENURE_ID]
      ,[BASE_RGU_PROFILE_ID]
      ,[SENTIMENT_QA_ID]
      ,[NRDP_CUST_MAP_ID]
      ,[NBX_M2M_ID]
      ,cast(null as int) [AGENT_INTERACTION_ORDER_ID]
	  ,COALESCE(atr.AGENT_TRAINING_ID,-1) AS AGENT_TRAINING_ID
	  ,COALESCE(agt.[AGENT_SKILL_LOCATION_ID],-1) AS AGENT_SKILL_LOCATION_ID 
	  ,COALESCE(agt.SK_PERSON_HIER_ID,-1) AS PERSON_HIER_ID
	  ,COALESCE(agt.AGENT_TENURE_HIER_ID,-1) AS AGENT_TENURE_HIER_ID
	  ,COALESCE(NRDP_DIGITAL_ATTRIBUTE_ID,-1) AS NRDP_DIGITAL_ATTRIBUTE_ID
      ,[INTERACTION_OFFERED_COUNT]
      ,[INTERACTION_HANDLED_COUNT]
      ,NULLIF([TALK_TIME],0) AS TALK_TIME
      ,NULLIF([HOLD_TIME],0) AS HOLD_TIME
      ,NULLIF([WRAP_TIME],0) AS WRAP_TIME
      ,NULLIF([QUEUE_TIME],0) AS QUEUE_TIME
      ,NULLIF([RING_TIME],0) AS RING_TIME
      ,NULLIF([HANDLED_SERVICE_LVL],0) AS HANDLED_SERVICE_LVL
      ,NULLIF([VIRTUAL_HOLD],0) AS VIRTUAL_HOLD
      ,CAST(-1 AS SMALLINT) AS [BILLER_INTERFACE_ID]
      ,CAST(-1 AS BIGINT) AS [PRODCAT_EBB_ID]
      ,NULLIF([BEG_SUB_CNT],0) AS BEG_SUB_CNT
      ,NULLIF([BEG_SUB_XTV_RGU_CNT],0) AS BEG_SUB_XTV_RGU_CNT
      ,NULLIF([BEG_SUB_XI_RGU_CNT],0) AS BEG_SUB_XI_RGU_CNT
      ,NULLIF([BEG_SUB_XV_RGU_CNT],0) AS BEG_SUB_XV_RGU_CNT
      ,NULLIF([BEG_SUB_XH_RGU_CNT],0) AS BEG_SUB_XH_RGU_CNT
      ,NULLIF([BEG_SUB_XM_RGU_CNT],0) AS BEG_SUB_XM_RGU_CNT
      ,NULLIF([BEG_SUB_X1_CNT],0) AS BEG_SUB_X1_CNT
	  
	  ,NULLIF(AGENTTRUEINITIALRESPONSETIME,0) AS AGENTTRUEINITIALRESPONSETIME

	  ,CASE WHEN PROMO_STATUS = 'PROMO-NO-ROLL' AND PR_REV_STEP = '0' THEN 1
     WHEN PROMO_STATUS = 'PROMO-NO-ROLL' AND PR_REV_STEP = '0-5'THEN 2
	 WHEN PROMO_STATUS = 'PROMO-NO-ROLL' AND PR_REV_STEP = '5-10'THEN 3
	 WHEN PROMO_STATUS = 'PROMO-NO-ROLL' AND PR_REV_STEP = '10-20'THEN 4
	 WHEN PROMO_STATUS = 'PROMO-NO-ROLL' AND PR_REV_STEP = '20-30'THEN 5
	 WHEN PROMO_STATUS = 'PROMO-NO-ROLL' AND PR_REV_STEP = '30+'THEN 6
	 WHEN PROMO_STATUS = 'PROMO-ROLL' AND PR_REV_STEP = '0' THEN 7
	 WHEN PROMO_STATUS = 'PROMO-ROLL' AND PR_REV_STEP = '0-5'THEN 8
	 WHEN PROMO_STATUS = 'PROMO-ROLL' AND PR_REV_STEP = '5-10'THEN 9
	 WHEN PROMO_STATUS = 'PROMO-ROLL' AND PR_REV_STEP = '10-20'THEN 10
	 WHEN PROMO_STATUS = 'PROMO-ROLL' AND PR_REV_STEP = '20-30'THEN 11
	 WHEN PROMO_STATUS = 'PROMO-ROLL' AND PR_REV_STEP = '30+' THEN 12
	 WHEN PROMO_STATUS = 'EDP' AND PR_REV_STEP = '0' THEN 13
	 WHEN PROMO_STATUS = 'EDP' AND PR_REV_STEP = '0-5'THEN 14
	 WHEN PROMO_STATUS = 'EDP' AND PR_REV_STEP = '5-10'THEN 15
	 WHEN PROMO_STATUS = 'EDP' AND PR_REV_STEP = '10-20'THEN 16
	 WHEN PROMO_STATUS = 'EDP' AND PR_REV_STEP = '20-30'THEN 17
	 WHEN PROMO_STATUS = 'EDP' AND PR_REV_STEP = '30+' THEN 18
	 WHEN PROMO_STATUS = 'PROMO-ROLL' AND PR_REV_STEP IS NULL THEN 19
	 WHEN PROMO_STATUS = 'PROMO-NO-ROLL' AND PR_REV_STEP IS NULL THEN 20
	 WHEN PROMO_STATUS = 'EDP' AND PR_REV_STEP IS NULL THEN 21
	 WHEN PROMO_STATUS IS NULL AND PR_REV_STEP IS NULL THEN -1
	 ELSE -1 END AS PROMOROLLKEY

,COALESCE(DR.DISCONNECT_REASON_INDICATOR,-1) AS DISCONNECT_REASON_INDICATOR

  FROM [NRDP_DM].[dbo].[FACT_SOCIAL_EMAIL_BASE_DETAIL] C LEFT join
  LKP_DIM_VALUES_INTERACTIONS dv WITH (NOLOCK) 
  ON C.FISCAL_PERIOD_INT =  dv.FISCAL_PERIOD_INT 
  AND c.CALENDAR_DATE = dv.CALENDAR_DATE
  AND c.METRIC_SOURCE = dv.METRIC_SOURCE
  AND c.METRIC_SOURCE_KEY = dv.METRIC_SOURCE_KEY left join
  [dbo].[FACT_AGENT_TRAINING_REF_V] atr WITH (NOLOCK)
  ON c.CALENDAR_DATE=atr.CALENDAR_DATE
  and dv.PERNR_NUM= atr.PERNR_NUM left join 
[DIM_TABULAR_AGENT_SKILL_LOCATION_LKP] agt WITH (NOLOCK)
on C.PERNR_NUM = AGT.PERNR_NUM
AND C.FISCAL_PERIOD_INT = AGT.FISCAL_PERIOD_INT LEFT JOIN
DIM_ACCOUNT_PROMOTION_MONTHLY_SUMMARY AP WITH (NOLOCK)
ON C.METRIC_SOURCE = AP.METRIC_SOURCE
AND C.METRIC_SOURCE_KEY = AP.METRIC_SOURCE_KEY
AND C.CALENDAR_DATE = AP.CALENDAR_DATE
AND C.FISCAL_PERIOD_INT = AP.FISCAL_PERIOD_INT LEFT JOIN 
FACT_DISCONNECT_REASONS DR
ON C.METRIC_SOURCE = DR.METRIC_SOURCE
AND C.METRIC_SOURCE_KEY = DR.METRIC_SOURCE_KEY
AND C.CALENDAR_DATE = DR.CALENDAR_DATE
AND C.FISCAL_PERIOD_INT = DR.FISCAL_PERIOD_INT

"
FACT_MDM_SPRINKLR_AGENT_PERFORMANCEINTERVAL_V,"
CREATE       VIEW [dbo].[FACT_MDM_SPRINKLR_AGENT_PERFORMANCEINTERVAL_V]
AS
SELECT A.[FISCAL_PERIOD_INT]
      ,[CALENDAR_DATE]
      ,[DATEKEY]
	  ,[USER_ID]
	  ,[UNIQUE_CASES]
	  ,[UNIQUE_CASE_MACRO_USAGE_COUNT]
	  ,[TAGGED_ESCALATION]
	  ,[TAGGED_ENGAGE]
	  ,[FIRST_CASE_RESPONSE_TIME]
	  ,[EXCEPTION_TIME]
	  ,[CASE_SUBSEQUENT_RESPONSE_TIME]
	  ,[CASE_RESPONSE_TIME]
	  ,[CASE_PROCESSING_TIME]
	  ,[CASE_PROCESSING_NO_RESPONSE]
	  ,[CASE_PROCESSING_AHTHAS_REPLY]
	  ,[CASE_MACRO_USAGE_COUNT]
	  ,[CASE_IDLE_TIME]
	  ,[ADJUSTED_CASE_PROCESSING_SLA_TIME]
	  ,CASE WHEN [CASE_PROCESSING_NO_RESPONSE]+[CASE_PROCESSING_AHTHAS_REPLY] <= 42300 
	   THEN [CASE_PROCESSING_NO_RESPONSE]+[CASE_PROCESSING_AHTHAS_REPLY] ELSE 0 END AS Case_Processing_Time_SLA_Adj
	  ,[NRDP_AGENT_ID]
	  ,CAST('00:00' AS datetime) as [FORECASTINTERVAL]  ---dmr-3005 added ON 30/5
	  ,COALESCE(agt.PERNR_NUM,-1) AS PERNR_NUM
      ,COALESCE(agt.[AGENT_SKILL_LOCATION_ID],-1) AS AGENT_SKILL_LOCATION_ID 
      ,COALESCE(agt.SK_PERSON_HIER_ID,-1) AS PERSON_HIER_ID 
	  ,COALESCE(agt.AGENT_TENURE_HIER_ID,-1) AS AGENT_TENURE_HIER_ID
	  ,ADJUSTED_CASE_PROCESSING_TIME_IND    ---added on 6/15
	  ,TAGGED_NO_RESPONSE_REQUIRED -- DMRASSISST-912 Added on 10/05
  FROM [dbo].[FACT_SPRINKLR_AGENT_PERFORMANCEINTERVAL] A
 left JOIN DIM_AGENT_FISCAL_PERIOD_EOM B
  ON A.PERNR_NUM = B.PERNR_NUM AND A.FISCAL_PERIOD_INT = B.FISCAL_PERIOD_INT
 left JOIN DIM_TABULAR_AGENT_SKILL_LOCATION_LKP agt
  ON agt.PERNR_NUM = B.PERNR_NUM
  AND agt.FISCAL_PERIOD_INT = B.FISCAL_PERIOD_INT
"
FACT_MDM_TECH_FLEX_V,"



CREATE VIEW [dbo].[FACT_MDM_TECH_FLEX_V]
AS
SELECT CAST(1 AS INT) AS SERIES_ID, C.[FISCAL_PERIOD_INT]
	  ,COALESCE(D.[FISCAL_PERIOD_TODATE_INT],C.[FISCAL_PERIOD_INT]) AS [FISCAL_PERIOD_TODATE_INT]
      ,C.[CALENDAR_DATE]
      ,c.DATEKEY
      ,[WORKORDERNUMBER]
      ,C.[PERNR_NUM]
      ,[TRO_XM_LINE_ACTIVATION_DT]
      ,[CUSTOMER_ACCOUNT_KEY]
      ,C.[NRDP_AGENT_FISCAL_PERIOD_ID]
      ,-1002 AS [NRDP_CALL_ATTRIBUTE_ID] 
	  ,COALESCE(agt.[AGENT_SKILL_LOCATION_ID],-1) AS AGENT_SKILL_LOCATION_ID 
      ,COALESCE(agt.SK_PERSON_HIER_ID,-1) AS PERSON_HIER_ID
      , COALESCE(agt.AGENT_TENURE_HIER_ID,-1) AS AGENT_TENURE_HIER_ID
	  ,CAST(-1 AS INTEGER) MOVE_INCOME_CONSTRAINED_ID
      ,nullif([TRO_CUSTOMER_ADD_FLEX_COUNT],0) as [TRO_CUSTOMER_ADD_FLEX_COUNT]
      ,nullif([TRO_FLEX_CUSTOMER_DEVICE_OPPTY_COUNT],0) as [TRO_FLEX_CUSTOMER_DEVICE_OPPTY_COUNT]
      ,nullif([TRO_FLEX_CUSTOMER_ACTIVATION_COUNT],0) as [TRO_FLEX_CUSTOMER_ACTIVATION_COUNT]
      ,nullif([TRO_FLEX_CUSTOMER_RETRIEVAL_COUNT],0) as [TRO_FLEX_CUSTOMER_RETRIEVAL_COUNT]
      ,nullif([XM30_LINE_LEAD_CONTRIBUTION_COUNT],0) as [XM30_LINE_LEAD_CONTRIBUTION_COUNT]
	  ,nullif([XM90_LINE_LEAD_CONTRIBUTION_COUNT],0) as [XM90_LINE_LEAD_CONTRIBUTION_COUNT]-- ADDED BY SS ON 8/27
	  ,nullif([TRO_2DAY_FLEX_CUSTOMER_ACTIVATION_COUNT],0) as [TRO_2DAY_FLEX_CUSTOMER_ACTIVATION_COUNT] -- ADDED BY SS ON 9/29
  FROM [NRDP_DM].[dbo].[FACT_TECH_FLEX] C left join 
  DIM_CURRENT_TODATE D 
  ON C.CALENDAR_DATE = D.CALENDAR_DATE left join 
[DIM_TABULAR_AGENT_SKILL_LOCATION_LKP] agt
on C.PERNR_NUM = AGT.PERNR_NUM
AND C.FISCAL_PERIOD_INT = AGT.FISCAL_PERIOD_INT 
"
FACT_MDM_THRU_DATE_V,"
CREATE VIEW [dbo].[FACT_MDM_THRU_DATE_V]
AS
SELECT        LD.CALENDAR_DATE AS DATE, CAST(CONVERT(VARCHAR(10), LD.CALENDAR_DATE, 112) AS INTEGER) AS LAST_DATEKEY, CP.DATEKEY
FROM            DIM_DATE_CUSTOM_PERIODS_V AS CP CROSS JOIN
                         DIM_DATE_LATEST_FACT_DAY_V AS LD
WHERE        (CP.CALENDAR_DATE_DESC IS NOT NULL)
"
FACT_MDM_TICKET_AUDIT_TRAIL_V,"






CREATE     VIEW [dbo].[FACT_MDM_TICKET_AUDIT_TRAIL_V]
AS
SELECT A.[FISCAL_PERIOD_INT]
      ,[AUDIT_TRAIL_ID]
      ,[TICKET_AUDIT_TRAIL_KEY]
      ,[DATEKEY]
      ,[TicketID]
      ,[AUDIT_CREATE_TS]
      ,[AttributeID]
      ,[QUEUE_ID]
      ,[SUPPORT_AREA_ID]
      ,[STATUS_ID]
      ,[WORKINGTIME]
      ,[PROBLEM_CODE]
	  ,[CHARACTERISTIC_ID] AS AUDIT_TRAIL_CHARACTERISTIC_KEY
	  ,AUDIT_CREATE_TMESTAMP as [FORECASTINTERVAL]  ---dmr-3005 added ON 30/5
	  ,COALESCE(agt.PERNR_NUM,-1) AS PERNR_NUM
      ,COALESCE(agt.[AGENT_SKILL_LOCATION_ID],-1) AS AGENT_SKILL_LOCATION_ID 
      ,COALESCE(agt.SK_PERSON_HIER_ID,-1) AS PERSON_HIER_ID, COALESCE(agt.AGENT_TENURE_HIER_ID,-1) AS AGENT_TENURE_HIER_ID
	  ,(CASE WHEN A.TicketID like 'CR%' THEN TicketID End) AS CR_Audit_Trail_Count ----Added for DMR-5440 on1/8/2024
	  --DMRCXSO-160
	  ,SUPPORT_INFLOW_FLG
	  ,SUPPORT_OUTFLOW_FLG
  FROM [NRDP_DM].[dbo].[FACT_TICKET_AUDIT_TRAIL] A
 left JOIN DIM_AGENT_FISCAL_PERIOD_EOM B
  ON A.NTLOGIN_ID = B.NTLOGIN_ID AND A.FISCAL_PERIOD_INT = B.FISCAL_PERIOD_INT
 left JOIN DIM_TABULAR_AGENT_SKILL_LOCATION_LKP agt
  ON agt.PERNR_NUM = B.PERNR_NUM
  AND agt.FISCAL_PERIOD_INT = B.FISCAL_PERIOD_INT
"
FACT_MDM_TNPS_RESTATE_V,"


CREATE VIEW [dbo].[FACT_MDM_TNPS_RESTATE_V]
AS
SELECT CAST(1 AS INT) AS SERIES_ID,  C.[FISCAL_PERIOD_INT]
	  ,COALESCE(D.[FISCAL_PERIOD_TODATE_INT],C.[FISCAL_PERIOD_INT]) AS [FISCAL_PERIOD_TODATE_INT]
      ,C.[CALENDAR_DATE]
      ,c.DATEKEY
      --,c.[METRIC_SOURCE_KEY]
      ,C.CUSTOMER_ACCOUNT_KEY % 100 AS CUSTOMER_ACCOUNT_KEY
      ,COALESCE(EBB.CUSTOMER_EBB_BULK_KEY,0) AS CUSTOMER_EBB_BULK_KEY

      -- ,C.[NRDP_AGENT_FISCAL_PERIOD_ID]
       ,C.[PERNR_NUM]
      ,[NRDP_CALL_ATTRIBUTE_ID]
      ,[NRDP_CLV_ATTRIBUTE_ID]
      ,[TRANSFER_ORIGIN_AGENT_ID]
      ,[TRANSFER_ORIGIN_IACT_ID]
      ,[TENURE_ID]
      ,[BASE_RGU_PROFILE_ID]
      ,[NBX_M2M_ID]
      ,COALESCE(agt.[AGENT_SKILL_LOCATION_ID],-1) AS AGENT_SKILL_LOCATION_ID 
      ,COALESCE(agt.SK_PERSON_HIER_ID,-1) AS PERSON_HIER_ID, COALESCE(agt.AGENT_TENURE_HIER_ID,-1) AS AGENT_TENURE_HIER_ID
	  	  ,COALESCE(atr.AGENT_TRAINING_ID,-1) AS AGENT_TRAINING_ID

      ,[OVERALL_tNPS_INTERACTION_SURVEY_CNT]
      ,[OVERALL_LTR_tNPS_DETRACTORS_CNT]
      ,[OVERALL_LTR_tNPS_PASSIVES_CNT]
      ,[OVERALL_LTR_tNPS_PROMOTERS_CNT]
      ,[OVERALL_LTR_INTERACTION_TNPS_TYPE_NUM]
      ,[OVERALL_LTR_INTERACTION_TNPS_TYPE_DEN]
      ,[OVERALL_REPSAT_INTERACTION_TNPS_TYPE_NUM]
      ,[OVERALL_REPSAT_INTERACTION_TNPS_TYPE_DEN]
      ,[OVERALL_tNPS_INTERACTION_ISSUE_RESOLVED]
      ,[OVERALL_tNPS_INTERACTION_ISSUE_RESOLVED_RESPONSE_CNT]
      ,[CARE_tNPS_INTERACTION_SURVEY_CNT]
      ,[CARE_LTR_tNPS_DETRACTORS_CNT]
      ,[CARE_LTR_tNPS_PASSIVES_CNT]
      ,[CARE_LTR_tNPS_PROMOTERS_CNT]
      ,[CARE_LTR_INTERACTION_TNPS_TYPE_NUM]
      ,[CARE_LTR_INTERACTION_TNPS_TYPE_DEN]
      ,[CARE_REPSAT_INTERACTION_TNPS_TYPE_NUM]
      ,[CARE_REPSAT_INTERACTION_TNPS_TYPE_DEN]
      ,[CARE_tNPS_INTERACTION_ISSUE_RESOLVED]
      ,[CARE_tNPS_INTERACTION_ISSUE_RESOLVED_RESPONSE_CNT]
      ,[CHAT_tNPS_INTERACTION_SURVEY_CNT]
      ,[CHAT_LTR_tNPS_DETRACTORS_CNT]
      ,[CHAT_LTR_tNPS_PASSIVES_CNT]
      ,[CHAT_LTR_tNPS_PROMOTERS_CNT]
      ,[CHAT_LTR_INTERACTION_TNPS_TYPE_NUM]
      ,[CHAT_LTR_INTERACTION_TNPS_TYPE_DEN]
      ,[CHAT_REPSAT_INTERACTION_TNPS_TYPE_NUM]
      ,[CHAT_REPSAT_INTERACTION_TNPS_TYPE_DEN]
      ,[CHAT_tNPS_INTERACTION_ISSUE_RESOLVED]
      ,[CHAT_tNPS_INTERACTION_ISSUE_RESOLVED_RESPONSE_CNT]
      ,[XM_tNPS_INTERACTION_SURVEY_CNT]
      ,[XM_LTR_tNPS_DETRACTORS_CNT]
      ,[XM_LTR_tNPS_PASSIVES_CNT]
      ,[XM_LTR_tNPS_PROMOTERS_CNT]
      ,[XM_LTR_INTERACTION_tNPS_TYPE_NUM]
      ,[XM_LTR_INTERACTION_tNPS_TYPE_DEN]
      ,[XM_RepSat_INTERACTION_tNPS_TYPE_NUM]
      ,[XM_RepSat_INTERACTION_tNPS_TYPE_DEN]
      ,[XM_tNPS_INTERACTION_ISSUE_RESOLVED]
      ,[XM_tNPS_INTERACTION_ISSUE_RESOLVED_RESPONSE_CNT]
      ,[RETAIL_tNPS_INTERACTION_SURVEY_CNT]
      ,[RETAIL_LTR_tNPS_DETRACTORS_CNT]
      ,[RETAIL_LTR_tNPS_PASSIVES_CNT]
      ,[RETAIL_LTR_tNPS_PROMOTERS_CNT]
      ,[RETAIL_LTR_INTERACTION_TNPS_TYPE_NUM]
      ,[RETAIL_LTR_INTERACTION_TNPS_TYPE_DEN]
      ,[RETAIL_REPSAT_INTERACTION_TNPS_TYPE_NUM]
      ,[RETAIL_REPSAT_INTERACTION_TNPS_TYPE_DEN]
      ,[RETAIL_tNPS_INTERACTION_ISSUE_RESOLVED]
      ,[RETAIL_tNPS_INTERACTION_ISSUE_RESOLVED_RESPONSE_CNT]
      ,[TECHOPS_tNPS_INTERACTION_SURVEY_CNT]
      ,[TECHOPS_LTR_tNPS_DETRACTORS_CNT]
      ,[TECHOPS_LTR_tNPS_PASSIVES_CNT]
      ,[TECHOPS_LTR_tNPS_PROMOTERS_CNT]
      ,[TECHOPS_LTR_INTERACTION_tNPS_TYPE_NUM]
      ,[TECHOPS_LTR_INTERACTION_tNPS_TYPE_DEN]
      ,[TECHOPS_RepSat_INTERACTION_tNPS_TYPE_NUM]
      ,[TECHOPS_RepSat_INTERACTION_tNPS_TYPE_DEN]
      ,[TECHOPS_tNPS_INTERACTION_ISSUE_RESOLVED]
      ,[TECHOPS_tNPS_INTERACTION_ISSUE_RESOLVED_RESPONSE_CNT]
,COALESCE(c.SENTIMENT_QA_ID,100000) AS SENTIMENT_QA_ID
,COALESCe(xap.PRE_NRDP_XAP_EXIT_ID,-1) as PRE_NRDP_XAP_EXIT_ID
,coalesce(cdr.CALL_DRIVER_GROUP1_ID,0) as CALL_DRIVER_GROUP1_ID
,coalesce(cdr.CALL_DRIVER_GROUP2_ID,0) as CALL_DRIVER_GROUP2_ID
,coalesce(cdr.CALL_DRIVER_GROUP1_ID,0) as CALL_DRIVER_GROUP3_ID
,coalesce(cdr.SPEECH_QUERY_GROUP1_ID,0) as SPEECH_QUERY_GROUP1_ID
,coalesce(cdr.SPEECH_QUERY_GROUP2_ID,0) as SPEECH_QUERY_GROUP2_ID
,COALESCE(EBB.PRODCAT_EBB_ID,0) AS PRODCAT_EBB_ID
	  ,CASE WHEN C.SURVEY_TYPE_CD = 'CALLS' THEN 1
     WHEN C.SURVEY_TYPE_CD = 'CB_CARE' THEN 2
     WHEN C.SURVEY_TYPE_CD = 'DIR_SALES' THEN 3
     WHEN C.SURVEY_TYPE_CD = 'RETAIL' THEN 4
     WHEN C.SURVEY_TYPE_CD = 'CHAT' THEN 5
     WHEN C.SURVEY_TYPE_CD = 'CB_ACC_STR' THEN 6
     WHEN C.SURVEY_TYPE_CD = 'CB_TECH' THEN 7
     WHEN C.SURVEY_TYPE_CD = 'TECH' THEN 8
     WHEN C.SURVEY_TYPE_CD = 'SOCIAL' THEN 9
     WHEN C.SURVEY_TYPE_CD = 'UNASSISTED' THEN 10
	 WHEN C.SURVEY_TYPE_CD = 'CB_TECH_EM' THEN 11 
ELSE -1 END AS SURVEY_TYPE_ID
--DMRASSIST-4578 Cube - tNPS integration to myperf
,OVERALL_LTR_tNPS_Verbatims_CNT
FROM  [NRDP_DM].[dbo].[FACT_TNPS_RESTATE] C left join 
  DIM_CURRENT_TODATE D 
  ON C.CALENDAR_DATE = D.CALENDAR_DATE left join 
  FACT_CALL_DRIVER_SPEECH_QUERY_REF cdr
  ON C.FISCAL_PERIOD_INT = cdr.FISCAL_PERIOD_INT
  AND C.CALENDAR_DATE = cdr.CALENDAR_DATE
  AND C.METRIC_SOURCE = cdr.METRIC_SOURCE
  AND C.METRIC_SOURCE_KEY = cdr.METRIC_SOURCE_KEY
LEFT JOIN
  [dbo].[FACT_PRE_XAP_EXIT] xap
  on c.[FISCAL_PERIOD_INT] = xap.[FISCAL_PERIOD_INT]
  and c.[METRIC_SOURCE] = xap.[METRIC_SOURCE]
  and  c.[CALENDAR_DATE] =xap.[CALENDAR_DATE]
  and c.[METRIC_SOURCE_KEY] = xap.[METRIC_SOURCE_KEY] left join 
[DIM_TABULAR_AGENT_SKILL_LOCATION_LKP] agt
on C.PERNR_NUM = AGT.PERNR_NUM
AND C.FISCAL_PERIOD_INT = AGT.FISCAL_PERIOD_INT
left join FACT_EBB_BULK_REF EBB with (nolock)
    on c.[FISCAL_PERIOD_INT] = EBB.[FISCAL_PERIOD_INT]
  and c.[METRIC_SOURCE] = EBB.[METRIC_SOURCE]
  and  c.[CALENDAR_DATE] =EBB.[CALENDAR_DATE]
  and c.[METRIC_SOURCE_KEY] = EBB.[METRIC_SOURCE_KEY] lEFT JOIN
  [dbo].[FACT_AGENT_TRAINING_REF_V] atr WITH (NOLOCK)
  ON c.DATEKEY=atr.DATEKEY
  and c.NRDP_AGENT_FISCAL_PERIOD_ID= atr.NRDP_AGENT_FISCAL_PERIOD_ID
WHERE C.FISCAL_PERIOD_INT > 201812
"
FACT_MDM_TNPS_V,"










CREATE VIEW [dbo].[FACT_MDM_TNPS_V]
AS
SELECT CAST(1 AS INT) AS SERIES_ID,  C.[FISCAL_PERIOD_INT]
	  ,COALESCE(D.[FISCAL_PERIOD_TODATE_INT],C.[FISCAL_PERIOD_INT]) AS [FISCAL_PERIOD_TODATE_INT]
      ,C.[CALENDAR_DATE]
      ,c.DATEKEY
      --,c.[METRIC_SOURCE_KEY]
      ,C.CUSTOMER_ACCOUNT_KEY % 100 AS CUSTOMER_ACCOUNT_KEY
      -- ,C.[NRDP_AGENT_FISCAL_PERIOD_ID]
       ,C.[PERNR_NUM]
      ,[NRDP_CALL_ATTRIBUTE_ID]
      ,[NRDP_CLV_ATTRIBUTE_ID]
      ,[TRANSFER_ORIGIN_AGENT_ID]
      ,[TRANSFER_ORIGIN_IACT_ID]
      ,[TENURE_ID]
      ,[BASE_RGU_PROFILE_ID]
      ,[NBX_M2M_ID]
      ,COALESCE(agt.[AGENT_SKILL_LOCATION_ID],-1) AS AGENT_SKILL_LOCATION_ID 
      ,COALESCE(agt.SK_PERSON_HIER_ID,-1) AS PERSON_HIER_ID, COALESCE(agt.AGENT_TENURE_HIER_ID,-1) AS AGENT_TENURE_HIER_ID
	  	  ,COALESCE(atr.AGENT_TRAINING_ID,-1) AS AGENT_TRAINING_ID
,coalesce(cdr.CALL_DRIVER_GROUP1_ID,0) as CALL_DRIVER_GROUP1_ID
,coalesce(cdr.CALL_DRIVER_GROUP2_ID,0) as CALL_DRIVER_GROUP2_ID
,coalesce(cdr.CALL_DRIVER_GROUP1_ID,0) as CALL_DRIVER_GROUP3_ID
,coalesce(cdr.SPEECH_QUERY_GROUP1_ID,0) as SPEECH_QUERY_GROUP1_ID
,coalesce(cdr.SPEECH_QUERY_GROUP2_ID,0) as SPEECH_QUERY_GROUP2_ID
,cast(-1 as integer) as NRDP_CUST_MAP_ID
,COALESCE(EBB.PRODCAT_EBB_ID,0) AS PRODCAT_EBB_ID

       ,[tNPS_INTERACTION_SURVEY_CNT]
      ,[tNPS_INTERACTION_SOURCE_TYPE]
      ,[LTR_tNPS_DETRACTORS_CNT]
      ,[LTR_tNPS_PASSIVES_CNT]
      ,[LTR_tNPS_PROMOTERS_CNT]
      ,[LTR_INTERACTION_tNPS_TYPE_NUM]
      ,[LTR_INTERACTION_tNPS_TYPE_DEN]
      ,[RepSat_INTERACTION_tNPS_TYPE_NUM]
      ,[RepSat_INTERACTION_tNPS_TYPE_DEN]
,c.[SRC_Q6_INTERACTION_ISSUE_RESOLVED] -- Added on 8/3/2019 
,c.[SRC_Q6_INTERACTION_ISSUE_RESOLVED_RESPONSE_CNT] -- Added on 8/23/2019

FROM  [NRDP_DM].[dbo].[FACT_TNPS] C left join 
  DIM_CURRENT_TODATE D 
  ON C.CALENDAR_DATE = D.CALENDAR_DATE left join 
  FACT_CALL_DRIVER_SPEECH_QUERY_REF cdr
  ON C.FISCAL_PERIOD_INT = cdr.FISCAL_PERIOD_INT
  AND C.CALENDAR_DATE = cdr.CALENDAR_DATE
  AND C.METRIC_SOURCE = cdr.METRIC_SOURCE
  AND C.METRIC_SOURCE_KEY = cdr.METRIC_SOURCE_KEY
LEFT JOIN
  [dbo].[FACT_PRE_XAP_EXIT] xap
  on c.[FISCAL_PERIOD_INT] = xap.[FISCAL_PERIOD_INT]
  and c.[METRIC_SOURCE] = xap.[METRIC_SOURCE]
  and  c.[CALENDAR_DATE] =xap.[CALENDAR_DATE]
  and c.[METRIC_SOURCE_KEY] = xap.[METRIC_SOURCE_KEY] left join 
[DIM_TABULAR_AGENT_SKILL_LOCATION_LKP] agt
on C.PERNR_NUM = AGT.PERNR_NUM
AND C.FISCAL_PERIOD_INT = AGT.FISCAL_PERIOD_INT
left join FACT_PRODCAT_EBB_REF EBB with (nolock)
    on c.[FISCAL_PERIOD_INT] = EBB.[FISCAL_PERIOD_INT]
  and c.[METRIC_SOURCE] = EBB.[METRIC_SOURCE]
  and  c.[CALENDAR_DATE] =EBB.[CALENDAR_DATE]
  and c.[METRIC_SOURCE_KEY] = EBB.[METRIC_SOURCE_KEY] lEFT JOIN
  [dbo].[FACT_AGENT_TRAINING_REF_V] atr WITH (NOLOCK)
  ON c.DATEKEY=atr.DATEKEY
  and c.NRDP_AGENT_FISCAL_PERIOD_ID= atr.NRDP_AGENT_FISCAL_PERIOD_ID
WHERE C.FISCAL_PERIOD_INT > 201812
"
FACT_MDM_TRANS_METRICS_V,"

CREATE VIEW [dbo].[FACT_MDM_TRANS_METRICS_V] AS 
SELECT CAST(1 AS INT) AS SERIES_ID, 
 C.[FISCAL_PERIOD_INT]
	  ,COALESCE(D.[FISCAL_PERIOD_TODATE_INT],C.[FISCAL_PERIOD_INT]) AS [FISCAL_PERIOD_TODATE_INT]
      ,C.[CALENDAR_DATE]
      ,c.DATEKEY
,C.CUSTOMER_ACCOUNT_KEY % 100 AS CUSTOMER_ACCOUNT_KEY
, COALESCE(EBB.CUSTOMER_EBB_BULK_KEY,0) AS CUSTOMER_EBB_BULK_KEY -- Added by SS ON 7/19/21

,CAST(-1 AS INTEGER) CUSTOMER_ACCOUNT_DEMO_KEY -- Added by SS ON 7/19/21 --
,CAST(-1 AS INTEGER) MOVE_INCOME_CONSTRAINED_ID
--,C.[NRDP_AGENT_FISCAL_PERIOD_ID]
,C.[PERNR_NUM]
,c.BASE_RGU_PROFILE_ID 
,c.[NRDP_CALL_ATTRIBUTE_ID] 
,c.[NRDP_CLV_ATTRIBUTE_ID]
,C.[TRANSFER_ORIGIN_AGENT_ID]
,coalesce(cast(C.[TRANSFER_ORIGIN_IACT_ID] as integer),-1) [TRANSFER_ORIGIN_IACT_ID]
,c.[TENURE_ID]
,C.NRDP_CUST_MAP_ID
,coalesce( c.[NBX_M2M_ID],-1) [NBX_M2M_ID]
,COALESCE(c.SENTIMENT_QA_ID,100000) AS SENTIMENT_QA_ID
,COALESCE(agt.[AGENT_SKILL_LOCATION_ID],-1) AS AGENT_SKILL_LOCATION_ID 
,COALESCE(agt.SK_PERSON_HIER_ID,-1) AS PERSON_HIER_ID
, COALESCE(agt.AGENT_TENURE_HIER_ID,-1) AS AGENT_TENURE_HIER_ID
	  	  ,COALESCE(atr.AGENT_TRAINING_ID,-1) AS AGENT_TRAINING_ID

,c.[IACT_TRANSFERRED_OUT_CNT]
,c.[CALL_CONSULT_REQUESTED_CNT]
,c.[CALL_CONFERENCE_REQUESTED_CNT]
,c.[TRANSFER_HANDLED_CNT]
,c.[CONSULT_HANDLED_CNT]
,c.[CONFERENCE_HANDLED_CNT]
,c.[IVR_CONSENT_CNT]
,c.[IVR_PAYMENT_CNT]
,c.[IVR_ACTIVATION_CNT]
,c.[IVR_OTHER_CNT]
,c.[TPV_CNT]
,case when c.[IACT_TRANSFERRED_OUT_CNT] <> 1 then c.[OTHER_TRANSFER_OUT_CNT] else 0 end as  [OTHER_TRANSFER_OUT_CNT]
 ,CASE WHEN C.TRANSFER_TYPE = 'W' THEN 1 ELSE NULL END AS WARM_TRANSFER_CNT
 ,CASE WHEN C.TRANSFER_TYPE = 'C' THEN 1 ELSE NULL END AS COLD_TRANSFER_CNT
 ,CASE WHEN C.EWT  > 30 THEN 1 ELSE NULL END AS  [EWT_GT_30]
 ,CASE WHEN C.EWT <= 30  THEN 1 ELSE NULL END AS  [EWT_LTE_30]
,coalesce(cdr.CALL_DRIVER_GROUP1_ID,0) as CALL_DRIVER_GROUP1_ID
,coalesce(cdr.CALL_DRIVER_GROUP2_ID,0) as CALL_DRIVER_GROUP2_ID
,coalesce(cdr.CALL_DRIVER_GROUP1_ID,0) as CALL_DRIVER_GROUP3_ID
,coalesce(cdr.SPEECH_QUERY_GROUP1_ID,0) as SPEECH_QUERY_GROUP1_ID
,coalesce(cdr.SPEECH_QUERY_GROUP2_ID,0) as SPEECH_QUERY_GROUP2_ID
,COALESCE(EBB.PRODCAT_EBB_ID,0) AS PRODCAT_EBB_ID
,DATEADD(YEAR,1,C.CALENDAR_DATE) AS YRAGO_DATE
,DATEADD(M,1,C.CALENDAR_DATE) AS PRIOR_DATE
,COALESCE(DESTINATION_ID,-1) AS DESTINATION_ID
--DMRCXSO-2929
,CASE WHEN (c.[OTHER_TRANSFER_OUT_CNT] + c.[CONSULT_HANDLED_CNT] + c.[CONFERENCE_HANDLED_CNT] + c.[IACT_TRANSFERRED_OUT_CNT]) > 0 THEN 1 ELSE 0 END AS TRANSFER_CONSULT_CONFERENCE_NUM
FROM     [NRDP_DM].[dbo].[FACT_TRANSFER_METRICS] c left join 
  DIM_CURRENT_TODATE D 
  ON C.CALENDAR_DATE = D.CALENDAR_DATE left join 
  FACT_CALL_DRIVER_SPEECH_QUERY_REF cdr
  ON C.FISCAL_PERIOD_INT = cdr.FISCAL_PERIOD_INT
  AND C.CALENDAR_DATE = cdr.CALENDAR_DATE
  AND C.METRIC_SOURCE = cdr.METRIC_SOURCE
  AND C.METRIC_SOURCE_KEY = cdr.METRIC_SOURCE_KEY left join 
[DIM_TABULAR_AGENT_SKILL_LOCATION_LKP] agt
on C.PERNR_NUM = AGT.PERNR_NUM
AND C.FISCAL_PERIOD_INT = AGT.FISCAL_PERIOD_INT 
left join FACT_EBB_BULK_REF EBB with (nolock)
    on c.[FISCAL_PERIOD_INT] = EBB.[FISCAL_PERIOD_INT]
  and c.[METRIC_SOURCE] = EBB.[METRIC_SOURCE]
  and  c.[CALENDAR_DATE] =EBB.[CALENDAR_DATE]
  and c.[METRIC_SOURCE_KEY] = EBB.[METRIC_SOURCE_KEY] lEFT JOIN
  [dbo].[FACT_AGENT_TRAINING_REF_V] atr WITH (NOLOCK)
  ON c.DATEKEY=atr.DATEKEY
  and c.NRDP_AGENT_FISCAL_PERIOD_ID= atr.NRDP_AGENT_FISCAL_PERIOD_ID
WHERE C.FISCAL_PERIOD_INT > 201812"
FACT_MDM_TRANS_METRICS_W_EWT_V,"










CREATE VIEW [dbo].[FACT_MDM_TRANS_METRICS_W_EWT_V] AS 
SELECT CAST(1 AS INT) AS SERIES_ID
      ,cast(Convert(CHAR(8),c.[CALENDAR_DATE],112) as int) DATEKEY
      ,c.[CALENDAR_DATE]
	  ,c.[FISCAL_PERIOD_INT]
      ,dv.[PERNR_NUM]
	  ,dv.[CUSTOMER_ACCOUNT_KEY]
      ,dv.[CUSTOMER_EBB_BULK_KEY]
      ,dv.[CUSTOMER_ACCOUNT_DEMO_KEY]
	  ,dv.[NRDP_CALL_ATTRIBUTE_ID]
      ,dv.[NRDP_CLV_ATTRIBUTE_ID]
      ,dv.[TRANSFER_ORIGIN_AGENT_ID]
      ,dv.[TRANSFER_ORIGIN_IACT_ID]
      ,dv.[TENURE_ID]
      ,dv.[BASE_RGU_PROFILE_ID]
      ,COALESCE(dv.SENTIMENT_QA_ID,100000) AS SENTIMENT_QA_ID
      ,dv.[NBX_M2M_ID]
	  ,CASE WHEN dv.PERNR_NUM > 0 AND dv.CUSTOMER_ACCOUNT_ID > 0 THEN 1 ELSE 0 END AS LTR_CANDIDATE_IND
	  ,COALESCE(dv.CALL_DRIVER_GROUP1_ID,0) AS CALL_DRIVER_GROUP1_ID
	  ,COALESCE(dv.CALL_DRIVER_GROUP2_ID,0) AS CALL_DRIVER_GROUP2_ID
	  ,COALESCE(dv.CALL_DRIVER_GROUP3_ID,0) AS CALL_DRIVER_GROUP3_ID
	  ,COALESCE(dv.SPEECH_QUERY_GROUP1_ID,0) AS SPEECH_QUERY_GROUP1_ID
	  ,COALESCE(dv.SPEECH_QUERY_GROUP2_ID,0) AS SPEECH_QUERY_GROUP2_ID
	  ,coalesce(dv.NRDP_CUST_MAP_ID,-1) as NRDP_CUST_MAP_ID
      ,COALESCE(dv.PRODCAT_EBB_ID,0) AS PRODCAT_EBB_ID
	  ,COALESCE(dv.PRE_NRDP_XAP_EXIT_ID,-1) as PRE_NRDP_XAP_EXIT_ID
	  ,COALESCE(dv.MOVE_INCOME_CONSTRAINED_ID,-1) as MOVE_INCOME_CONSTRAINED_ID

	  ,COALESCE(atr.AGENT_TRAINING_ID,-1) AS AGENT_TRAINING_ID
	  ,COALESCE(agt.[AGENT_SKILL_LOCATION_ID],-1) AS AGENT_SKILL_LOCATION_ID 
	  ,COALESCE(agt.SK_PERSON_HIER_ID,-1) AS PERSON_HIER_ID
	  , COALESCE(agt.AGENT_TENURE_HIER_ID,-1) AS AGENT_TENURE_HIER_ID
	  ,c.[IACT_TRANSFERRED_OUT_CNT]
,c.[CALL_CONSULT_REQUESTED_CNT]
,c.[CALL_CONFERENCE_REQUESTED_CNT]
,c.[TRANSFER_HANDLED_CNT]
,c.[CONSULT_HANDLED_CNT]
,c.[CONFERENCE_HANDLED_CNT]
,c.[IVR_CONSENT_CNT]
,c.[IVR_PAYMENT_CNT]
,c.[IVR_ACTIVATION_CNT]
,c.[IVR_OTHER_CNT]
,c.[TPV_CNT]
,case when c.[IACT_TRANSFERRED_OUT_CNT] <> 1 then c.[OTHER_TRANSFER_OUT_CNT] else 0 end as  [OTHER_TRANSFER_OUT_CNT]
,C.EWT
FROM     [NRDP_DM].[dbo].[FACT_TRANSFER_METRICS_W_EWT] c left join 
  DIM_CURRENT_TODATE D 
  ON C.CALENDAR_DATE = D.CALENDAR_DATE LEFT join
  LKP_DIM_VALUES_INTERACTIONS dv WITH (NOLOCK) 
  ON C.FISCAL_PERIOD_INT =  dv.FISCAL_PERIOD_INT 
  AND c.CALENDAR_DATE = dv.CALENDAR_DATE
  AND c.METRIC_SOURCE = dv.METRIC_SOURCE
  AND c.METRIC_SOURCE_KEY = dv.METRIC_SOURCE_KEY left join 
[DIM_TABULAR_AGENT_SKILL_LOCATION_LKP] agt WITH (NOLOCK)
on DV.PERNR_NUM = AGT.PERNR_NUM
AND C.FISCAL_PERIOD_INT = AGT.FISCAL_PERIOD_INT lEFT JOIN
  [dbo].[FACT_AGENT_TRAINING_REF_V] atr WITH (NOLOCK)
  ON c.CALENDAR_DATE=atr.CALENDAR_DATE
  and DV.PERNR_NUM= atr.PERNR_NUM 
"
FACT_MDM_TRUCK_ROLL_V,"















CREATE VIEW [dbo].[FACT_MDM_TRUCK_ROLL_V] AS 
SELECT CAST(1 AS INT) AS SERIES_ID,  C.[FISCAL_PERIOD_INT]
	  ,COALESCE(D.[FISCAL_PERIOD_TODATE_INT],C.[FISCAL_PERIOD_INT]) AS [FISCAL_PERIOD_TODATE_INT]
      ,C.[CALENDAR_DATE]
      ,c.DATEKEY
      ,C.CUSTOMER_ACCOUNT_KEY % 100 AS CUSTOMER_ACCOUNT_KEY
	, COALESCE(EBB.CUSTOMER_EBB_BULK_KEY,0) AS CUSTOMER_EBB_BULK_KEY -- Added by SS ON 7/19/21

,CAST(-1 AS INTEGER) CUSTOMER_ACCOUNT_DEMO_KEY -- Added by SS ON 7/19/21--
,CAST(-1 AS INTEGER) MOVE_INCOME_CONSTRAINED_ID
      ,c.[PERNR_NUM]
      --,C.[NRDP_AGENT_FISCAL_PERIOD_ID]
      ,[NRDP_CALL_ATTRIBUTE_ID]
      ,[NRDP_CLV_ATTRIBUTE_ID]
      ,[PRODUCT_ATTRIBUTE_ID] AS BASE_RGU_PROFILE_ID 
      ,[TRANSFER_ORIGIN_AGENT_ID]
      ,[TRANSFER_ORIGIN_IACT_ID]
      ,[TENURE_ID]
      ,COALESCE(agt.[AGENT_SKILL_LOCATION_ID],-1) AS AGENT_SKILL_LOCATION_ID 
      ,COALESCE(agt.SK_PERSON_HIER_ID,-1) AS PERSON_HIER_ID
      , COALESCE(agt.AGENT_TENURE_HIER_ID,-1) AS AGENT_TENURE_HIER_ID
	  ,coalesce(C.NRDP_CUST_MAP_ID,-1) as NRDP_CUST_MAP_ID
      ,[CARE_AVOIDABLE_TCS]
      ,[TECH_AVOIDABLE_TCS]
      ,[AVOIDABLE_TCS]
      ,[COMPLETE_TCS]
	  ,[TC_COMPLETED_UNIQUE_INTERACTIONS_HANDLED_COUNT]

,coalesce(C.SENTIMENT_QA_ID,100000) as SENTIMENT_QA_ID
,coalesce(cdr.CALL_DRIVER_GROUP1_ID,0) as CALL_DRIVER_GROUP1_ID
,coalesce(cdr.CALL_DRIVER_GROUP2_ID,0) as CALL_DRIVER_GROUP2_ID
,coalesce(cdr.CALL_DRIVER_GROUP1_ID,0) as CALL_DRIVER_GROUP3_ID
,coalesce(cdr.SPEECH_QUERY_GROUP1_ID,0) as SPEECH_QUERY_GROUP1_ID
,coalesce(cdr.SPEECH_QUERY_GROUP2_ID,0) as SPEECH_QUERY_GROUP2_ID
,COALESCE(EBB.PRODCAT_EBB_ID,0) AS PRODCAT_EBB_ID
FROM   [NRDP_DM].[dbo].[FACT_TRUCK_ROLL] c left join 
  DIM_CURRENT_TODATE D 
  ON C.CALENDAR_DATE = D.CALENDAR_DATE left join 
  FACT_CALL_DRIVER_SPEECH_QUERY_REF cdr
  ON C.FISCAL_PERIOD_INT = cdr.FISCAL_PERIOD_INT
  AND C.CALENDAR_DATE = cdr.CALENDAR_DATE
  AND C.METRIC_SOURCE = cdr.METRIC_SOURCE
  AND C.METRIC_SOURCE_KEY = cdr.METRIC_SOURCE_KEY left join 
[DIM_TABULAR_AGENT_SKILL_LOCATION_LKP] agt
on C.PERNR_NUM = AGT.PERNR_NUM
AND C.FISCAL_PERIOD_INT = AGT.FISCAL_PERIOD_INT 
left join FACT_EBB_BULK_REF EBB with (nolock)
    on c.[FISCAL_PERIOD_INT] = EBB.[FISCAL_PERIOD_INT]
  and c.[METRIC_SOURCE] = EBB.[METRIC_SOURCE]
  and  c.[CALENDAR_DATE] =EBB.[CALENDAR_DATE]
  and c.[METRIC_SOURCE_KEY] = EBB.[METRIC_SOURCE_KEY]
WHERE C.FISCAL_PERIOD_INT > 201812
"
FACT_MDM_UNIT_OF_WORK_V,"

CREATE   VIEW [dbo].[FACT_MDM_UNIT_OF_WORK_V]
AS
SELECT A.[FISCAL_PERIOD_INT]
      ,[UNIT_OF_WORK_ID]
	  ,[CALENDAR_DATE]
      ,[DATEKEY]
      ,[TOTAL_POINTS]
      ,[RULE_ID]
	  ,A.[NTLOGIN_ID]
	  ,COALESCE(agt.PERNR_NUM,-1) AS PERNR_NUM
      ,COALESCE(agt.[AGENT_SKILL_LOCATION_ID],-1) AS AGENT_SKILL_LOCATION_ID 
      ,COALESCE(agt.SK_PERSON_HIER_ID,-1) AS PERSON_HIER_ID, COALESCE(agt.AGENT_TENURE_HIER_ID,-1) AS AGENT_TENURE_HIER_ID
  FROM [NRDP_DM].[dbo].FACT_UNIT_OF_WORK A
 left JOIN DIM_AGENT_FISCAL_PERIOD_EOM B
  ON A.NTLOGIN_ID = B.NTLOGIN_ID AND A.FISCAL_PERIOD_INT = B.FISCAL_PERIOD_INT
 left JOIN DIM_TABULAR_AGENT_SKILL_LOCATION_LKP agt
  ON agt.PERNR_NUM = B.PERNR_NUM
  AND agt.FISCAL_PERIOD_INT = B.FISCAL_PERIOD_INT
"
FACT_MDM_UNIT_OF_WORK_X2_V,"
CREATE view [dbo].[FACT_MDM_UNIT_OF_WORK_X2_V] AS 
SELECT 
A.EMPLOYEE_SERVICE_ID
,A.[UNIT_OF_WORK_ID]
	  ,A.[CALENDAR_DATE]
      ,A.[DATEKEY]
      ,A.[RULE_ID]
	  ,A.FISCAL_PERIOD_INT
,COALESCE(agt.PERNR_NUM,-1) AS PERNR_NUM
      ,COALESCE(agt.[AGENT_SKILL_LOCATION_ID],-1) AS AGENT_SKILL_LOCATION_ID 
      ,COALESCE(agt.SK_PERSON_HIER_ID,-1) AS PERSON_HIER_ID
	  , COALESCE(agt.AGENT_TENURE_HIER_ID,-1) AS AGENT_TENURE_HIER_ID 
	  FROM [NRDP_DM].[dbo].FACT_UNIT_OF_WORK_X2 A
 left JOIN DIM_AGENT_FISCAL_PERIOD_EOM B
  ON A.EMPLOYEE_SERVICE_ID = B.NTLOGIN_ID AND A.FISCAL_PERIOD_INT = B.FISCAL_PERIOD_INT
 left JOIN DIM_TABULAR_AGENT_SKILL_LOCATION_LKP agt
  ON agt.PERNR_NUM = B.PERNR_NUM
  AND agt.FISCAL_PERIOD_INT = B.FISCAL_PERIOD_INT
"
FACT_MDM_WORKLIST_FALLOUT_V,"



CREATE VIEW [dbo].[FACT_MDM_WORKLIST_FALLOUT_V]
AS
SELECT A.[FISCAL_PERIOD_INT]
      ,[WORKLIST_FALLOUT_KEY]
	  ,A.WORKLIST_FALLOUT_CHARACTERISTIC_KEY
      ,[FALLOUT_ID]
	  ,[CALENDAR_DATE]
      ,[DATEKEY]
	  ,A.[NTLOGIN_ID]
	  ,COALESCE(agt.PERNR_NUM,-1) AS PERNR_NUM
      ,COALESCE(agt.[AGENT_SKILL_LOCATION_ID],-1) AS AGENT_SKILL_LOCATION_ID 
      ,COALESCE(agt.SK_PERSON_HIER_ID,-1) AS PERSON_HIER_ID, COALESCE(agt.AGENT_TENURE_HIER_ID,-1) AS AGENT_TENURE_HIER_ID
  FROM [NRDP_DM].[dbo].[FACT_WORKLIST_FALLOUT] A
 INNER JOIN [NRDP_DM].[dbo].DIM_MDM_WORKLIST_FALLOUT_CHARACTERISTIC_V D
  ON A.WORKLIST_FALLOUT_CHARACTERISTIC_KEY = D.WORKLIST_FALLOUT_CHARACTERISTIC_KEY
 left JOIN DIM_AGENT_FISCAL_PERIOD_EOM B
  ON A.NTLOGIN_ID = B.NTLOGIN_ID AND A.FISCAL_PERIOD_INT = B.FISCAL_PERIOD_INT
 left JOIN DIM_TABULAR_AGENT_SKILL_LOCATION_LKP agt
  ON agt.PERNR_NUM = B.PERNR_NUM
  AND agt.FISCAL_PERIOD_INT = B.FISCAL_PERIOD_INT
"
FACT_MDM_WORKLIST_TASK_V,"










CREATE       VIEW [dbo].[FACT_MDM_WORKLIST_TASK_V]
AS
SELECT A.[FISCAL_PERIOD_INT]
      ,[WORKLIST_TASK_KEY]
	  ,[TASK_PARTICIPANT_ID]
	  ,[CALENDAR_DATE]
      ,[DATEKEY]
	  ,A.[NTLOGIN_ID]
	  ,TASK_CHARACTERISTIC_ID as TASK_CHARACTERISTIC_ID
	  ,COALESCE(agt.PERNR_NUM,-1) AS PERNR_NUM
      ,COALESCE(agt.[AGENT_SKILL_LOCATION_ID],-1) AS AGENT_SKILL_LOCATION_ID 
      ,COALESCE(agt.SK_PERSON_HIER_ID,-1) AS PERSON_HIER_ID, COALESCE(agt.AGENT_TENURE_HIER_ID,-1) AS AGENT_TENURE_HIER_ID
  FROM [NRDP_DM].[dbo].[FACT_WORKLIST_TASK] A
 left JOIN DIM_AGENT_FISCAL_PERIOD_EOM B
  ON A.NTLOGIN_ID = B.NTLOGIN_ID AND A.FISCAL_PERIOD_INT = B.FISCAL_PERIOD_INT
 left JOIN DIM_TABULAR_AGENT_SKILL_LOCATION_LKP agt
  ON agt.PERNR_NUM = B.PERNR_NUM
  AND agt.FISCAL_PERIOD_INT = B.FISCAL_PERIOD_INT
"
FACT_MDM_X2_COE_RATES_V,"
CREATE VIEW [dbo].[FACT_MDM_X2_COE_RATES_V] AS 
SELECT CAST(1 AS INT) AS  SERIES_ID , C.[FISCAL_PERIOD_INT]
	,D.FISCAL_PERIOD_TODATE_INT
	,agt.AGENT_SKILL_LOCATION_ID
	,agt.AGENT_TENURE_HIER_ID
	,agt.AGENT_SUPERVISOR_HIER_ID
      ,c.[PERNR_NUM]
	  ,c.[X2_PILLAR]
      ,c.[X2_SUB_QUEUE_NAME]
      ,[COE_CALL_RATES_XTV]
      ,[COE_CALL_RATES_XHS]
      ,[COE_CALL_RATES_XV]
      ,[COE_CALL_RATES_HSI]
      ,[COE_CALL_RATES_H1]
      ,[COE_CALL_RATES_X1]
      ,[COE_CALL_RATES_REV]
      ,[COE_CALL_RATES_XM]
	  ,[COE_CALL_RATES_INTERNET]
	  ,[COE_CALL_RATES_TOTAL_VIDEO]
  FROM [NRDP_DM].[dbo].[FACT_X2_COE_RATES] C WITH (NOLOCK) left join 
  (select DISTINCT FISCAL_PERIOD_INT, FISCAL_PERIOD_TODATE_INT FROM DIM_MDM_FISCAL_PERIOD_TODATE_V)D 
  ON C.FISCAL_PERIOD_INT = D.FISCAL_PERIOD_INT left join 
[DIM_TABULAR_AGENT_SKILL_LOCATION_LKP] agt WITH (NOLOCK)
on C.PERNR_NUM = AGT.PERNR_NUM
AND C.FISCAL_PERIOD_INT = AGT.FISCAL_PERIOD_INT "
FACT_MDM_XAP_EXIT_V,"



/****** Script for SELECT CAST(1 AS INT) AS SERIES_ID,TopNRows command from SSMS  ******/
CREATE VIEW [dbo].[FACT_MDM_XAP_EXIT_V] AS 
SELECT CAST(1 AS INT) AS SERIES_ID, 
 C.[FISCAL_PERIOD_INT]
	  ,COALESCE(D.[FISCAL_PERIOD_TODATE_INT],C.[FISCAL_PERIOD_INT]) AS [FISCAL_PERIOD_TODATE_INT]
      ,C.[CALENDAR_DATE]
      ,c.DATEKEY,C.CUSTOMER_ACCOUNT_KEY % 100 AS CUSTOMER_ACCOUNT_KEY
      ,COALESCE(EBB.CUSTOMER_EBB_BULK_KEY,0) AS CUSTOMER_EBB_BULK_KEY

--,C.[NRDP_AGENT_FISCAL_PERIOD_ID]
,C.[PERNR_NUM]
--,c.[CUSTOMER_ACCOUNT_ID]
,c.BASE_RGU_PROFILE_ID 
,c.[NRDP_CALL_ATTRIBUTE_ID] 
,c.[NRDP_CLV_ATTRIBUTE_ID]
,C.[TRANSFER_ORIGIN_AGENT_ID]
,C.[TRANSFER_ORIGIN_IACT_ID]
,c.[TENURE_ID]
,coalesce( C.[NBX_M2M_ID],-1) [NBX_M2M_ID]
,COALESCE(c.SENTIMENT_QA_ID,100000) AS SENTIMENT_QA_ID
,COALESCe(xap.PRE_NRDP_XAP_EXIT_ID,-1) as PRE_NRDP_XAP_EXIT_ID
,COALESCE(agt.[AGENT_SKILL_LOCATION_ID],-1) AS AGENT_SKILL_LOCATION_ID 
,COALESCE(agt.SK_PERSON_HIER_ID,-1) AS PERSON_HIER_ID
, COALESCE(agt.AGENT_TENURE_HIER_ID,-1) AS AGENT_TENURE_HIER_ID

,xap.PRE_CHARGE_SUM
,xap.PRE_AMNESTY_INSTANCE
,coalesce(cdr.CALL_DRIVER_GROUP1_ID,0) as CALL_DRIVER_GROUP1_ID
,coalesce(cdr.CALL_DRIVER_GROUP2_ID,0) as CALL_DRIVER_GROUP2_ID
,coalesce(cdr.CALL_DRIVER_GROUP1_ID,0) as CALL_DRIVER_GROUP3_ID
,coalesce(cdr.SPEECH_QUERY_GROUP1_ID,0) as SPEECH_QUERY_GROUP1_ID
,coalesce(cdr.SPEECH_QUERY_GROUP2_ID,0) as SPEECH_QUERY_GROUP2_ID
,COALESCE(EBB.PRODCAT_EBB_ID,0) AS PRODCAT_EBB_ID
 FROM 
  [NRDP_DM].[dbo].[FACT_CALL_DETAIL] C left join 
  DIM_CURRENT_TODATE D 
  ON C.CALENDAR_DATE = D.CALENDAR_DATE JOIN
  [dbo].[FACT_PRE_XAP_EXIT] xap
  on c.[FISCAL_PERIOD_INT] = xap.[FISCAL_PERIOD_INT]
  and c.[METRIC_SOURCE] = xap.[METRIC_SOURCE]
  and  c.[CALENDAR_DATE] =xap.[CALENDAR_DATE]
  and c.[METRIC_SOURCE_KEY] = xap.[METRIC_SOURCE_KEY] left join 
  FACT_CALL_DRIVER_SPEECH_QUERY_REF cdr
  ON C.FISCAL_PERIOD_INT = cdr.FISCAL_PERIOD_INT
  AND C.CALENDAR_DATE = cdr.CALENDAR_DATE
  AND C.METRIC_SOURCE = cdr.METRIC_SOURCE
  AND C.METRIC_SOURCE_KEY = cdr.METRIC_SOURCE_KEY left join 
[DIM_TABULAR_AGENT_SKILL_LOCATION_LKP] agt
on C.PERNR_NUM = AGT.PERNR_NUM
AND C.FISCAL_PERIOD_INT = AGT.FISCAL_PERIOD_INT 
left join FACT_EBB_BULK_REF EBB with (nolock)
    on c.[FISCAL_PERIOD_INT] = EBB.[FISCAL_PERIOD_INT]
  and c.[METRIC_SOURCE] = EBB.[METRIC_SOURCE]
  and  c.[CALENDAR_DATE] =EBB.[CALENDAR_DATE]
  and c.[METRIC_SOURCE_KEY] = EBB.[METRIC_SOURCE_KEY]
  WHERE xap.PRE_CHARGE_SUM is not null 
  UNION ALL
  SELECT CAST(1 AS INT) AS SERIES_ID, 
 C.[FISCAL_PERIOD_INT]
	  ,COALESCE(D.[FISCAL_PERIOD_TODATE_INT],C.[FISCAL_PERIOD_INT]) AS [FISCAL_PERIOD_TODATE_INT]
      ,C.[CALENDAR_DATE]
      ,c.DATEKEY,C.CUSTOMER_ACCOUNT_KEY % 100 AS CUSTOMER_ACCOUNT_KEY
      ,COALESCE(EBB.CUSTOMER_EBB_BULK_KEY,0) AS CUSTOMER_EBB_BULK_KEY

--,C.[NRDP_AGENT_FISCAL_PERIOD_ID]
,C.[PERNR_NUM]
--,c.[CUSTOMER_ACCOUNT_ID]
,c.BASE_RGU_PROFILE_ID 
,c.[NRDP_CALL_ATTRIBUTE_ID] 
,c.[NRDP_CLV_ATTRIBUTE_ID]
,C.[TRANSFER_ORIGIN_AGENT_ID]
,C.[TRANSFER_ORIGIN_IACT_ID]
,c.[TENURE_ID]
,coalesce( C.[NBX_M2M_ID],-1) [NBX_M2M_ID]
,COALESCE(c.SENTIMENT_QA_ID,100000) AS SENTIMENT_QA_ID
,COALESCe(xap.PRE_NRDP_XAP_EXIT_ID,-1) as PRE_NRDP_XAP_EXIT_ID
,COALESCE(agt.[AGENT_SKILL_LOCATION_ID],-1) AS AGENT_SKILL_LOCATION_ID 
,COALESCE(agt.SK_PERSON_HIER_ID,-1) AS PERSON_HIER_ID
, COALESCE(agt.AGENT_TENURE_HIER_ID,-1) AS AGENT_TENURE_HIER_ID

,xap.PRE_CHARGE_SUM
,xap.PRE_AMNESTY_INSTANCE
,coalesce(cdr.CALL_DRIVER_GROUP1_ID,0) as CALL_DRIVER_GROUP1_ID
,coalesce(cdr.CALL_DRIVER_GROUP2_ID,0) as CALL_DRIVER_GROUP2_ID
,coalesce(cdr.CALL_DRIVER_GROUP1_ID,0) as CALL_DRIVER_GROUP3_ID
,coalesce(cdr.SPEECH_QUERY_GROUP1_ID,0) as SPEECH_QUERY_GROUP1_ID
,coalesce(cdr.SPEECH_QUERY_GROUP2_ID,0) as SPEECH_QUERY_GROUP2_ID
,COALESCE(EBB.PRODCAT_EBB_ID,0) AS PRODCAT_EBB_ID
 FROM 
  [NRDP_DM].[dbo].[FACT_CHAT_DETAIL] C left join 
  DIM_CURRENT_TODATE D 
  ON C.CALENDAR_DATE = D.CALENDAR_DATE JOIN
  [dbo].[FACT_PRE_XAP_EXIT] xap
  on c.[FISCAL_PERIOD_INT] = xap.[FISCAL_PERIOD_INT]
  and c.[METRIC_SOURCE] = xap.[METRIC_SOURCE]
  and  c.[CALENDAR_DATE] =xap.[CALENDAR_DATE]
  and c.[METRIC_SOURCE_KEY] = xap.[METRIC_SOURCE_KEY] left join 
  FACT_CALL_DRIVER_SPEECH_QUERY_REF cdr
  ON C.FISCAL_PERIOD_INT = cdr.FISCAL_PERIOD_INT
  AND C.CALENDAR_DATE = cdr.CALENDAR_DATE
  AND C.METRIC_SOURCE = cdr.METRIC_SOURCE
  AND C.METRIC_SOURCE_KEY = cdr.METRIC_SOURCE_KEY left join 
[DIM_TABULAR_AGENT_SKILL_LOCATION_LKP] agt
on C.PERNR_NUM = AGT.PERNR_NUM
AND C.FISCAL_PERIOD_INT = AGT.FISCAL_PERIOD_INT 
left join FACT_EBB_BULK_REF EBB with (nolock)
    on c.[FISCAL_PERIOD_INT] = EBB.[FISCAL_PERIOD_INT]
  and c.[METRIC_SOURCE] = EBB.[METRIC_SOURCE]
  and  c.[CALENDAR_DATE] =EBB.[CALENDAR_DATE]
  and c.[METRIC_SOURCE_KEY] = EBB.[METRIC_SOURCE_KEY]
  WHERE xap.PRE_CHARGE_SUM is not null 
  and C.FISCAL_PERIOD_INT > 201812


"
FACT_MDM_XI_INTERACTIONS_ORDERS_V,"
CREATE VIEW [dbo].[FACT_MDM_XI_INTERACTIONS_ORDERS_V]
AS
SELECT C.[FISCAL_PERIOD_INT]
      ,[METRIC_SOURCE]
      ,[CALENDAR_DATE]
      ,C.[PERNR_NUM]
	  ,CAST(Convert(CHAR(8),c.[CALENDAR_DATE],112) AS INT) AS DATEKEY
      ,[NRDP_CALL_ATTRIBUTE_ID]
      ,C.[BASE_RGU_PROFILE_ID]
      ,[CUSTOMER_ACCOUNT_ID]
      ,[CUSTOMER_ACCOUNT_KEY]
      ,[NRDP_CLV_ATTRIBUTE_ID]
      ,[CUSTOMER_EBB_BULK_KEY]
      ,[CUSTOMER_ACCOUNT_DEMO_KEY]
      ,[TENURE_ID]
      ,[TRANSFER_ORIGIN_PERNR_NUM]
      ,[TRANSFER_ORIGIN_AGENT_ID]
      ,[TRANSFER_ORIGIN_IACT_ID]
      ,[TRANSFER_DEST_PERNR_NUM]
      ,[TRANSFER_DEST_IACT_ID]
      ,[SENTIMENT_QA_ID]
      ,[NRDP_CUST_MAP_ID]
      ,[NBX_M2M_ID]
      ,[PRODCAT_EBB_ID]
      ,[PRE_NRDP_XAP_EXIT_ID]
      ,[CALL_DRIVER_GROUP1_ID]
      ,[CALL_DRIVER_GROUP2_ID]
      ,[CALL_DRIVER_GROUP3_ID]
      ,[SPEECH_QUERY_GROUP1_ID]
      ,[SPEECH_QUERY_GROUP2_ID]
      ,[INTERACTION_HANDLED_CNT]
      ,[MOVE_INCOME_CONSTRAINED_ID]
	  ,COALESCE(agt.[AGENT_SKILL_LOCATION_ID],-1) AS AGENT_SKILL_LOCATION_ID 
,COALESCE(agt.SK_PERSON_HIER_ID,-1) AS PERSON_HIER_ID
, COALESCE(agt.AGENT_TENURE_HIER_ID,-1) AS AGENT_TENURE_HIER_ID
      ,[WO_COUNT]
      ,[CALLS_CHATS_WITH_RGUS_CNT]
      ,[XI_Calls_Chats_Handled]
      ,C.[ADD_XI_RGU_CNT]
      ,[SAVE_WITH_SAME_INTERACTION_COUNT]
	  ,C.END_SUB_XI_RGU_CNT
	  ,C.BEG_SUB_XI_RGU_CNT
	  ,CASE WHEN BEG_PRODUCT_MIX_NM = 'XI/XH' THEN INTERACTION_HANDLED_CNT ELSE 0 END+
	   CASE WHEN BEG_PRODUCT_MIX_NM = 'XI/XH/XM' THEN INTERACTION_HANDLED_CNT ELSE 0 END+
	   CASE WHEN BEG_PRODUCT_MIX_NM = 'XI/XM' THEN INTERACTION_HANDLED_CNT ELSE 0 END+
	   CASE WHEN BEG_PRODUCT_MIX_NM = 'XI/XV' THEN INTERACTION_HANDLED_CNT ELSE 0 END+
	   CASE WHEN BEG_PRODUCT_MIX_NM = 'XI/XV/XH' THEN INTERACTION_HANDLED_CNT ELSE 0 END+
	   CASE WHEN BEG_PRODUCT_MIX_NM = 'XI/XV/XH/XM' THEN INTERACTION_HANDLED_CNT ELSE 0 END+
	   CASE WHEN BEG_PRODUCT_MIX_NM = 'XI/XV/XM' THEN INTERACTION_HANDLED_CNT ELSE 0 END+
	   CASE WHEN BEG_PRODUCT_MIX_NM = 'XTV/XI' THEN INTERACTION_HANDLED_CNT ELSE 0 END+
	   CASE WHEN BEG_PRODUCT_MIX_NM = 'XTV/XI/XH' THEN INTERACTION_HANDLED_CNT ELSE 0 END+
	   CASE WHEN BEG_PRODUCT_MIX_NM = 'XTV/XI/XH/XM' THEN INTERACTION_HANDLED_CNT ELSE 0 END+
	   CASE WHEN BEG_PRODUCT_MIX_NM = 'XTV/XI/XM' THEN INTERACTION_HANDLED_CNT ELSE 0 END+
	   CASE WHEN BEG_PRODUCT_MIX_NM = 'XTV/XI/XV' THEN INTERACTION_HANDLED_CNT ELSE 0 END+
	   CASE WHEN BEG_PRODUCT_MIX_NM = 'XTV/XI/XV/XH' THEN INTERACTION_HANDLED_CNT ELSE 0 END+
	   CASE WHEN BEG_PRODUCT_MIX_NM = 'XTV/XI/XV/XH/XM' THEN INTERACTION_HANDLED_CNT ELSE 0 END+
	   CASE WHEN BEG_PRODUCT_MIX_NM = 'XTV/XI/XV/XM' THEN INTERACTION_HANDLED_CNT ELSE 0 END
	  AS XI_MULTI_INTERACTION_HANDLED_CNT
	  ,	  CASE WHEN BEG_PRODUCT_MIX_NM = 'XI/XH' THEN WO_COUNT ELSE 0 END+
	   CASE WHEN BEG_PRODUCT_MIX_NM = 'XI/XH/XM' THEN WO_COUNT ELSE 0 END+
	   CASE WHEN BEG_PRODUCT_MIX_NM = 'XI/XM' THEN WO_COUNT ELSE 0 END+
	   CASE WHEN BEG_PRODUCT_MIX_NM = 'XI/XV' THEN WO_COUNT ELSE 0 END+
	   CASE WHEN BEG_PRODUCT_MIX_NM = 'XI/XV/XH' THEN WO_COUNT ELSE 0 END+
	   CASE WHEN BEG_PRODUCT_MIX_NM = 'XI/XV/XH/XM' THEN WO_COUNT ELSE 0 END+
	   CASE WHEN BEG_PRODUCT_MIX_NM = 'XI/XV/XM' THEN WO_COUNT ELSE 0 END+
	   CASE WHEN BEG_PRODUCT_MIX_NM = 'XTV/XI' THEN WO_COUNT ELSE 0 END+
	   CASE WHEN BEG_PRODUCT_MIX_NM = 'XTV/XI/XH' THEN WO_COUNT ELSE 0 END+
	   CASE WHEN BEG_PRODUCT_MIX_NM = 'XTV/XI/XH/XM' THEN WO_COUNT ELSE 0 END+
	   CASE WHEN BEG_PRODUCT_MIX_NM = 'XTV/XI/XM' THEN WO_COUNT ELSE 0 END+
	   CASE WHEN BEG_PRODUCT_MIX_NM = 'XTV/XI/XV' THEN WO_COUNT ELSE 0 END+
	   CASE WHEN BEG_PRODUCT_MIX_NM = 'XTV/XI/XV/XH' THEN WO_COUNT ELSE 0 END+
	   CASE WHEN BEG_PRODUCT_MIX_NM = 'XTV/XI/XV/XH/XM' THEN WO_COUNT ELSE 0 END+
	   CASE WHEN BEG_PRODUCT_MIX_NM = 'XTV/XI/XV/XM' THEN WO_COUNT ELSE 0 END AS XI_MULTI_W0_COUNT
	  ,	 CASE WHEN BEG_PRODUCT_MIX_NM = 'XI/XH' THEN CALLS_CHATS_WITH_RGUS_CNT ELSE 0 END+
	   CASE WHEN BEG_PRODUCT_MIX_NM = 'XI/XH/XM' THEN CALLS_CHATS_WITH_RGUS_CNT ELSE 0 END+
	   CASE WHEN BEG_PRODUCT_MIX_NM = 'XI/XM' THEN CALLS_CHATS_WITH_RGUS_CNT ELSE 0 END+
	   CASE WHEN BEG_PRODUCT_MIX_NM = 'XI/XV' THEN CALLS_CHATS_WITH_RGUS_CNT ELSE 0 END+
	   CASE WHEN BEG_PRODUCT_MIX_NM = 'XI/XV/XH' THEN CALLS_CHATS_WITH_RGUS_CNT ELSE 0 END+
	   CASE WHEN BEG_PRODUCT_MIX_NM = 'XI/XV/XH/XM' THEN CALLS_CHATS_WITH_RGUS_CNT ELSE 0 END+
	   CASE WHEN BEG_PRODUCT_MIX_NM = 'XI/XV/XM' THEN CALLS_CHATS_WITH_RGUS_CNT ELSE 0 END+
	   CASE WHEN BEG_PRODUCT_MIX_NM = 'XTV/XI' THEN CALLS_CHATS_WITH_RGUS_CNT ELSE 0 END+
	   CASE WHEN BEG_PRODUCT_MIX_NM = 'XTV/XI/XH' THEN CALLS_CHATS_WITH_RGUS_CNT ELSE 0 END+
	   CASE WHEN BEG_PRODUCT_MIX_NM = 'XTV/XI/XH/XM' THEN CALLS_CHATS_WITH_RGUS_CNT ELSE 0 END+
	   CASE WHEN BEG_PRODUCT_MIX_NM = 'XTV/XI/XM' THEN CALLS_CHATS_WITH_RGUS_CNT ELSE 0 END+
	   CASE WHEN BEG_PRODUCT_MIX_NM = 'XTV/XI/XV' THEN CALLS_CHATS_WITH_RGUS_CNT ELSE 0 END+
	   CASE WHEN BEG_PRODUCT_MIX_NM = 'XTV/XI/XV/XH' THEN CALLS_CHATS_WITH_RGUS_CNT ELSE 0 END+
	   CASE WHEN BEG_PRODUCT_MIX_NM = 'XTV/XI/XV/XH/XM' THEN CALLS_CHATS_WITH_RGUS_CNT ELSE 0 END+
	   CASE WHEN BEG_PRODUCT_MIX_NM = 'XTV/XI/XV/XM' THEN CALLS_CHATS_WITH_RGUS_CNT ELSE 0 END AS XI_MULTI_CALLS_CHATS_WITH_RGUS_CNT
	  ,CASE WHEN BEG_PRODUCT_MIX_NM = 'XI/XH' THEN XI_Calls_Chats_Handled ELSE 0 END+
	   CASE WHEN BEG_PRODUCT_MIX_NM = 'XI/XH/XM' THEN XI_Calls_Chats_Handled ELSE 0 END+
	   CASE WHEN BEG_PRODUCT_MIX_NM = 'XI/XM' THEN XI_Calls_Chats_Handled ELSE 0 END+
	   CASE WHEN BEG_PRODUCT_MIX_NM = 'XI/XV' THEN XI_Calls_Chats_Handled ELSE 0 END+
	   CASE WHEN BEG_PRODUCT_MIX_NM = 'XI/XV/XH' THEN XI_Calls_Chats_Handled ELSE 0 END+
	   CASE WHEN BEG_PRODUCT_MIX_NM = 'XI/XV/XH/XM' THEN XI_Calls_Chats_Handled ELSE 0 END+
	   CASE WHEN BEG_PRODUCT_MIX_NM = 'XI/XV/XM' THEN XI_Calls_Chats_Handled ELSE 0 END+
	   CASE WHEN BEG_PRODUCT_MIX_NM = 'XTV/XI' THEN XI_Calls_Chats_Handled ELSE 0 END+
	   CASE WHEN BEG_PRODUCT_MIX_NM = 'XTV/XI/XH' THEN XI_Calls_Chats_Handled ELSE 0 END+
	   CASE WHEN BEG_PRODUCT_MIX_NM = 'XTV/XI/XH/XM' THEN XI_Calls_Chats_Handled ELSE 0 END+
	   CASE WHEN BEG_PRODUCT_MIX_NM = 'XTV/XI/XM' THEN XI_Calls_Chats_Handled ELSE 0 END+
	   CASE WHEN BEG_PRODUCT_MIX_NM = 'XTV/XI/XV' THEN XI_Calls_Chats_Handled ELSE 0 END+
	   CASE WHEN BEG_PRODUCT_MIX_NM = 'XTV/XI/XV/XH' THEN XI_Calls_Chats_Handled ELSE 0 END+
	   CASE WHEN BEG_PRODUCT_MIX_NM = 'XTV/XI/XV/XH/XM' THEN XI_Calls_Chats_Handled ELSE 0 END+
	   CASE WHEN BEG_PRODUCT_MIX_NM = 'XTV/XI/XV/XM' THEN XI_Calls_Chats_Handled ELSE 0 END AS XI_MULTI_CALLS_CHATS_HANDLED
	  ,CASE WHEN BEG_PRODUCT_MIX_NM = 'XI/XH' THEN C.ADD_XI_RGU_CNT ELSE 0 END+
	   CASE WHEN BEG_PRODUCT_MIX_NM = 'XI/XH/XM' THEN C.ADD_XI_RGU_CNT ELSE 0 END+
	   CASE WHEN BEG_PRODUCT_MIX_NM = 'XI/XM' THEN C.ADD_XI_RGU_CNT ELSE 0 END+
	   CASE WHEN BEG_PRODUCT_MIX_NM = 'XI/XV' THEN C.ADD_XI_RGU_CNT ELSE 0 END+
	   CASE WHEN BEG_PRODUCT_MIX_NM = 'XI/XV/XH' THEN C.ADD_XI_RGU_CNT ELSE 0 END+
	   CASE WHEN BEG_PRODUCT_MIX_NM = 'XI/XV/XH/XM' THEN C.ADD_XI_RGU_CNT ELSE 0 END+
	   CASE WHEN BEG_PRODUCT_MIX_NM = 'XI/XV/XM' THEN C.ADD_XI_RGU_CNT ELSE 0 END+
	   CASE WHEN BEG_PRODUCT_MIX_NM = 'XTV/XI' THEN C.ADD_XI_RGU_CNT ELSE 0 END+
	   CASE WHEN BEG_PRODUCT_MIX_NM = 'XTV/XI/XH' THEN C.ADD_XI_RGU_CNT ELSE 0 END+
	   CASE WHEN BEG_PRODUCT_MIX_NM = 'XTV/XI/XH/XM' THEN C.ADD_XI_RGU_CNT ELSE 0 END+
	   CASE WHEN BEG_PRODUCT_MIX_NM = 'XTV/XI/XM' THEN C.ADD_XI_RGU_CNT ELSE 0 END+
	   CASE WHEN BEG_PRODUCT_MIX_NM = 'XTV/XI/XV' THEN C.ADD_XI_RGU_CNT ELSE 0 END+
	   CASE WHEN BEG_PRODUCT_MIX_NM = 'XTV/XI/XV/XH' THEN C.ADD_XI_RGU_CNT ELSE 0 END+
	   CASE WHEN BEG_PRODUCT_MIX_NM = 'XTV/XI/XV/XH/XM' THEN C.ADD_XI_RGU_CNT ELSE 0 END+
	   CASE WHEN BEG_PRODUCT_MIX_NM = 'XTV/XI/XV/XM' THEN C.ADD_XI_RGU_CNT ELSE 0 END AS XI_MULTI_ADD_XI_RGU_CNT
	  ,CASE WHEN BEG_PRODUCT_MIX_NM = 'XI/XH' THEN SAVE_WITH_SAME_INTERACTION_COUNT ELSE 0 END+
	   CASE WHEN BEG_PRODUCT_MIX_NM = 'XI/XH/XM' THEN SAVE_WITH_SAME_INTERACTION_COUNT ELSE 0 END+
	   CASE WHEN BEG_PRODUCT_MIX_NM = 'XI/XM' THEN SAVE_WITH_SAME_INTERACTION_COUNT ELSE 0 END+
	   CASE WHEN BEG_PRODUCT_MIX_NM = 'XI/XV' THEN SAVE_WITH_SAME_INTERACTION_COUNT ELSE 0 END+
	   CASE WHEN BEG_PRODUCT_MIX_NM = 'XI/XV/XH' THEN SAVE_WITH_SAME_INTERACTION_COUNT ELSE 0 END+
	   CASE WHEN BEG_PRODUCT_MIX_NM = 'XI/XV/XH/XM' THEN SAVE_WITH_SAME_INTERACTION_COUNT ELSE 0 END+
	   CASE WHEN BEG_PRODUCT_MIX_NM = 'XI/XV/XM' THEN SAVE_WITH_SAME_INTERACTION_COUNT ELSE 0 END+
	   CASE WHEN BEG_PRODUCT_MIX_NM = 'XTV/XI' THEN SAVE_WITH_SAME_INTERACTION_COUNT ELSE 0 END+
	   CASE WHEN BEG_PRODUCT_MIX_NM = 'XTV/XI/XH' THEN SAVE_WITH_SAME_INTERACTION_COUNT ELSE 0 END+
	   CASE WHEN BEG_PRODUCT_MIX_NM = 'XTV/XI/XH/XM' THEN SAVE_WITH_SAME_INTERACTION_COUNT ELSE 0 END+
	   CASE WHEN BEG_PRODUCT_MIX_NM = 'XTV/XI/XM' THEN SAVE_WITH_SAME_INTERACTION_COUNT ELSE 0 END+
	   CASE WHEN BEG_PRODUCT_MIX_NM = 'XTV/XI/XV' THEN SAVE_WITH_SAME_INTERACTION_COUNT ELSE 0 END+
	   CASE WHEN BEG_PRODUCT_MIX_NM = 'XTV/XI/XV/XH' THEN SAVE_WITH_SAME_INTERACTION_COUNT ELSE 0 END+
	   CASE WHEN BEG_PRODUCT_MIX_NM = 'XTV/XI/XV/XH/XM' THEN SAVE_WITH_SAME_INTERACTION_COUNT ELSE 0 END+
	   CASE WHEN BEG_PRODUCT_MIX_NM = 'XTV/XI/XV/XM' THEN SAVE_WITH_SAME_INTERACTION_COUNT ELSE 0 END AS XI_MULTI_SAVE_WITH_SAME_INTERACTION_COUNT
	   ,CASE WHEN BEG_PRODUCT_MIX_NM = 'XI/XH' THEN C.END_SUB_XI_RGU_CNT ELSE 0 END+
	   CASE WHEN BEG_PRODUCT_MIX_NM = 'XI/XH/XM' THEN C.END_SUB_XI_RGU_CNT ELSE 0 END+
	   CASE WHEN BEG_PRODUCT_MIX_NM = 'XI/XM' THEN C.END_SUB_XI_RGU_CNT ELSE 0 END+
	   CASE WHEN BEG_PRODUCT_MIX_NM = 'XI/XV' THEN C.END_SUB_XI_RGU_CNT ELSE 0 END+
	   CASE WHEN BEG_PRODUCT_MIX_NM = 'XI/XV/XH' THEN C.END_SUB_XI_RGU_CNT ELSE 0 END+
	   CASE WHEN BEG_PRODUCT_MIX_NM = 'XI/XV/XH/XM' THEN C.END_SUB_XI_RGU_CNT ELSE 0 END+
	   CASE WHEN BEG_PRODUCT_MIX_NM = 'XI/XV/XM' THEN C.END_SUB_XI_RGU_CNT ELSE 0 END+
	   CASE WHEN BEG_PRODUCT_MIX_NM = 'XTV/XI' THEN C.END_SUB_XI_RGU_CNT ELSE 0 END+
	   CASE WHEN BEG_PRODUCT_MIX_NM = 'XTV/XI/XH' THEN C.END_SUB_XI_RGU_CNT ELSE 0 END+
	   CASE WHEN BEG_PRODUCT_MIX_NM = 'XTV/XI/XH/XM' THEN C.END_SUB_XI_RGU_CNT ELSE 0 END+
	   CASE WHEN BEG_PRODUCT_MIX_NM = 'XTV/XI/XM' THEN C.END_SUB_XI_RGU_CNT ELSE 0 END+
	   CASE WHEN BEG_PRODUCT_MIX_NM = 'XTV/XI/XV' THEN C.END_SUB_XI_RGU_CNT ELSE 0 END+
	   CASE WHEN BEG_PRODUCT_MIX_NM = 'XTV/XI/XV/XH' THEN C.END_SUB_XI_RGU_CNT ELSE 0 END+
	   CASE WHEN BEG_PRODUCT_MIX_NM = 'XTV/XI/XV/XH/XM' THEN C.END_SUB_XI_RGU_CNT ELSE 0 END+
	   CASE WHEN BEG_PRODUCT_MIX_NM = 'XTV/XI/XV/XM' THEN C.END_SUB_XI_RGU_CNT ELSE 0 END
	  AS XI_MULTI_END_SUB_XI_RGU_CNT
	  ,CASE WHEN BEG_PRODUCT_MIX_NM = 'XI/XH' THEN C.BEG_SUB_XI_RGU_CNT ELSE 0 END+
	   CASE WHEN BEG_PRODUCT_MIX_NM = 'XI/XH/XM' THEN C.BEG_SUB_XI_RGU_CNT ELSE 0 END+
	   CASE WHEN BEG_PRODUCT_MIX_NM = 'XI/XM' THEN C.BEG_SUB_XI_RGU_CNT ELSE 0 END+
	   CASE WHEN BEG_PRODUCT_MIX_NM = 'XI/XV' THEN C.BEG_SUB_XI_RGU_CNT ELSE 0 END+
	   CASE WHEN BEG_PRODUCT_MIX_NM = 'XI/XV/XH' THEN C.BEG_SUB_XI_RGU_CNT ELSE 0 END+
	   CASE WHEN BEG_PRODUCT_MIX_NM = 'XI/XV/XH/XM' THEN C.BEG_SUB_XI_RGU_CNT ELSE 0 END+
	   CASE WHEN BEG_PRODUCT_MIX_NM = 'XI/XV/XM' THEN C.BEG_SUB_XI_RGU_CNT ELSE 0 END+
	   CASE WHEN BEG_PRODUCT_MIX_NM = 'XTV/XI' THEN C.BEG_SUB_XI_RGU_CNT ELSE 0 END+
	   CASE WHEN BEG_PRODUCT_MIX_NM = 'XTV/XI/XH' THEN C.BEG_SUB_XI_RGU_CNT ELSE 0 END+
	   CASE WHEN BEG_PRODUCT_MIX_NM = 'XTV/XI/XH/XM' THEN C.BEG_SUB_XI_RGU_CNT ELSE 0 END+
	   CASE WHEN BEG_PRODUCT_MIX_NM = 'XTV/XI/XM' THEN C.BEG_SUB_XI_RGU_CNT ELSE 0 END+
	   CASE WHEN BEG_PRODUCT_MIX_NM = 'XTV/XI/XV' THEN C.BEG_SUB_XI_RGU_CNT ELSE 0 END+
	   CASE WHEN BEG_PRODUCT_MIX_NM = 'XTV/XI/XV/XH' THEN C.BEG_SUB_XI_RGU_CNT ELSE 0 END+
	   CASE WHEN BEG_PRODUCT_MIX_NM = 'XTV/XI/XV/XH/XM' THEN C.BEG_SUB_XI_RGU_CNT ELSE 0 END+
	   CASE WHEN BEG_PRODUCT_MIX_NM = 'XTV/XI/XV/XM' THEN C.BEG_SUB_XI_RGU_CNT ELSE 0 END
	  AS XI_MULTI_BEG_SUB_XI_RGU_CNT
  FROM [NRDP_DM].[dbo].[FACT_XI_INTERACTIONS_ORDERS] C left join 
[DIM_TABULAR_AGENT_SKILL_LOCATION_LKP] agt
on C.PERNR_NUM = AGT.PERNR_NUM
AND C.FISCAL_PERIOD_INT = AGT.FISCAL_PERIOD_INT LEFT JOIN
DIM_MDM_BASE_RGU_V D ON C.BASE_RGU_PROFILE_ID = D.BASE_RGU_PROFILE_ID
"
FACT_MDM_XM_ACTIVATION_V,"CREATE VIEW [dbo].[FACT_MDM_XM_ACTIVATION_V]
AS 
SELECT CAST(1 AS INT) AS SERIES_ID,  A.[FISCAL_PERIOD_INT]
	  ,COALESCE(D.[FISCAL_PERIOD_TODATE_INT],A.FISCAL_PERIOD_INT) AS FISCAL_PERIOD_TODATE_INT
      ,A.[CALENDAR_DATE]
      ,A.DATEKEY
      ,A.[METRIC_SOURCE]
      ,A.[ORDER_CREATE_DATE]
      --,A.[METRIC_SOURCE_KEY]
      ,A.[CUBE_CUSTOMER_ACCOUNT_KEY] % 100 AS CUBE_CUSTOMER_ACCOUNT_KEY
      --,A.[CUSTOMER_ACCOUNT_ID]
      ,A.[PERNR_NUM]
    --  ,A.[NRDP_AGENT_FISCAL_PERIOD_ID]
      ,A.[NRDP_CALL_ATTRIBUTE_ID]
      ,A.[NRDP_CLV_ATTRIBUTE_ID]
      ,A.[TENURE_ID]
      ,A.[BASE_RGU_PROFILE_ID]
      ,A.[ADD_XM_LINE_CNT]
      ,A.ADD_XM_LINE_CNT*A.XM_ACTIVATION_DAYS AS XM_ACTIVATION_DAYS
	  ,1 as Activation_CNT
	  ,A.[TRANSFER_ORIGIN_AGENT_ID]
      ,A.[TRANSFER_ORIGIN_IACT_ID]
	  ,-1 AS AGENT_TRAINING_ID
	  ,10000 AS SENTIMENT_QA_ID
	  ,-1 XM_LINE_DETAIL_ATTRIBUTE_ID
      ,COALESCE(agt.[AGENT_SKILL_LOCATION_ID],-1) AS AGENT_SKILL_LOCATION_ID 
      ,COALESCE(agt.SK_PERSON_HIER_ID,-1) AS PERSON_HIER_ID
      , COALESCE(agt.AGENT_TENURE_HIER_ID,-1) AS AGENT_TENURE_HIER_ID
	  ,coalesce(cdr.CALL_DRIVER_GROUP1_ID,0) as CALL_DRIVER_GROUP1_ID
      ,coalesce(cdr.CALL_DRIVER_GROUP2_ID,0) as CALL_DRIVER_GROUP2_ID
      ,coalesce(cdr.CALL_DRIVER_GROUP1_ID,0) as CALL_DRIVER_GROUP3_ID
      ,coalesce(cdr.SPEECH_QUERY_GROUP1_ID,0) as SPEECH_QUERY_GROUP1_ID
      ,coalesce(cdr.SPEECH_QUERY_GROUP2_ID,0) as SPEECH_QUERY_GROUP2_ID
  FROM [NRDP_DM].[dbo].[FACT_XM_ACTIVATION] a with (nolock) left join 
  DIM_MDM_FISCAL_PERIOD_TODATE_V D 
  ON A.CALENDAR_DATE = D.CALENDAR_DATE
  left join 
  FACT_CALL_DRIVER_SPEECH_QUERY_REF cdr
  ON a.FISCAL_PERIOD_INT = cdr.FISCAL_PERIOD_INT
  AND a.CALENDAR_DATE = cdr.CALENDAR_DATE
  AND a.METRIC_SOURCE = cdr.METRIC_SOURCE
  AND a.METRIC_SOURCE_KEY = cdr.METRIC_SOURCE_KEY
  left join [DIM_TABULAR_AGENT_SKILL_LOCATION_LKP] agt with (nolock)
     on a.PERNR_NUM = AGT.PERNR_NUM AND a.FISCAL_PERIOD_INT = AGT.FISCAL_PERIOD_INT
  WHERE a.FISCAL_PERIOD_INT > 201812
"
FACT_MDM_XM_ADDS_V,"

CREATE VIEW [dbo].[FACT_MDM_XM_ADDS_V]
AS
SELECT F.[FISCAL_PERIOD_INT]
      ,[METRIC_SOURCE]
      ,[CALENDAR_DATE]
      ,[NRDP_XM_ADD_FACT_ID]
      ,[DATEKEY]
      ,[CUSTOMER_ACCOUNT_KEY]
      ,F.[PERNR_NUM]
      ,F.[NRDP_AGENT_FISCAL_PERIOD_ID]
      ,[NRDP_CALL_ATTRIBUTE_ID]
      ,[NRDP_CLV_ATTRIBUTE_ID]
      ,[TRANSFER_ORIGIN_AGENT_ID]
      ,[TRANSFER_ORIGIN_IACT_ID]
      ,[TENURE_ID]
      ,[BASE_RGU_PROFILE_ID]
      ,[NBX_M2M_ID]
      ,[SENTIMENT_QA_ID]
      ,-1 AS [AGENT_TRAINING_ID]
      ,[NRDP_CUST_MAP_ID]
      ,[ADD_XM_LINE_CNT]
      ,[XM_ACTIVATION_DAYS]
      ,-1 AS [PRODCAT_EBB_ID]
      ,0 [CALL_DRIVER_GROUP1_ID]
      ,0 [CALL_DRIVER_GROUP2_ID]
      ,0 [CALL_DRIVER_GROUP3_ID]
      ,0 [SPEECH_QUERY_GROUP1_ID]
      ,0 [SPEECH_QUERY_GROUP2_ID]
	  	  ,COALESCE(agt.[AGENT_SKILL_LOCATION_ID],-1) AS AGENT_SKILL_LOCATION_ID 
      ,COALESCE(agt.SK_PERSON_HIER_ID,-1) AS PERSON_HIER_ID
      , COALESCE(agt.AGENT_TENURE_HIER_ID,-1) AS AGENT_TENURE_HIER_ID

  
  FROM [NRDP_DM].[dbo].[FACT_XM_ADDS] F
  left join [DIM_TABULAR_AGENT_SKILL_LOCATION_LKP] agt with (nolock)
     on f.PERNR_NUM = AGT.PERNR_NUM  AND f.FISCAL_PERIOD_INT = AGT.FISCAL_PERIOD_INT
"
FACT_MDM_XM_CONTRIBUTION_V,"



CREATE VIEW [dbo].[FACT_MDM_XM_CONTRIBUTION_V]
AS
SELECT CAST(1 AS INT) AS SERIES_ID,  C.[FISCAL_PERIOD_INT]
	  ,COALESCE(D.[FISCAL_PERIOD_TODATE_INT],C.[FISCAL_PERIOD_INT]) AS [FISCAL_PERIOD_TODATE_INT]
      ,C.[CALENDAR_DATE]
      ,c.DATEKEY
      ,[CUSTOMER_ACCOUNT_KEY] % 100 AS CUSTOMER_ACCOUNT_KEY
      ,COALESCE(EBB.CUSTOMER_EBB_BULK_KEY,0) AS CUSTOMER_EBB_BULK_KEY

     -- ,C.[NRDP_AGENT_FISCAL_PERIOD_ID]
      ,C.[PERNR_NUM]
      ,[NRDP_CALL_ATTRIBUTE_ID]
      ,[NRDP_CLV_ATTRIBUTE_ID]
      ,[TRANSFER_ORIGIN_AGENT_ID]
      ,[TRANSFER_ORIGIN_IACT_ID]
      ,[TENURE_ID]
      ,[BASE_RGU_PROFILE_ID]
      ,[NBX_M2M_ID]
      ,[SENTIMENT_QA_ID]
	  ,-1 NRDP_CUST_MAP_ID
      ,COALESCE(atr.AGENT_TRAINING_ID,-1) AS AGENT_TRAINING_ID
      ,COALESCE(agt.[AGENT_SKILL_LOCATION_ID],-1) AS AGENT_SKILL_LOCATION_ID 
      ,COALESCE(agt.SK_PERSON_HIER_ID,-1) AS PERSON_HIER_ID
      , COALESCE(agt.AGENT_TENURE_HIER_ID,-1) AS AGENT_TENURE_HIER_ID
      ,[XM_SALES_CONTRIBUTION_E2E_CNT]
      ,[XM_SALES_CONTRIBUTION_PITCH_TFR_CNT]
      ,[XM_SALES_CONTRIBUTION_R2R_CNT]
	  ,coalesce(cdr.CALL_DRIVER_GROUP1_ID,0) as CALL_DRIVER_GROUP1_ID
,coalesce(cdr.CALL_DRIVER_GROUP2_ID,0) as CALL_DRIVER_GROUP2_ID
,coalesce(cdr.CALL_DRIVER_GROUP1_ID,0) as CALL_DRIVER_GROUP3_ID
,coalesce(cdr.SPEECH_QUERY_GROUP1_ID,0) as SPEECH_QUERY_GROUP1_ID
,coalesce(cdr.SPEECH_QUERY_GROUP2_ID,0) as SPEECH_QUERY_GROUP2_ID
,XM_LINE_CONTRIBUTION_REFERRAL_TYPE
,C.METRIC_SOURCE
--,C.METRIC_SOURCE_KEY
--,CUSTOMER_ACCOUNT_ID
,XM_LINE_CONTRIBUTION_REFERRAL_CNT
,CASE WHEN XM_LINE_CONTRIBUTION_REFERRAL_TYPE = 'R2R' THEN XM_LINE_CONTRIBUTION_REFERRAL_CNT ELSE NULL END XM_LINE_CONTRIBUTION_REFERRAL_CNT_R2R
,CASE WHEN XM_LINE_CONTRIBUTION_REFERRAL_TYPE = 'PT' THEN XM_LINE_CONTRIBUTION_REFERRAL_CNT ELSE NULL END XM_LINE_CONTRIBUTION_REFERRAL_CNT_PT
,CASE WHEN XM_LINE_CONTRIBUTION_REFERRAL_TYPE = 'Chat PT' THEN XM_LINE_CONTRIBUTION_REFERRAL_CNT ELSE NULL END XM_LINE_CONTRIBUTION_REFERRAL_CNT_CHATPT
,CASE WHEN XM_LINE_CONTRIBUTION_REFERRAL_TYPE = 'MyLeads' THEN XM_LINE_CONTRIBUTION_REFERRAL_CNT ELSE NULL END XM_LINE_CONTRIBUTION_REFERRAL_CNT_MyLeads --NRD-912
,COALESCE(EBB.PRODCAT_EBB_ID,0) AS PRODCAT_EBB_ID
,CAST(-1 AS INTEGER) MOVE_INCOME_CONSTRAINED_ID
FROM [NRDP_DM].[dbo].[FACT_XM_CONTRIBUTION] C left join 
  DIM_CURRENT_TODATE D 
  ON C.CALENDAR_DATE = D.CALENDAR_DATE
left join 
  FACT_CALL_DRIVER_SPEECH_QUERY_REF cdr
  ON C.FISCAL_PERIOD_INT = cdr.FISCAL_PERIOD_INT
  AND C.CALENDAR_DATE = cdr.CALENDAR_DATE
  AND C.METRIC_SOURCE = cdr.METRIC_SOURCE
  AND C.METRIC_SOURCE_KEY = cdr.METRIC_SOURCE_KEY
LEFT JOIN [DIM_TABULAR_AGENT_SKILL_LOCATION_LKP] agt
  on C.PERNR_NUM = AGT.PERNR_NUM AND C.FISCAL_PERIOD_INT = AGT.FISCAL_PERIOD_INT 
LEFT JOIN [dbo].[FACT_AGENT_TRAINING_REF_V] atr
  ON c.DATEKEY=atr.DATEKEY
  and c.NRDP_AGENT_FISCAL_PERIOD_ID= atr.NRDP_AGENT_FISCAL_PERIOD_ID
left join FACT_EBB_BULK_REF EBB with (nolock)
    on c.[FISCAL_PERIOD_INT] = EBB.[FISCAL_PERIOD_INT]
  and c.[METRIC_SOURCE] = EBB.[METRIC_SOURCE]
  and  c.[CALENDAR_DATE] =EBB.[CALENDAR_DATE]
  and c.[METRIC_SOURCE_KEY] = EBB.[METRIC_SOURCE_KEY]
WHERE C.FISCAL_PERIOD_INT > 201812
"
FACT_MDM_XM_LINE_DETAIL_V,"








CREATE VIEW [dbo].[FACT_MDM_XM_LINE_DETAIL_V]
AS
SELECT CAST(1 AS INT) AS SERIES_ID,  F.[FISCAL_PERIOD_INT]
	  ,COALESCE(D.[FISCAL_PERIOD_TODATE_INT],F.[FISCAL_PERIOD_INT]) AS [FISCAL_PERIOD_TODATE_INT]
      ,F.[CALENDAR_DATE]
      ,F.DATEKEY
      ,F.[METRIC_SOURCE]
      --,f.[METRIC_SOURCE_KEY]
      ,F.[ORDER_CREATE_DATE]
      ,F.[CUSTOMER_ACCOUNT_KEY] % 100 AS CUSTOMER_ACCOUNT_KEY
	, COALESCE(EBB.CUSTOMER_EBB_BULK_KEY,0) AS CUSTOMER_EBB_BULK_KEY-- Added by SS ON 7/19/21
	,CAST(-1 AS INTEGER) MOVE_INCOME_CONSTRAINED_ID 

,CAST(-1 AS INTEGER) CUSTOMER_ACCOUNT_DEMO_KEY -- Added by SS ON 7/19/21
      --,F.[CUSTOMER_ACCOUNT_ID]
      ,F.[PERNR_NUM]
     -- ,F.[NRDP_AGENT_FISCAL_PERIOD_ID]
      ,COALESCE(LKP.[NRDP_CALL_ATTRIBUTE_ID],-1) AS NRDP_CALL_ATTRIBUTE_ID
      ,F.[NRDP_CLV_ATTRIBUTE_ID]
      ,F.[TRANSFER_ORIGIN_AGENT_ID]
      ,F.[TRANSFER_ORIGIN_IACT_ID]
      ,F.[TENURE_ID]
      ,F.[BASE_RGU_PROFILE_ID]
      ,1 AS [NBX_M2M_ID]
      ,10000 AS [SENTIMENT_QA_ID]
      ,COALESCE(F.XM_LINE_DETAIL_ATTRIBUTE_ID,-1) AS XM_LINE_DETAIL_ATTRIBUTE_ID
      ,F.[NRDP_XM_ADD_FACT_ID]
      , 1 AS[ACTIVATION_NUMBER]
	  ,F.ADD_XM_LINE_CNT as ADD_XM_LINE_CNT
	  ,CASE WHEN ACTIVATION_IND = 1 THEN 1 ELSE 0 END AS XMLINECOUNT
	  ,1*F.XM_ACTIVATION_DAYS AS XM_ACTIVATION_DAYS
	  ,CASE WHEN F.CALENDAR_DATE > '2020-12-21' AND ROW_NUMBER() OVER (PARTITION BY NRDP_XM_ADD_FACT_ID ORDER BY F.CALENDAR_DATE) =1 THEN 1 ELSE NULL END XM_ACTIVATION_ORDER_COUNT
      ,COALESCE(agt.[AGENT_SKILL_LOCATION_ID],-1) AS AGENT_SKILL_LOCATION_ID 
      ,COALESCE(agt.SK_PERSON_HIER_ID,-1) AS PERSON_HIER_ID
      , COALESCE(agt.AGENT_TENURE_HIER_ID,-1) AS AGENT_TENURE_HIER_ID
	-- ,ADD_XM_LINE_CNT*XM_ACTIVATION_DAYS AS XM_ACTIVATION_DAYS
	,coalesce(cdr.CALL_DRIVER_GROUP1_ID,0) as CALL_DRIVER_GROUP1_ID
,coalesce(cdr.CALL_DRIVER_GROUP2_ID,0) as CALL_DRIVER_GROUP2_ID
,coalesce(cdr.CALL_DRIVER_GROUP1_ID,0) as CALL_DRIVER_GROUP3_ID
,coalesce(cdr.SPEECH_QUERY_GROUP1_ID,0) as SPEECH_QUERY_GROUP1_ID
,coalesce(cdr.SPEECH_QUERY_GROUP2_ID,0) as SPEECH_QUERY_GROUP2_ID
,COALESCE(EBB.PRODCAT_EBB_ID,0) AS PRODCAT_EBB_ID

--ADDED BY SS ON 10/29/2021
,CASE WHEN MATURE_FLAG_30 = 'Y' THEN NULLIF(LTR_30_XM_LINE_CNT,0) ELSE 0 END AS LTR_30_XM_LINE_CNT
,CASE WHEN MATURE_FLAG_60 = 'Y' THEN NULLIF(LTR_60_XM_LINE_CNT,0) ELSE 0 END AS LTR_60_XM_LINE_CNT
,CASE WHEN MATURE_FLAG_90 = 'Y' THEN NULLIF(LTR_90_XM_LINE_CNT,0) ELSE 0 END AS LTR_90_XM_LINE_CNT

,CASE WHEN MATURE_FLAG_30 = 'Y' THEN 1 ELSE 0 END AS LTR_30_DENOM
,CASE WHEN MATURE_FLAG_60 = 'Y' THEN 1 ELSE 0 END AS LTR_60_DENOM
,CASE WHEN MATURE_FLAG_90 = 'Y' THEN 1 ELSE 0 END AS LTR_90_DENOM

,CASE WHEN UPGRADE_IND = 1 THEN 1 ELSE 0 END AS XM_UPGRADE_COUNT  --NRD-756
,DISCO_BEG_XM_TOT_LINE_CNT -- NRD-990

  FROM [NRDP_DM].[dbo].[FACT_XM_LINE_DETAIL] F WITH (NOLOCK) left join 
  DIM_CURRENT_TODATE D 
  ON f.CALENDAR_DATE = D.CALENDAR_DATE 
  left join 
  FACT_CALL_DRIVER_SPEECH_QUERY_REF cdr
  ON F.FISCAL_PERIOD_INT = cdr.FISCAL_PERIOD_INT
  AND F.CALENDAR_DATE = cdr.CALENDAR_DATE
  AND F.METRIC_SOURCE = cdr.METRIC_SOURCE
  AND F.METRIC_SOURCE_KEY = cdr.METRIC_SOURCE_KEY
  LEFT JOIN  [DIM_TABULAR_AGENT_SKILL_LOCATION_LKP] agt with (nolock)
     on F.PERNR_NUM = AGT.PERNR_NUM AND F.FISCAL_PERIOD_INT = AGT.FISCAL_PERIOD_INT
left join FACT_EBB_BULK_REF EBB with (nolock)
    on F.[FISCAL_PERIOD_INT] = EBB.[FISCAL_PERIOD_INT]
  and f.[METRIC_SOURCE] = EBB.[METRIC_SOURCE]
  and  f.[CALENDAR_DATE] =EBB.[CALENDAR_DATE]
  and f.[METRIC_SOURCE_KEY] = EBB.[METRIC_SOURCE_KEY]
LEFT JOIN LKP_DIM_VALUES_INTERACTIONS LKP
ON LKP.METRIC_SOURCE = F.METRIC_SOURCE
AND LKP.METRIC_SOURCE_KEY = F.METRIC_SOURCE_KEY
AND LKP.CALENDAR_DATE = F.INTERACTION_DATE
 WHERE F.FISCAL_PERIOD_INT > 201812
"
FACT_MDM_XM_ORDER_TIMELINE_DETAILS_V,"CREATE VIEW [dbo].[FACT_MDM_XM_ORDER_TIMELINE_DETAILS_V]
AS
SELECT
C.[FISCAL_PERIOD_INT],
C.[CALENDAR_DATE],
C.[DATE_KEY] AS DATEKEY,
C.[PERNR_NUM],
C.BYOD_IND,
C.PORTIN_IND,
C.FORCED_ACTIVATION_IND,
C.ESIM_IND,
C.PSIM_IND,
C.UPGRADE_PHONE_IND,
C.UNLIMITED_IND,
C.BY_THE_GIG_IND,
C.DATA_PASS_IND,
C.PREMIUM_PLAN_IND,
C.VOLUNTARY_DISCONNECT_IND,
C.NON_PAY_DISCONNECT_IND,
C.NOW_IND,
C.THIRTY_DAY_ACTIVATION_IND,
C.THIRTY_DAY_CANCEL_IND,
C.THIRTY_DAY_PENDING_IND,
--C.DISCO_IND,
CASE WHEN C.DISCO_NO_ACT_IND <> 1 OR C.DISCO_NO_ACT_IND IS NULL THEN C.DISCO_IND
            ELSE 0
        END AS DISCO_IND,
C.CANCEL_IND,
C.DISCO_NO_ACT_IND,
C.ORDER_IND,
CASE WHEN C.NOW_IND = 0 THEN C.ORDER_IND ELSE 0 END AS XM_ORDER_IND,
CASE WHEN C.NOW_IND = 1 THEN C.ORDER_IND ELSE 0 END AS NOW_ORDER_IND,
C.ACT_RATE_IND,
CASE WHEN C.NOW_IND = 0 THEN C.ACT_RATE_IND ELSE 0 END AS XM_ACT_RATE_IND,
CASE WHEN C.NOW_IND = 1 THEN C.ACT_RATE_IND ELSE 0 END AS NOW_ACT_RATE_IND

	  ,COALESCE(agt.[AGENT_SKILL_LOCATION_ID],-1) AS AGENT_SKILL_LOCATION_ID 
	  ,COALESCE(agt.SK_PERSON_HIER_ID,-1) AS PERSON_HIER_ID
	  , COALESCE(agt.AGENT_TENURE_HIER_ID,-1) AS AGENT_TENURE_HIER_ID
	  , COALESCE(C.[NRDP_CALL_ATTRIBUTE_ID],-1) AS NRDP_CALL_ATTRIBUTE_ID
	  

FROM 
    [NRDP_DM].[dbo].[FACT_MDM_XM_ORDER_TIMELINE_DETAILS] C left join

	[DIM_TABULAR_AGENT_SKILL_LOCATION_LKP] agt WITH (NOLOCK)
on C.PERNR_NUM = AGT.PERNR_NUM
AND C.FISCAL_PERIOD_INT = AGT.FISCAL_PERIOD_INT
--left join LKP_DIM_VALUES_INTERACTIONS dv WITH (NOLOCK) 
 -- ON C.FISCAL_PERIOD_INT =  dv.FISCAL_PERIOD_INT 
  --AND c.CALENDAR_DATE = dv.CALENDAR_DATE
  --AND (CASE WHEN C.INTERACTION_MEDIUM = 'Call' then 1 when C.INTERACTION_MEDIUM = 'Chat' then 3 else null end)  = dv.METRIC_SOURCE
  --AND c.Interaction_source_key = dv.METRIC_SOURCE_KEY
;"
FACT_MDM_XM_PRODUCT_CATEGORY_V,"
CREATE VIEW [dbo].[FACT_MDM_XM_PRODUCT_CATEGORY_V]
AS
SELECT        NRDP_CATEGORY_ID, NRDP_PRODUCT_CATEGORY_DESC, CASE WHEN NRDP_CATEGORY_ID = 1 THEN 1 ELSE NULL END AS NRDP_CATEGORY_FIRST
FROM            DIM_PRODUCT_CATEGORY
"
FACT_MDM_XMC_DETAIL_V,"

 
CREATE VIEW [dbo].[FACT_MDM_XMC_DETAIL_V]
AS
SELECT
C.[FISCAL_PERIOD_INT],
C.[CALENDAR_DATE],
C.[DATE_KEY] AS DATEKEY,
C.[PERNR_NUM],
ADD_XMPP_CNT,
XMPP_RATE_AMT,
ADD_XMC_TIER1_CNT,
ADD_XMC_TIER2_CNT,
ADD_XMC_TIER3_CNT,
ADD_XMC_TIER4_CNT,
NRDP_CALL_ATTRIBUTE_ID,
---DMRCXSO-7784
[CUSTOMER_ACCOUNT_KEY] % 100 AS CUSTOMER_ACCOUNT_KEY,
COALESCE([XM_LINE_DETAIL_ATTRIBUTE_ID],-1) AS XM_LINE_DETAIL_ATTRIBUTE_ID
 
,CAST(-1 AS INT) AS AGENT_TRAINING_ID
	  ,COALESCE(agt.[AGENT_SKILL_LOCATION_ID],-1) AS AGENT_SKILL_LOCATION_ID 
	  ,COALESCE(agt.SK_PERSON_HIER_ID,-1) AS PERSON_HIER_ID
	  , COALESCE(agt.AGENT_TENURE_HIER_ID,-1) AS AGENT_TENURE_HIER_ID
 
FROM 
    [NRDP_DM].[dbo].[FACT_XMC_DETAIL] C left join
	[DIM_TABULAR_AGENT_SKILL_LOCATION_LKP] agt WITH (NOLOCK)
on C.PERNR_NUM = AGT.PERNR_NUM
AND C.FISCAL_PERIOD_INT = AGT.FISCAL_PERIOD_INT;
 
"
FACT_MDM_XMLINES_PENDING_AGENT_DAY_V,"


CREATE VIEW [dbo].[FACT_MDM_XMLINES_PENDING_AGENT_DAY_V]
AS

SELECT CAST(1 AS INT) AS SERIES_ID,   
CAST(Convert(CHAR(8),c.[CALENDAR_DATE],112) AS INT) AS DATEKEY,
C.CALENDAR_DATE,   
--COALESCE(D.[FISCAL_PERIOD_TODATE_INT],c.[FISCAL_PERIOD_INT]) AS FISCAL_PERIOD_TODATE_INT,
c.[FISCAL_PERIOD_INT], --Added by SS on 10/1/21
AGENT_SKILL_LOCATION_ID, 
PERSON_HIER_ID, 
PERNR_NUM,
AGENT_TENURE_HIER_ID,
1 AS XMLINEPENDING_PERNR_DAY_CNT,
COALESCE(C.XM_LINE_DETAIL_ATTRIBUTE_ID,-1) AS XM_LINE_DETAIL_ATTRIBUTE_ID --Added by SS on 10/1/2021
FROM            FACT_MDM_XMLINES_PENDING_V C --JOIN 
 -- DIM_CURRENT_TODATE D 
 -- ON C.CALENDAR_DATE = D.CALENDAR_DATE
WHERE        (PERNR_NUM > 0) AND (SERVICE_ORDER_STATUS_CD = 'PENDING')
GROUP BY CAST(Convert(CHAR(8),c.[CALENDAR_DATE],112) AS INT),    
C.CALENDAR_DATE,   
--COALESCE(D.[FISCAL_PERIOD_TODATE_INT],c.[FISCAL_PERIOD_INT]),
c.[FISCAL_PERIOD_INT], --Added by SS on 10/1/21

AGENT_SKILL_LOCATION_ID, 
PERSON_HIER_ID, 
PERNR_NUM,
AGENT_TENURE_HIER_ID,
COALESCE(C.XM_LINE_DETAIL_ATTRIBUTE_ID,-1) 

"
FACT_MDM_XMLINES_PENDING_V,"


CREATE VIEW [dbo].[FACT_MDM_XMLINES_PENDING_V]
AS
SELECT CAST(1 AS INT) AS SERIES_ID, C.[FISCAL_PERIOD_INT]
       ,COALESCE(D.[FISCAL_PERIOD_TODATE_INT],c.[FISCAL_PERIOD_INT]) AS FISCAL_PERIOD_TODATE_INT
      ,c.[METRIC_SOURCE]
      ,c.[CALENDAR_DATE]
	  ,CAST(Convert(CHAR(8),c.[CALENDAR_DATE],112) AS INT) AS DATEKEY
      --,c.[METRIC_SOURCE_KEY]
      ,C.CUBE_CUSTOMER_ACCOUNT_KEY  % 100 AS CUSTOMER_ACCOUNT_KEY
	, COALESCE(EBB.CUSTOMER_EBB_BULK_KEY,0) AS CUSTOMER_EBB_BULK_KEY -- Added by SS ON 7/19/21

,CAST(-1 AS INTEGER) CUSTOMER_ACCOUNT_DEMO_KEY -- Added by SS ON 7/19/21--
,CAST(-1 AS INTEGER) MOVE_INCOME_CONSTRAINED_ID
      ,C.[PERNR_NUM]
      --,C.[NRDP_AGENT_FISCAL_PERIOD_ID]
      ,[NRDP_CALL_ATTRIBUTE_ID]
      ,[NRDP_CLV_ATTRIBUTE_ID]
      ,[BASE_RGU_PROFILE_ID]
      ,-1 as [TRANSFER_ORIGIN_AGENT_ID]
      ,-1 as [TRANSFER_ORIGIN_IACT_ID]
      ,[TENURE_ID]
      ,-1 AS NBX_M2M_ID
      ,10000 AS SENTIMENT_QA_ID
      ,-1 AS AGENT_TRAINING_ID
	  ,5000 AS CALL_DRIVER_QUERY_ID
	  ,[SERVICE_ORDER_STATUS_CD]
	  ,XM_LINE_PENDING_CNT*DAYS_PENDING_CNT AS DAYS_PENDING_CNT
	  ,1 AS PENDING_WO_COUNT
	  ,ORDER_COMPLETED_DATE
	  ,XM_LINE_PENDING_CNT
      ,COALESCE(agt.[AGENT_SKILL_LOCATION_ID],-1) AS AGENT_SKILL_LOCATION_ID 
      ,COALESCE(agt.SK_PERSON_HIER_ID,-1) AS PERSON_HIER_ID
      , COALESCE(agt.AGENT_TENURE_HIER_ID,-1) AS AGENT_TENURE_HIER_ID
	  ,coalesce(cdr.CALL_DRIVER_GROUP1_ID,0) as CALL_DRIVER_GROUP1_ID
,coalesce(cdr.CALL_DRIVER_GROUP2_ID,0) as CALL_DRIVER_GROUP2_ID
,coalesce(cdr.CALL_DRIVER_GROUP1_ID,0) as CALL_DRIVER_GROUP3_ID
,coalesce(cdr.SPEECH_QUERY_GROUP1_ID,0) as SPEECH_QUERY_GROUP1_ID
,coalesce(cdr.SPEECH_QUERY_GROUP2_ID,0) as SPEECH_QUERY_GROUP2_ID
,COALESCE(EBB.PRODCAT_EBB_ID,0) AS PRODCAT_EBB_ID
,COALESCE(C.XM_LINE_DETAIL_ATTRIBUTE_ID,-1) AS XM_LINE_DETAIL_ATTRIBUTE_ID  -- Added by SS ON 9/17/21

FROM [NRDP_DM].[dbo].[FACT_XMLINES_PENDING] C with (nolock) left join 
  DIM_CURRENT_TODATE D 
  ON C.CALENDAR_DATE = D.CALENDAR_DATE left join 
  FACT_CALL_DRIVER_SPEECH_QUERY_REF cdr
  ON C.FISCAL_PERIOD_INT = cdr.FISCAL_PERIOD_INT
  AND C.CALENDAR_DATE = cdr.CALENDAR_DATE
  AND C.METRIC_SOURCE = cdr.METRIC_SOURCE
  AND C.METRIC_SOURCE_KEY = cdr.METRIC_SOURCE_KEY

left join [DIM_TABULAR_AGENT_SKILL_LOCATION_LKP] agt with (nolock)
   on c.PERNR_NUM = AGT.PERNR_NUM AND C.FISCAL_PERIOD_INT = AGT.FISCAL_PERIOD_INT
 --JOIN DIM_DATE D
 --ON D.CALENDAR_DATE BETWEEN C.RECORD_START_DT AND C.CALENDAR_DATE
--  left JOIN 
--DIM_CUSTOMER_CUST_MAP_LKP_V CM 
--ON C.CUSTOMER_ACCOUNT_KEY  = CM.BASE_CUSTOMER_ACCOUNT_KEY
--AND coalesce(C.NRDP_CUST_MAP_ID,-1)  = CM.NRDP_CUST_MAP_ID
left join FACT_EBB_BULK_REF EBB with (nolock)
    on c.[FISCAL_PERIOD_INT] = EBB.[FISCAL_PERIOD_INT]
  and c.[METRIC_SOURCE] = EBB.[METRIC_SOURCE]
  and  c.[CALENDAR_DATE] =EBB.[CALENDAR_DATE]
  and c.[METRIC_SOURCE_KEY] = EBB.[METRIC_SOURCE_KEY]
  WHERE c.PERNR_NUM > 0 AND SERVICE_ORDER_STATUS_CD='PENDING'
  AND  C.CALENDAR_DATE < DATEADD(D,-1,GETDATE())
  and C.FISCAL_PERIOD_INT > 201812
"
FACT_MDM_XSR_BY_COMPONENT_V,"

CREATE VIEW [dbo].[FACT_MDM_XSR_BY_COMPONENT_V] 
AS
SELECT CAST(1 AS INT) AS SERIES_ID, [FISCAL_PERIOD_INT]
      ,DATEKEY
	  ,FISCAL_PERIOD_TODATE_INT
      ,[METRIC_SOURCE]
      ,[CALENDAR_DATE]
      ,[CUSTOMER_ACCOUNT_KEY] % 100 AS CUSTOMER_ACCOUNT_KEY
      ,[CUSTOMER_EBB_BULK_KEY]
      ,[CUSTOMER_ACCOUNT_DEMO_KEY]
      ,[PERNR_NUM]
      --,[NRDP_AGENT_FISCAL_PERIOD_ID]
      ,[AGENT_SKILL_LOCATION_ID]
      ,[PERSON_HIER_ID]
      ,[AGENT_TENURE_HIER_ID]
      ,[NRDP_CALL_ATTRIBUTE_ID]
      ,[NRDP_CLV_ATTRIBUTE_ID]
      ,[TRANSFER_ORIGIN_AGENT_ID]
      ,[TRANSFER_ORIGIN_IACT_ID]
      ,[TENURE_ID]
      ,[BASE_RGU_PROFILE_ID]
      ,[NBX_M2M_ID]
      ,[SENTIMENT_QA_ID]
      ,[NRDP_CUST_MAP_ID]
      ,[AGENT_TRAINING_ID]
      ,[PRODCAT_EBB_ID]
      ,[CALL_DRIVER_GROUP1_ID]
      ,[CALL_DRIVER_GROUP2_ID]
      ,[CALL_DRIVER_GROUP3_ID]
      ,[SPEECH_QUERY_GROUP1_ID]
      ,[SPEECH_QUERY_GROUP2_ID]
      ,[XM_LINE_DETAIL_ATTRIBUTE_ID]
,XSR_COUNT 
,XSR_COMPONENTS
  FROM [NRDP_DM].[dbo].[FACT_MDM_XSR_V] P
 UNPIVOT  
   (XSR_COUNT FOR XSR_COMPONENTS  IN   
     ( [ADD_FLEX_CONTRIBUTION_CNT]
      ,[ADD_XSR_XFI_COMPLETE_CNT]
      ,[ADD_XSR_XI_SPEED_TIER_CNT]
      ,[ADD_XSR_XFI_GATEWAY_CNT]
      ,[ADD_XSR_XTV_PREFER_TIER_CNT]
      ,[ADD_XSR_XM_LINE_SOLD_CNT]
      ,[XM_LINE_CONTRIBUTION_REFERRAL_CNT]
      ,[XM_LINE_CONTRIBUTION_REFERRAL_PT_CNT]
      ,[XM_LINE_CONTRIBUTION_REFERRAL_CHATPT_CNT]
      ,[XM_LINE_CONTRIBUTION_REFERRAL_R2R_CNT]
      ,[TOTAL_XM_LINE_CONTRIBUTION_CNT])  
)AS unpvt 
WHERE PERNR_NUM > 0
AND XSR_COUNT> 0
"
FACT_MDM_XSR_COMPONENTS_DISTINCT_PERNR,"

CREATE VIEW [dbo].[FACT_MDM_XSR_COMPONENTS_DISTINCT_PERNR] AS 

SELECT 
CAST(1 AS INT) SERIES_ID
,COALESCE(agt.[AGENT_SKILL_LOCATION_ID],-1) AS AGENT_SKILL_LOCATION_ID 
,COALESCE(agt.SK_PERSON_HIER_ID,-1) AS PERSON_HIER_ID
, COALESCE(agt.AGENT_TENURE_HIER_ID,-1) AS AGENT_TENURE_HIER_ID,

 Z.[FISCAL_PERIOD_INT],
      [DATEKEY],
      Z.[NRDP_AGENT_FISCAL_PERIOD_ID],
	   XSR_PERNR,
	   [ANY_XSR_NUMERATOR],
	    [TOTAL_XM_LINE_CONTRIBUTION_CNT],
      [FLEX_DEVICE_ACTIVATION_CNT],
	    [ADD_XSR_XI_SPEED_TIER_CNT],
	    [ADD_XSR_XTV_PREFER_TIER_CNT],
	  [ADD_XSR_XM_LINE_SOLD_CNT],
	    [XM_LINE_CONTRIBUTION_REFERRAL_CNT],
	   [ADD_XSR_XFI_COMPLETE_CNT],
        [ADD_XSR_XFI_GATEWAY_CNT],
        [XM_LINE_SOLD_CNT],
   XSR_COMPONENT_ID 
   FROM
(
select [FISCAL_PERIOD_INT],
      [DATEKEY],
      [NRDP_AGENT_FISCAL_PERIOD_ID],
	   MAX(PERNR_NUM) AS XSR_PERNR,
	   CASE WHEN MAX( [ANY_XSR_NUMERATOR])>0 THEN 1 ELSE 0 END [ANY_XSR_NUMERATOR],
	   CASE WHEN MAX( [TOTAL_XM_LINE_CONTRIBUTION_CNT])>0 THEN 1 ELSE 0 END [TOTAL_XM_LINE_CONTRIBUTION_CNT],
       CASE WHEN MAX( [FLEX_DEVICE_ACTIVATION_CNT])>0 THEN 1 ELSE 0 END [FLEX_DEVICE_ACTIVATION_CNT],
	   CASE WHEN MAX( [ADD_XSR_XI_SPEED_TIER_CNT])>0 THEN 1 ELSE 0 END [ADD_XSR_XI_SPEED_TIER_CNT],
	   CASE WHEN MAX( [ADD_XSR_XTV_PREFER_TIER_CNT])>0 THEN 1 ELSE 0 END [ADD_XSR_XTV_PREFER_TIER_CNT],
	   CASE WHEN MAX( [ADD_XSR_XM_LINE_SOLD_CNT])>0 THEN 1 ELSE 0 END [ADD_XSR_XM_LINE_SOLD_CNT],
	   CASE WHEN MAX( [XM_LINE_CONTRIBUTION_REFERRAL_CNT])>0 THEN 1 ELSE 0 END [XM_LINE_CONTRIBUTION_REFERRAL_CNT],
	   CASE WHEN MAX( [ADD_XSR_XFI_COMPLETE_CNT])>0 THEN 1 ELSE 0 END [ADD_XSR_XFI_COMPLETE_CNT],
       CASE WHEN MAX( [ADD_XSR_XFI_GATEWAY_CNT])>0 THEN 1 ELSE 0 END [ADD_XSR_XFI_GATEWAY_CNT],
       CASE WHEN MAX( [XM_LINE_SOLD_CNT])>0 THEN 1 ELSE 0 END [XM_LINE_SOLD_CNT],

	   NRDP_DM.dbo.BinaryToInteger(REVERSE(CASE WHEN MAX( [ANY_XSR_NUMERATOR])>0 THEN '1' ELSE '0' END +
	   CASE WHEN MAX( [TOTAL_XM_LINE_CONTRIBUTION_CNT])>0 THEN '1' ELSE '0' END +
       CASE WHEN MAX( [FLEX_DEVICE_ACTIVATION_CNT])>0 THEN '1' ELSE '0' END +
	   CASE WHEN MAX( [ADD_XSR_XI_SPEED_TIER_CNT])>0 THEN '1' ELSE '0' END +
	   CASE WHEN MAX( [ADD_XSR_XTV_PREFER_TIER_CNT])>0 THEN '1' ELSE '0' END +
	   CASE WHEN MAX( [ADD_XSR_XM_LINE_SOLD_CNT])>0 THEN '1' ELSE '0' END +
	   CASE WHEN MAX( [XM_LINE_CONTRIBUTION_REFERRAL_CNT])>0 THEN '1' ELSE '0' END +
	   CASE WHEN MAX( [ADD_XSR_XFI_COMPLETE_CNT])>0 THEN '1' ELSE '0' END +
       CASE WHEN MAX( [ADD_XSR_XFI_GATEWAY_CNT])>0 THEN '1' ELSE '0' END +
       CASE WHEN MAX( [XM_LINE_SOLD_CNT])>0 THEN '1' ELSE '0' END ))  XSR_COMPONENT_ID 



	  FROM 
(SELECT [FISCAL_PERIOD_INT],
      [DATEKEY],
      [NRDP_AGENT_FISCAL_PERIOD_ID],
	  PERNR_NUM,
CAST(1 AS INT) AS [ANY_XSR_NUMERATOR],
CAST(0 AS INT) AS [TOTAL_XM_LINE_CONTRIBUTION_CNT],
CAST(1 AS INT) AS  [FLEX_DEVICE_ACTIVATION_CNT],
CAST(0 AS INT) AS [ADD_XSR_XI_SPEED_TIER_CNT],
CAST(0 AS INT) AS [ADD_XSR_XTV_PREFER_TIER_CNT],
CAST(0 AS INT) AS [ADD_XSR_XM_LINE_SOLD_CNT],
CAST(0 AS INT) AS [XM_LINE_CONTRIBUTION_REFERRAL_CNT],
CAST(0 AS INT) AS [ADD_XSR_XFI_COMPLETE_CNT],
CAST(0 AS INT) AS [ADD_XSR_XFI_GATEWAY_CNT],
CAST(0 AS INT) AS [XM_LINE_SOLD_CNT]
  FROM [NRDP_DM].[dbo].[FACT_DEVICE_ACTIVATION]
  where [NRDP_AGENT_FISCAL_PERIOD_ID] > 0
  and [FLEX_ACTIVATION] > 0 
union all

SELECT [FISCAL_PERIOD_INT],
      [DATEKEY],
      [NRDP_AGENT_FISCAL_PERIOD_ID],
	  PERNR_NUM,
CAST(1 AS INT) AS [ANY_XSR_NUMERATOR],
[XM_LINE_CONTRIBUTION_REFERRAL_CNT] AS [TOTAL_XM_LINE_CONTRIBUTION_CNT],
CAST(0 AS INT) AS [FLEX_DEVICE_ACTIVATION_CNT],
[ADD_XSR_XI_SPEED_TIER_CNT],
[ADD_XSR_XTV_PREFER_TIER_CNT],
[ADD_XSR_XM_LINE_SOLD_CNT],
[XM_LINE_CONTRIBUTION_REFERRAL_CNT],
[ADD_XSR_XFI_COMPLETE_CNT],
[ADD_XSR_XFI_GATEWAY_CNT],
CAST(0 AS INT) AS [XM_LINE_SOLD_CNT]
from [dbo].[FACT_XSR]
  where [NRDP_AGENT_FISCAL_PERIOD_ID] > 0
UNION ALL 

SELECT [FISCAL_PERIOD_INT],
      [DATEKEY],
      [NRDP_AGENT_FISCAL_PERIOD_ID],
	  PERNR_NUM,
CAST(1 AS INT) AS [ANY_XSR_NUMERATOR],
CAST(1 AS INT) AS [TOTAL_XM_LINE_CONTRIBUTION_CNT],
CAST(0 AS INT) AS [FLEX_DEVICE_ACTIVATION_CNT],
CAST(0 AS INT) AS [ADD_XSR_XI_SPEED_TIER_CNT],
CAST(0 AS INT) AS [ADD_XSR_XTV_PREFER_TIER_CNT],
CAST(0 AS INT) AS [ADD_XSR_XM_LINE_SOLD_CNT],
CAST(0 AS INT) AS [XM_LINE_CONTRIBUTION_REFERRAL_CNT],
CAST(0 AS INT) AS [ADD_XSR_XFI_COMPLETE_CNT],
CAST(0 AS INT) AS [ADD_XSR_XFI_GATEWAY_CNT],
CAST(1 AS INT) AS [XM_LINE_SOLD_CNT]
from dbo.FACT_XM_LINE_DETAIL
  where [NRDP_AGENT_FISCAL_PERIOD_ID] > 0

  ) X

  group by [FISCAL_PERIOD_INT]
      ,[DATEKEY]
      ,[NRDP_AGENT_FISCAL_PERIOD_ID]
	  ) Z LEFT JOIN 
[DIM_TABULAR_AGENT_SKILL_LOCATION_LKP]	   agt WITH (NOLOCK)
on Z.XSR_PERNR = AGT.PERNR_NUM
AND Z.FISCAL_PERIOD_INT = AGT.FISCAL_PERIOD_INT
"
FACT_MDM_XSR_COMPONENTS_PERNR_V,"



CREATE VIEW [dbo].[FACT_MDM_XSR_COMPONENTS_PERNR_V2] AS 

SELECT 
CAST(1 AS INT) SERIES_ID
,COALESCE(agt.[AGENT_SKILL_LOCATION_ID],-1) AS AGENT_SKILL_LOCATION_ID 
,COALESCE(agt.SK_PERSON_HIER_ID,-1) AS PERSON_HIER_ID
, COALESCE(agt.AGENT_TENURE_HIER_ID,-1) AS AGENT_TENURE_HIER_ID,

 Z.[FISCAL_PERIOD_INT],
      [DATEKEY],
	   XSR_PERNR,
	   [ANY_XSR_NUMERATOR],
	    [TOTAL_XM_LINE_CONTRIBUTION_CNT],
      [FLEX_DEVICE_ACTIVATION_CNT],
	    [ADD_XSR_XI_SPEED_TIER_CNT],
	    [ADD_XSR_XTV_PREFER_TIER_CNT],
	  [ADD_XSR_XM_LINE_SOLD_CNT],
	    [XM_LINE_CONTRIBUTION_REFERRAL_CNT],
	   [ADD_XSR_XFI_COMPLETE_CNT],
        [ADD_XSR_XFI_GATEWAY_CNT],
        [XM_LINE_SOLD_CNT],
   XSR_COMPONENT_ID 
   FROM
(
select [FISCAL_PERIOD_INT],
      [DATEKEY],
      [PERNR_NUM] AS XSR_PERNR,
	   CASE WHEN MAX( [ANY_XSR_NUMERATOR])>0 THEN 1 ELSE 0 END [ANY_XSR_NUMERATOR],
	   CASE WHEN MAX( [TOTAL_XM_LINE_CONTRIBUTION_CNT])>0 THEN 1 ELSE 0 END [TOTAL_XM_LINE_CONTRIBUTION_CNT],
       CASE WHEN MAX( [FLEX_DEVICE_ACTIVATION_CNT])>0 THEN 1 ELSE 0 END [FLEX_DEVICE_ACTIVATION_CNT],
	   CASE WHEN MAX( [ADD_XSR_XI_SPEED_TIER_CNT])>0 THEN 1 ELSE 0 END [ADD_XSR_XI_SPEED_TIER_CNT],
	   CASE WHEN MAX( [ADD_XSR_XTV_PREFER_TIER_CNT])>0 THEN 1 ELSE 0 END [ADD_XSR_XTV_PREFER_TIER_CNT],
	   CASE WHEN MAX( [ADD_XSR_XM_LINE_SOLD_CNT])>0 THEN 1 ELSE 0 END [ADD_XSR_XM_LINE_SOLD_CNT],
	   CASE WHEN MAX( [XM_LINE_CONTRIBUTION_REFERRAL_CNT])>0 THEN 1 ELSE 0 END [XM_LINE_CONTRIBUTION_REFERRAL_CNT],
	   CASE WHEN MAX( [ADD_XSR_XFI_COMPLETE_CNT])>0 THEN 1 ELSE 0 END [ADD_XSR_XFI_COMPLETE_CNT],
       CASE WHEN MAX( [ADD_XSR_XFI_GATEWAY_CNT])>0 THEN 1 ELSE 0 END [ADD_XSR_XFI_GATEWAY_CNT],
       CASE WHEN MAX( [XM_LINE_SOLD_CNT])>0 THEN 1 ELSE 0 END [XM_LINE_SOLD_CNT],

	   NRDP_DM.dbo.BinaryToInteger(REVERSE(CASE WHEN MAX( [ANY_XSR_NUMERATOR])>0 THEN '1' ELSE '0' END +
	   CASE WHEN MAX( [TOTAL_XM_LINE_CONTRIBUTION_CNT])>0 THEN '1' ELSE '0' END +
       CASE WHEN MAX( [FLEX_DEVICE_ACTIVATION_CNT])>0 THEN '1' ELSE '0' END +
	   CASE WHEN MAX( [ADD_XSR_XI_SPEED_TIER_CNT])>0 THEN '1' ELSE '0' END +
	   CASE WHEN MAX( [ADD_XSR_XTV_PREFER_TIER_CNT])>0 THEN '1' ELSE '0' END +
	   CASE WHEN MAX( [ADD_XSR_XM_LINE_SOLD_CNT])>0 THEN '1' ELSE '0' END +
	   CASE WHEN MAX( [XM_LINE_CONTRIBUTION_REFERRAL_CNT])>0 THEN '1' ELSE '0' END +
	   CASE WHEN MAX( [ADD_XSR_XFI_COMPLETE_CNT])>0 THEN '1' ELSE '0' END +
       CASE WHEN MAX( [ADD_XSR_XFI_GATEWAY_CNT])>0 THEN '1' ELSE '0' END +
       CASE WHEN MAX( [XM_LINE_SOLD_CNT])>0 THEN '1' ELSE '0' END ))  XSR_COMPONENT_ID 



	  FROM 
(

SELECT [FISCAL_PERIOD_INT],
CALENDAR_DATE ,
 CONVERt(INT,convert(varchar, CALENDAR_DATE, 112) )      [DATEKEY],
      [NRDP_AGENT_FISCAL_PERIOD_ID],
	  PERNR_NUM,
CAST(1 AS INT) AS [ANY_XSR_NUMERATOR],

[ADD_XSR_XM_LINE_ACTIVATION_SOLD_CNT] +
[ADD_XSR_XM_LINE_SOLD_CNT]+
[XM_LINE_CONTRIBUTION_REFERRAL_CNT] AS [TOTAL_XM_LINE_CONTRIBUTION_CNT],
[ADD_FLEX_CONTRIBUTION_CNT] as [FLEX_DEVICE_ACTIVATION_CNT],
[ADD_XSR_XI_SPEED_TIER_CNT],
[ADD_XSR_XTV_PREFER_TIER_CNT],
[ADD_XSR_XM_LINE_SOLD_CNT],
[XM_LINE_CONTRIBUTION_REFERRAL_CNT],
[ADD_XSR_XFI_COMPLETE_CNT],
[ADD_XSR_XFI_GATEWAY_CNT],
[ADD_XSR_XM_LINE_ACTIVATION_SOLD_CNT] +
[ADD_XSR_XM_LINE_SOLD_CNT] AS [XM_LINE_SOLD_CNT]
from [dbo].[FACT_XSR_GSR_COMPONENTS]
  where PERNR_NUM  > 0
  and [ADD_XSR_XM_LINE_ACTIVATION_SOLD_CNT] +
[ADD_XSR_XM_LINE_SOLD_CNT]+
[XM_LINE_CONTRIBUTION_REFERRAL_CNT] +
[ADD_XSR_XI_SPEED_TIER_CNT]+
[ADD_XSR_XTV_PREFER_TIER_CNT]+
[ADD_XSR_XM_LINE_SOLD_CNT]+
[XM_LINE_CONTRIBUTION_REFERRAL_CNT]+
[ADD_XSR_XFI_COMPLETE_CNT]+
[ADD_XSR_XFI_GATEWAY_CNT] > 0

  ) X

  group by [FISCAL_PERIOD_INT]
      ,[DATEKEY]
      ,[PERNR_NUM]
	  ) Z LEFT JOIN 
[DIM_TABULAR_AGENT_SKILL_LOCATION_LKP]	   agt WITH (NOLOCK)
on Z.XSR_PERNR = AGT.PERNR_NUM
AND Z.FISCAL_PERIOD_INT = AGT.FISCAL_PERIOD_INT
"
FACT_MDM_XSR_GSR_TEST_V,"





CREATE VIEW [dbo].[FACT_MDM_XSR_GSR_TEST_V]
AS
SELECT CAST(1 AS INT) AS SERIES_ID,  F.[FISCAL_PERIOD_INT]
      ,F.[CALENDAR_DATE]
	  ,convert(int,convert(varchar(8),F.CALENDAR_DATE,112)) DATEKEY
      ,F.[METRIC_SOURCE]
      ,F.[METRIC_SOURCE_KEY]
      --,[NRDP_XM_ADD_FACT_ID]
    --  ,[ACTIVATION_NUMBER]
    --  ,[DATEKEY]
      ,F.[CALENDAR_DATE]AS [ORDER_CREATE_DATE]
      ,[CUSTOMER_ACCOUNT_KEY] % 100 AS CUSTOMER_ACCOUNT_KEY
      ,COALESCE(EBB.[CUSTOMER_EBB_BULK_KEY],F.[CUSTOMER_EBB_BULK_KEY]) AS [CUSTOMER_EBB_BULK_KEY]
      ,[CUSTOMER_ACCOUNT_DEMO_KEY]
   --   ,[CUSTOMER_ACCOUNT_ID]
      ,F.[PERNR_NUM]
   --   ,cast(CAST(F.[PERNR_NUM] as varchar(8)) + '.'+right(CAST(F.FISCAL_PERIOD_INT AS varchar(6)),4) as decimal(12,4) )  [NRDP_AGENT_FISCAL_PERIOD_ID]
	  ,COALESCE(agt.[AGENT_SKILL_LOCATION_ID],-1) AS AGENT_SKILL_LOCATION_ID 
      ,COALESCE(agt.SK_PERSON_HIER_ID,-1) AS PERSON_HIER_ID
      , COALESCE(agt.AGENT_TENURE_HIER_ID,-1) AS AGENT_TENURE_HIER_ID

      ,[NRDP_CALL_ATTRIBUTE_ID]
      ,[NRDP_CLV_ATTRIBUTE_ID]
      ,[TRANSFER_ORIGIN_AGENT_ID]
      ,[TRANSFER_ORIGIN_IACT_ID]
      ,[TENURE_ID]
      ,[BASE_RGU_PROFILE_ID]
      ,[NBX_M2M_ID]
      ,[SENTIMENT_QA_ID]
      ,[NRDP_CUST_MAP_ID]
	        ,-1 AS [AGENT_TRAINING_ID]

      ,-1 [PRODCAT_EBB_ID]
      ,0 [CALL_DRIVER_GROUP1_ID]
      ,0 [CALL_DRIVER_GROUP2_ID]
      ,0 [CALL_DRIVER_GROUP3_ID]
      ,0 [SPEECH_QUERY_GROUP1_ID]
      ,0 [SPEECH_QUERY_GROUP2_ID]
      ,COALESCE([XM_LINE_DETAIL_ATTRIBUTE_ID],-1) AS XM_LINE_DETAIL_ATTRIBUTE_ID  --ADDED BY SS ON 11/5/2021
      ,[ADD_FLEX_CONTRIBUTION_CNT]
      ,[ADD_XSR_XFI_COMPLETE_CNT]
      ,[ADD_XSR_XI_SPEED_TIER_CNT]
      ,[ADD_XSR_XFI_GATEWAY_CNT]
      ,[ADD_XSR_XTV_PREFER_TIER_CNT]
      ,[ADD_XSR_XM_LINE_SOLD_CNT]+[ADD_XSR_XM_LINE_ACTIVATION_SOLD_CNT] as [ADD_XSR_XM_LINE_SOLD_CNT]
      ,[XM_LINE_CONTRIBUTION_REFERRAL_CNT]
      ,[XM_LINE_CONTRIBUTION_REFERRAL_PT_CNT]
      ,[XM_LINE_CONTRIBUTION_REFERRAL_CHATPT_CNT]
      ,[XM_LINE_CONTRIBUTION_REFERRAL_R2R_CNT]
	  ,[ADD_XTV_RGU_CNT]
	  ,[ADD_XI_RGU_CNT]
	  ,[ADD_XV_RGU_CNT]
	  ,[ADD_XH_RGU_CNT]
	  ,[XH_LEAD_TRACK_ADD_ORDERCMPLTN]
	  ,[XH_PITCHES]
	  ,[XH_LEAD_TRACK_ADD_ORDERCMPLTN]+[XH_PITCHES] AS XH_RGU_Lead_Contribution_Adds_GSR
	  ,[ADD_XH_RGU_CNT]+[XH_LEAD_TRACK_ADD_ORDERCMPLTN]+[XH_PITCHES] AS TOTAL_XH_CONTRIBUTION_GSR

	  ,[XM_LINE_CONTRIBUTION_REFERRAL_CNT] + [ADD_XSR_XM_LINE_SOLD_CNT]+[ADD_XSR_XM_LINE_ACTIVATION_SOLD_CNT] as TOTAL_XM_LINE_CONTRIBUTION_CNT

      ,CASE WHEN [ADD_FLEX_CONTRIBUTION_CNT] > 0 AND F.PERNR_NUM > 0 THEN F.PERNR_NUM ELSE NULL END AS ADD_FLEX_CONTRIBUTION_PERNR
      ,CASE WHEN [ADD_XSR_XFI_COMPLETE_CNT] > 0 AND F.PERNR_NUM > 0 THEN F.PERNR_NUM ELSE NULL END AS ADD_XSR_XFI_COMPLETE_PERNR
      ,CASE WHEN [ADD_XSR_XI_SPEED_TIER_CNT] > 0 AND F.PERNR_NUM > 0 THEN F.PERNR_NUM ELSE NULL END AS ADD_XSR_XI_SPEED_TIER_PERNR
      ,CASE WHEN [ADD_XSR_XFI_GATEWAY_CNT] > 0 AND F.PERNR_NUM > 0 THEN F.PERNR_NUM ELSE NULL END AS ADD_XSR_XFI_GATEWAY_PERNR
      ,CASE WHEN [ADD_XSR_XTV_PREFER_TIER_CNT] > 0 AND F.PERNR_NUM > 0 THEN F.PERNR_NUM ELSE NULL END AS ADD_XSR_XTV_PREFER_TIER_PERNR
      ,CASE WHEN [ADD_XSR_XM_LINE_SOLD_CNT] > 0 AND F.PERNR_NUM > 0 THEN F.PERNR_NUM ELSE NULL END AS ADD_XSR_XM_LINE_SOLD_PERNR
      ,CASE WHEN [XM_LINE_CONTRIBUTION_REFERRAL_CNT] > 0 AND F.PERNR_NUM > 0 THEN F.PERNR_NUM ELSE NULL END AS XM_LINE_CONTRIBUTION_REFERRAL_PERNR
      ,CASE WHEN [XM_LINE_CONTRIBUTION_REFERRAL_PT_CNT] > 0 AND F.PERNR_NUM > 0 THEN F.PERNR_NUM ELSE NULL END XM_LINE_CONTRIBUTION_REFERRAL_PT_PERNR
      ,CASE WHEN [XM_LINE_CONTRIBUTION_REFERRAL_CHATPT_CNT] > 0 AND F.PERNR_NUM > 0 THEN F.PERNR_NUM ELSE NULL END XM_LINE_CONTRIBUTION_REFERRAL_CHATPT_PERNR
      ,CASE WHEN [XM_LINE_CONTRIBUTION_REFERRAL_R2R_CNT] > 0 AND F.PERNR_NUM > 0 THEN F.PERNR_NUM ELSE NULL END AS XM_LINE_CONTRIBUTION_REFERRAL_R2R_PERNR
	  ,CASE WHEN F.PERNR_NUM > 0 THEN 
		  CASE WHEN [XM_LINE_CONTRIBUTION_REFERRAL_CNT] > 0 THEN  F.PERNR_NUM
		       WHEN [ADD_XSR_XM_LINE_SOLD_CNT] >0 THEN F.PERNR_NUM ELSE NULL END 
	   ELSE NULL END AS TOTAL_XM_LINE_CONTRIBUTION_CNT_PERNR
  FROM [NRDP_DM].[dbo].[FACT_XSR_GSR_COMPONENTS] F LEFT JOIN
  [FACT_EBB_BULK_REF] EBB 
  ON F.FISCAL_PERIOD_INT= EBB.FISCAL_PERIOD_INT
  AND F.METRIC_SOURCE = EBB.METRIC_SOURCE
  AND F.CALENDAR_DATE = EBB.CALENDAR_DATE
  AND F.METRIC_SOURCE_KEY = EBB.METRIC_SOURCE_KEY
 left join [DIM_TABULAR_AGENT_SKILL_LOCATION_LKP] agt with (nolock)
     on f.PERNR_NUM = AGT.PERNR_NUM  AND f.FISCAL_PERIOD_INT = AGT.FISCAL_PERIOD_INT
"
FACT_MDM_XSR_GSR_V,"
CREATE VIEW [dbo].[FACT_MDM_XSR_GSR_V]
AS
SELECT CAST(1 AS INT) AS SERIES_ID,  F.[FISCAL_PERIOD_INT]
      ,F.[CALENDAR_DATE]
	  ,convert(int,convert(varchar(8),F.CALENDAR_DATE,112)) DATEKEY
      ,F.[METRIC_SOURCE]
      --,[METRIC_SOURCE_KEY]
      --,[NRDP_XM_ADD_FACT_ID]
    --  ,[ACTIVATION_NUMBER]
    --  ,[DATEKEY]
      ,F.[CALENDAR_DATE]AS [ORDER_CREATE_DATE]
      ,F.[CUSTOMER_ACCOUNT_KEY] % 100 AS CUSTOMER_ACCOUNT_KEY
     -- ,CASE WHEN F.METRIC_SOURCE IN (1,2,3) THEN COALESCE(EBB.[CUSTOMER_EBB_BULK_KEY],0)  ELSE COALESCE(F.[CUSTOMER_EBB_BULK_KEY],0) END  AS [CUSTOMER_EBB_BULK_KEY]
	  ,COALESCE(F.[CUSTOMER_EBB_BULK_KEY],0) AS CUSTOMER_EBB_BULK_KEY
      ,F.[CUSTOMER_ACCOUNT_DEMO_KEY]
   --   ,[CUSTOMER_ACCOUNT_ID]
      ,F.[PERNR_NUM]
   --   ,cast(CAST(F.[PERNR_NUM] as varchar(8)) + '.'+right(CAST(F.FISCAL_PERIOD_INT AS varchar(6)),4) as decimal(12,4) )  [NRDP_AGENT_FISCAL_PERIOD_ID]
	  ,COALESCE(agt.[AGENT_SKILL_LOCATION_ID],-1) AS AGENT_SKILL_LOCATION_ID 
      ,COALESCE(agt.SK_PERSON_HIER_ID,-1) AS PERSON_HIER_ID
      , COALESCE(agt.AGENT_TENURE_HIER_ID,-1) AS AGENT_TENURE_HIER_ID

      ,F.[NRDP_CALL_ATTRIBUTE_ID]
      ,F.[NRDP_CLV_ATTRIBUTE_ID]
      ,F.[TRANSFER_ORIGIN_AGENT_ID]
      ,F.[TRANSFER_ORIGIN_IACT_ID]
      ,F.[TENURE_ID]
      ,F.[BASE_RGU_PROFILE_ID]
      ,F.[NBX_M2M_ID]
      ,F.[SENTIMENT_QA_ID]
      ,F.[NRDP_CUST_MAP_ID]
	        ,-1 AS [AGENT_TRAINING_ID]

      ,-1 [PRODCAT_EBB_ID]
      ,0 [CALL_DRIVER_GROUP1_ID]
      ,0 [CALL_DRIVER_GROUP2_ID]
      ,0 [CALL_DRIVER_GROUP3_ID]
      ,0 [SPEECH_QUERY_GROUP1_ID]
      ,0 [SPEECH_QUERY_GROUP2_ID]
      ,COALESCE(F.[XM_LINE_DETAIL_ATTRIBUTE_ID],-1) AS XM_LINE_DETAIL_ATTRIBUTE_ID  --ADDED BY SS ON 11/5/2021 --
	  ,COALESCE(dv.MOVE_INCOME_CONSTRAINED_ID,-1) as MOVE_INCOME_CONSTRAINED_ID
      ,[ADD_FLEX_CONTRIBUTION_CNT]
      ,[ADD_XSR_XFI_COMPLETE_CNT]
      ,[ADD_XSR_XI_SPEED_TIER_CNT]
      ,[ADD_XSR_XFI_GATEWAY_CNT]
      ,[ADD_XSR_XTV_PREFER_TIER_CNT]
      ,[ADD_XSR_XM_LINE_SOLD_CNT]+[ADD_XSR_XM_LINE_ACTIVATION_SOLD_CNT] as [ADD_XSR_XM_LINE_SOLD_CNT]
      ,[XM_LINE_CONTRIBUTION_REFERRAL_CNT]
      ,[XM_LINE_CONTRIBUTION_REFERRAL_PT_CNT]
      ,[XM_LINE_CONTRIBUTION_REFERRAL_CHATPT_CNT]
      ,[XM_LINE_CONTRIBUTION_REFERRAL_R2R_CNT]
	  ,[ADD_XTV_RGU_CNT]
	  ,[ADD_XI_RGU_CNT]
	  ,[ADD_XV_RGU_CNT]
	  ,[ADD_XH_RGU_CNT]
	  ,[XH_LEAD_TRACK_ADD_ORDERCMPLTN]
	  ,[XH_PITCHES]
	  ,[XH_LEAD_TRACK_ADD_ORDERCMPLTN]+[XH_PITCHES] AS XH_RGU_Lead_Contribution_Adds_GSR
	  ,[ADD_XH_RGU_CNT]+[XH_LEAD_TRACK_ADD_ORDERCMPLTN]+[XH_PITCHES] AS TOTAL_XH_CONTRIBUTION_GSR

	  ,[XM_LINE_CONTRIBUTION_REFERRAL_CNT] + [ADD_XSR_XM_LINE_SOLD_CNT]+[ADD_XSR_XM_LINE_ACTIVATION_SOLD_CNT] as TOTAL_XM_LINE_CONTRIBUTION_CNT
	  ,ADD_XSR_BULK_TVULTM_CNT
	  ,UPGRADE_XSR_INTERNET_ESSENTIALS_PLUS_CNT

      ,CASE WHEN [ADD_FLEX_CONTRIBUTION_CNT] > 0 AND F.PERNR_NUM > 0 THEN F.PERNR_NUM ELSE NULL END AS ADD_FLEX_CONTRIBUTION_PERNR
      ,CASE WHEN [ADD_XSR_XFI_COMPLETE_CNT] > 0 AND F.PERNR_NUM > 0 THEN F.PERNR_NUM ELSE NULL END AS ADD_XSR_XFI_COMPLETE_PERNR
      ,CASE WHEN [ADD_XSR_XI_SPEED_TIER_CNT] > 0 AND F.PERNR_NUM > 0 THEN F.PERNR_NUM ELSE NULL END AS ADD_XSR_XI_SPEED_TIER_PERNR
      ,CASE WHEN [ADD_XSR_XFI_GATEWAY_CNT] > 0 AND F.PERNR_NUM > 0 THEN F.PERNR_NUM ELSE NULL END AS ADD_XSR_XFI_GATEWAY_PERNR
      ,CASE WHEN [ADD_XSR_XTV_PREFER_TIER_CNT] > 0 AND F.PERNR_NUM > 0 THEN F.PERNR_NUM ELSE NULL END AS ADD_XSR_XTV_PREFER_TIER_PERNR
      ,CASE WHEN [ADD_XSR_XM_LINE_SOLD_CNT] > 0 AND F.PERNR_NUM > 0 THEN F.PERNR_NUM ELSE NULL END AS ADD_XSR_XM_LINE_SOLD_PERNR
      ,CASE WHEN [XM_LINE_CONTRIBUTION_REFERRAL_CNT] > 0 AND F.PERNR_NUM > 0 THEN F.PERNR_NUM ELSE NULL END AS XM_LINE_CONTRIBUTION_REFERRAL_PERNR
      ,CASE WHEN [XM_LINE_CONTRIBUTION_REFERRAL_PT_CNT] > 0 AND F.PERNR_NUM > 0 THEN F.PERNR_NUM ELSE NULL END XM_LINE_CONTRIBUTION_REFERRAL_PT_PERNR
      ,CASE WHEN [XM_LINE_CONTRIBUTION_REFERRAL_CHATPT_CNT] > 0 AND F.PERNR_NUM > 0 THEN F.PERNR_NUM ELSE NULL END XM_LINE_CONTRIBUTION_REFERRAL_CHATPT_PERNR
      ,CASE WHEN [XM_LINE_CONTRIBUTION_REFERRAL_R2R_CNT] > 0 AND F.PERNR_NUM > 0 THEN F.PERNR_NUM ELSE NULL END AS XM_LINE_CONTRIBUTION_REFERRAL_R2R_PERNR
	  ,CASE WHEN F.PERNR_NUM > 0 THEN 
		  CASE WHEN [XM_LINE_CONTRIBUTION_REFERRAL_CNT] > 0 THEN  F.PERNR_NUM
		       WHEN [ADD_XSR_XM_LINE_SOLD_CNT] >0 THEN F.PERNR_NUM ELSE NULL END 
	   ELSE NULL END AS TOTAL_XM_LINE_CONTRIBUTION_CNT_PERNR
	  ,CASE WHEN [ADD_XSR_BULK_TVULTM_CNT] > 0 AND F.PERNR_NUM > 0 THEN F.PERNR_NUM ELSE NULL END ADD_XSR_BULK_TVULTM_CNT_PERNR
	  ,CASE WHEN [UPGRADE_XSR_INTERNET_ESSENTIALS_PLUS_CNT] > 0 AND F.PERNR_NUM > 0 THEN F.PERNR_NUM ELSE NULL END UPGRADE_XSR_INTERNET_ESSENTIALS_PLUS_CNT_PERNR
	  ,ADD_XSR_XI_SPEED_TIER_CNT_2023 AS ADD_XSR_XI_SPEED_TIER_2023
	  ,XSR_COMPONENTS_2023
	  ,GSR_COMPONENTS_2023
	  --DMRASSIST-5580
	  ,CASE WHEN LOWER(DIM_XM.BRAND_NAME) in ('samsung','apple') AND DIM_XM.BYOD_IND = 'No' AND DIM_XM.CATEGORY_DESC ='Watch'
	   THEN [ADD_XSR_XM_LINE_SOLD_CNT]+[ADD_XSR_XM_LINE_ACTIVATION_SOLD_CNT] ELSE 0 END AS XM_WEARABLE_SOLD_BYOD_IND_CNT
	  ,CASE WHEN LOWER(DIM_XM.BRAND_NAME) in ('samsung','apple') AND DIM_XM.BYOD_IND = 'No' AND DIM_XM.CATEGORY_DESC ='Phone'
	   THEN [ADD_XSR_XM_LINE_SOLD_CNT]+[ADD_XSR_XM_LINE_ACTIVATION_SOLD_CNT] ELSE 0 END AS XM_PHONES_SOLD_BYOD_IND_CNT
	  ,CASE WHEN LOWER(DIM_XM.BRAND_NAME) in ('samsung','apple') AND DIM_XM.CATEGORY_DESC ='Watch'
	   THEN [ADD_XSR_XM_LINE_SOLD_CNT]+[ADD_XSR_XM_LINE_ACTIVATION_SOLD_CNT] ELSE 0 END AS XM_WEARABLE_SOLD_CNT
	   ,CASE WHEN LOWER(DIM_XM.BRAND_NAME) in ('samsung','apple') AND DIM_XM.CATEGORY_DESC ='Phone'
	   THEN [ADD_XSR_XM_LINE_SOLD_CNT]+[ADD_XSR_XM_LINE_ACTIVATION_SOLD_CNT] ELSE 0 END AS XM_PHONES_SOLD_CNT
	  --DMRASSIST-5579
	  ,CASE WHEN DIM_XM.BYOD_IND = 'No' AND DIM_XM.CATEGORY_DESC <> 'Watch'
	   THEN [ADD_XSR_XM_LINE_SOLD_CNT]+[ADD_XSR_XM_LINE_ACTIVATION_SOLD_CNT] ELSE 0 END AS XM_EXCEPT_WATCH_SOLD_BYOD_IND_CNT
	   --DMRCXSO-6195
	   ,CASE WHEN a.ADD_XSR_XM_LINE_SOLD_CNT_PNR>=2 THEN f.[PERNR_NUM] ELSE -1 END AS PERNR_NUM_2_XM_LINES,
CASE WHEN a.ADD_XSR_XM_LINE_SOLD_CNT_PNR>=3 THEN f.[PERNR_NUM] ELSE -1 END AS PERNR_NUM_3_XM_LINES,
CASE WHEN a.ADD_XSR_XM_LINE_SOLD_CNT_PNR>=4 THEN f.[PERNR_NUM] ELSE -1 END AS PERNR_NUM_4_XM_LINES,
CASE WHEN a.ADD_XSR_XM_LINE_SOLD_CNT_PNR>=10 THEN f.[PERNR_NUM] ELSE -1 END AS PERNR_NUM_10_XM_LINES
--DMRCXSO-7079
,F.GSR_COMPONENTS_2024
--DMRCXSO-8458
,ADD_NOW_MOBILE_LINE_CNT
--DMRCXSO-14143
,F.UPGRADE_XM_NEW_DEVICE_ADD AS UPGRADE_XM_NEW_DEVICE_ADD
--DMRCXSO-14285
,GSR_COMPONENTS_2026
,ADD_GSR_SPEED_TIER_CNT_2026
  FROM [NRDP_DM].[dbo].[FACT_XSR_GSR_COMPONENTS] F LEFT JOIN
  [FACT_EBB_BULK_REF] EBB 
  ON F.FISCAL_PERIOD_INT= EBB.FISCAL_PERIOD_INT
  AND F.METRIC_SOURCE = EBB.METRIC_SOURCE
  AND F.CALENDAR_DATE = EBB.CALENDAR_DATE
  AND F.METRIC_SOURCE_KEY = EBB.METRIC_SOURCE_KEY
 left join [DIM_TABULAR_AGENT_SKILL_LOCATION_LKP] agt with (nolock)
     on f.PERNR_NUM = AGT.PERNR_NUM  AND f.FISCAL_PERIOD_INT = AGT.FISCAL_PERIOD_INT
LEFT JOIN LKP_DIM_VALUES_ORDERS dv
on F.METRIC_SOURCE_KEY = DV.METRIC_SOURCE_KEY
AND F.CUSTOMER_ACCOUNT_ID = DV.CUSTOMER_ACCOUNT_ID
AND F.CALENDAR_DATE = DV.CALENDAR_DATE
AND F.PERNR_NUM = DV.PERNR_NUM
LEFT JOIN  [dbo].[DIM_MDM_XM_LINE_DETAIL_ATTRIBUTE_V] DIM_XM on DIM_XM.[XM_LINE_DETAIL_ATTRIBUTE_ID] = F.[XM_LINE_DETAIL_ATTRIBUTE_ID]
LEFT JOIN FACT_MDM_XSR_GSR_XM_LINES_V a
on f.FISCAL_PERIOD_INT=a.FISCAL_PERIOD_INT
and f.PERNR_NUM=a.[PERNR_NUM]
"
FACT_MDM_XSR_GSR_XM_LINES_V,"




CREATE VIEW [dbo].[FACT_MDM_XSR_GSR_XM_LINES_V]
AS
SELECT P.[FISCAL_PERIOD_INT],P.[PERNR_NUM],
SUM(P.[ADD_XSR_XM_LINE_SOLD_CNT]+P.[ADD_XSR_XM_LINE_ACTIVATION_SOLD_CNT]) AS ADD_XSR_XM_LINE_SOLD_CNT_PNR
--SUM(P.[ADD_XSR_XM_LINE_SOLD_CNT]) AS ADD_XSR_XM_LINE_SOLD_CNT_PNR
      	      					FROM [dbo].[FACT_XSR_GSR_COMPONENTS] P
								GROUP BY P.[FISCAL_PERIOD_INT],P.[PERNR_NUM]
		    					HAVING SUM(P.[ADD_XSR_XM_LINE_SOLD_CNT]+P.[ADD_XSR_XM_LINE_ACTIVATION_SOLD_CNT])>=2
								
"
FACT_MDM_XSR_GSR_XM_MULTILINES_V,"



CREATE VIEW [dbo].[FACT_MDM_XSR_GSR_XM_MULTILINES_V]
AS
SELECT f.CALENDAR_DATE,f.PERNR_NUM,f.TOTAL_LINES,f.XM_LINES,

--(CASE WHEN f.XM_LINES>=2 THEN 1 ELSE 0 END) AS PERNR_NUM_2_XM_LINES,
--(CASE WHEN f.XM_LINES>=3 THEN 1 ELSE 0 END) AS PERNR_NUM_3_XM_LINES,
--(CASE WHEN f.XM_LINES>=4 THEN 1 ELSE 0 END) AS PERNR_NUM_4_XM_LINES,
--(CASE WHEN f.XM_LINES>=10 THEN 1 ELSE 0 END) AS PERNR_NUM_10_XM_LINES,
--(CASE WHEN f.TOTAL_LINES>=2 THEN 1 ELSE 0 END) AS PERNR_NUM_2_TOTAL_LINES,
--(CASE WHEN f.TOTAL_LINES>=3 THEN 1 ELSE 0 END) AS PERNR_NUM_3_TOTAL_LINES,
--(CASE WHEN f.TOTAL_LINES>=4 THEN 1 ELSE 0 END) AS PERNR_NUM_4_TOTAL_LINES,
--(CASE WHEN f.TOTAL_LINES>=10 THEN 1 ELSE 0 END) AS PERNR_NUM_10_TOTAL_LINES,

dt.FISCAL_PERIOD_INT,
dt.DATEKEY
,COALESCE(agt.[AGENT_SKILL_LOCATION_ID],-1) AS AGENT_SKILL_LOCATION_ID 
      ,COALESCE(agt.SK_PERSON_HIER_ID,-1) AS PERSON_HIER_ID
      , COALESCE(agt.AGENT_TENURE_HIER_ID,-1) AS AGENT_TENURE_HIER_ID
                        FROM (select [CALENDAR_DATE],[PERNR_NUM],TOTAL_LINES,XM_LINES from 
(
select COALESCE(XM.[CALENDAR_DATE],NOWM.[CALENDAR_DATE]) as [CALENDAR_DATE],
COALESCE(XM.[PERNR_NUM],NOWM.[PERNR_NUM]) as [PERNR_NUM],
COALESCE(XM.XM_LINES,0)+COALESCE(NOWM.ADD_NOW_XM_LINE_CNT,0) as TOTAL_LINES,
COALESCE(XM.XM_LINES,0) as XM_LINES
from 
(
SELECT P.[CALENDAR_DATE],P.[PERNR_NUM],
SUM(P.[ADD_XSR_XM_LINE_SOLD_CNT]+P.[ADD_XSR_XM_LINE_ACTIVATION_SOLD_CNT]) AS XM_LINES
FROM [dbo].[FACT_XSR_GSR_COMPONENTS] P
GROUP BY P.[CALENDAR_DATE],P.[PERNR_NUM]
)XM
full outer join 
(
SELECT P.[CALENDAR_DATE],P.[PERNR_NUM],
SUM(P.[ADD_NOW_XM_LINE_CNT]) AS ADD_NOW_XM_LINE_CNT
FROM [dbo].[FACT_MDM_ORDERS_V] P
GROUP BY P.[CALENDAR_DATE],P.[PERNR_NUM]
)NOWM
on XM.[PERNR_NUM]=NOWM.[PERNR_NUM]
and xm.[CALENDAR_DATE]=NOWM.[CALENDAR_DATE]
)a
where TOTAL_LINES>0) f
	   join DIM_DATE_CUSTOM_PERIODS dt on dt.CALENDAR_DATE = f.CALENDAR_DATE
                left join [DIM_TABULAR_AGENT_SKILL_LOCATION_LKP] agt with (nolock)
     on f.PERNR_NUM = AGT.PERNR_NUM  AND dt.FISCAL_PERIOD_INT = AGT.FISCAL_PERIOD_INT
"
FACT_MDM_XSR_PERNR_BY_COMPONENTS_OLD_V,"






CREATE VIEW [dbo].[FACT_MDM_XSR_PERNR_BY_COMPONENTS_V] 
AS
SELECT Z.*
,D.XSR_COMPONENT_ID 
FROM 
(
SELECT CAST(1 AS INT) AS SERIES_ID, [FISCAL_PERIOD_INT]
      ,DATEKEY
      ,[METRIC_SOURCE]
      ,[CALENDAR_DATE]
      ,[CUSTOMER_ACCOUNT_KEY]
       ,[PERNR_NUM]
      ,[AGENT_SKILL_LOCATION_ID]
      ,[PERSON_HIER_ID]
      ,[AGENT_TENURE_HIER_ID]
      ,[NRDP_CALL_ATTRIBUTE_ID]
      ,[AGENT_TRAINING_ID]
      ,[XM_LINE_DETAIL_ATTRIBUTE_ID]
,XSR_COUNT 
,XSR_COMPONENT
  FROM [NRDP_DM].[dbo].[FACT_MDM_XSR_V] P
 UNPIVOT  
   (XSR_COUNT FOR XSR_COMPONENT  IN   
     ( [ADD_FLEX_CONTRIBUTION_CNT]
      ,[ADD_XSR_XFI_COMPLETE_CNT]
      ,[ADD_XSR_XI_SPEED_TIER_CNT]
      ,[ADD_XSR_XFI_GATEWAY_CNT]
      ,[ADD_XSR_XTV_PREFER_TIER_CNT]
      ,[ADD_XSR_XM_LINE_SOLD_CNT]
      ,[XM_LINE_CONTRIBUTION_REFERRAL_CNT]
      ,[XM_LINE_CONTRIBUTION_REFERRAL_PT_CNT]
      ,[XM_LINE_CONTRIBUTION_REFERRAL_CHATPT_CNT]
      ,[XM_LINE_CONTRIBUTION_REFERRAL_R2R_CNT]
      ,[TOTAL_XM_LINE_CONTRIBUTION_CNT])  
)AS unpvt 
WHERE PERNR_NUM > 0
AND XSR_COUNT> 0
) Z  JOIN DIM_MDM_XSR_COMPONENT_V D
ON Z.XSR_COMPONENT = D.XSR_COMPONENT 
UNION ALL
SELECT  [SERIES_ID]
      ,[FISCAL_PERIOD_INT]
      ,[DATEKEY]
	  ,1 AS METRIC_SOURCE 
      ,[CALENDAR_DATE]
      ,[CUSTOMER_ACCOUNT_KEY]
      ,[PERNR_NUM]
      ,[AGENT_SKILL_LOCATION_ID]
      ,[PERSON_HIER_ID]
      ,[AGENT_TENURE_HIER_ID]
      ,[NRDP_CALL_ATTRIBUTE_ID]
      ,[AGENT_TRAINING_ID]
	  , -1  AS [XM_LINE_DETAIL_ATTRIBUTE_ID]
	  ,[XH_PITCH] XSR_COUNT
	  ,'XH RGU Lead Contribution Adds GSR' AS [XSR_COMPONENT]
	  ,12 AS [XSR_COMPONENT_ID]

  FROM [dbo].[FACT_MDM_PITCHES_MOVES_V]
  where [XH_PITCH] > 0
  union all
  SELECT  [SERIES_ID]
      ,[FISCAL_PERIOD_INT]
	  ,1 METRIC_SOURCE
      ,[DATEKEY]
      ,[CALENDAR_DATE]
      ,[CUSTOMER_ACCOUNT_KEY]
      ,[PERNR_NUM]
      ,[AGENT_SKILL_LOCATION_ID]
      ,[PERSON_HIER_ID]
      ,[AGENT_TENURE_HIER_ID]
      ,[NRDP_CALL_ATTRIBUTE_ID]
      ,[AGENT_TRAINING_ID]
	  ,-1 AS [XM_LINE_DETAIL_ATTRIBUTE_ID]
	  ,[XH_LEAD_TRACK_NUM] AS XSR_COUNT
	  ,'XH RGU Lead Contribution Adds GSR' AS [XSR_COMPONENT]
	  ,12 AS [XSR_COMPONENT_ID]
	  from [dbo].[FACT_MDM_SALES_TRACK_ORDERCMPLTN_V]
	  where [XH_LEAD_TRACK_NUM]> 0
  union all
  SELECT  [SERIES_ID]
      ,[FISCAL_PERIOD_INT]
	  ,1 METRIC_SOURCE
      ,[DATEKEY]
      ,[CALENDAR_DATE]
      ,[CUSTOMER_ACCOUNT_KEY]
      ,[PERNR_NUM]
      ,[AGENT_SKILL_LOCATION_ID]
      ,[PERSON_HIER_ID]
      ,[AGENT_TENURE_HIER_ID]
      ,[NRDP_CALL_ATTRIBUTE_ID]
      ,[AGENT_TRAINING_ID]
	  ,-1 AS [XM_LINE_DETAIL_ATTRIBUTE_ID]
	  ,[ADD_XH_RGU_CNT] AS XSR_COUNT
	  ,'TOTAL_XH_CONTRIBUTION_GSR' AS [XSR_COMPONENT]
	  ,13 AS [XSR_COMPONENT_ID]
	  from [dbo].[FACT_MDM_ORDERS_V]
	  where [ADD_XH_RGU_CNT]> 0

"
FACT_MDM_XSR_PERNR_BY_COMPONENTS_V,"








CREATE VIEW [dbo].[FACT_MDM_XSR_PERNR_BY_COMPONENTS_V] 
AS
SELECT Z.*
,D.XSR_COMPONENT_ID 
FROM 
(
SELECT CAST(1 AS INT) AS SERIES_ID, [FISCAL_PERIOD_INT]
      ,DATEKEY
      ,[METRIC_SOURCE]
      ,[CALENDAR_DATE]
      ,[CUSTOMER_ACCOUNT_KEY]
       ,[PERNR_NUM]
      ,[AGENT_SKILL_LOCATION_ID]
      ,[PERSON_HIER_ID]
      ,[AGENT_TENURE_HIER_ID]
      ,[NRDP_CALL_ATTRIBUTE_ID]
      ,[AGENT_TRAINING_ID]
      ,[XM_LINE_DETAIL_ATTRIBUTE_ID]
,XSR_COUNT 
,XSR_COMPONENT
  FROM [NRDP_DM].[dbo].[FACT_MDM_XSR_GSR_V] P
 UNPIVOT  
   (XSR_COUNT FOR XSR_COMPONENT  IN   
     ( [ADD_FLEX_CONTRIBUTION_CNT]
      ,[ADD_XSR_XFI_COMPLETE_CNT]
      ,[ADD_XSR_XI_SPEED_TIER_CNT]
      ,[ADD_XSR_XFI_GATEWAY_CNT]
      ,[ADD_XSR_XTV_PREFER_TIER_CNT]
      ,[ADD_XSR_XM_LINE_SOLD_CNT]
      ,[XM_LINE_CONTRIBUTION_REFERRAL_CNT]
      ,[XM_LINE_CONTRIBUTION_REFERRAL_PT_CNT]
      ,[XM_LINE_CONTRIBUTION_REFERRAL_CHATPT_CNT]
      ,[XM_LINE_CONTRIBUTION_REFERRAL_R2R_CNT]
      ,[TOTAL_XM_LINE_CONTRIBUTION_CNT]
	  ,[XH_RGU_Lead_Contribution_Adds_GSR]
	  ,[TOTAL_XH_CONTRIBUTION_GSR]
  	  ,[ADD_XSR_BULK_TVULTM_CNT]
	  ,[UPGRADE_XSR_INTERNET_ESSENTIALS_PLUS_CNT])  
)AS unpvt 
WHERE PERNR_NUM > 0
AND XSR_COUNT> 0
) Z  JOIN DIM_MDM_XSR_COMPONENT_V D
ON Z.XSR_COMPONENT = D.XSR_COMPONENT 

"
FACT_MDM_XSR_V,"
CREATE VIEW [dbo].[FACT_MDM_XSR_V]
AS
SELECT CAST(1 AS INT) AS SERIES_ID,  F.[FISCAL_PERIOD_INT]
       ,COALESCE(D.[FISCAL_PERIOD_TODATE_INT],F.[FISCAL_PERIOD_INT]) AS FISCAL_PERIOD_TODATE_INT
      ,F.[CALENDAR_DATE]
      ,F.DATEKEY
      ,[METRIC_SOURCE]
      --,[METRIC_SOURCE_KEY]
      --,[NRDP_XM_ADD_FACT_ID]
    --  ,[ACTIVATION_NUMBER]
    --  ,[DATEKEY]
      ,[ORDER_CREATE_DATE]
      ,[CUSTOMER_ACCOUNT_KEY] % 100 AS CUSTOMER_ACCOUNT_KEY
      ,[CUSTOMER_EBB_BULK_KEY]
      ,[CUSTOMER_ACCOUNT_DEMO_KEY]
   --   ,[CUSTOMER_ACCOUNT_ID]
      ,F.[PERNR_NUM]
   --   ,cast(CAST(F.[PERNR_NUM] as varchar(8)) + '.'+right(CAST(F.FISCAL_PERIOD_INT AS varchar(6)),4) as decimal(12,4) )  [NRDP_AGENT_FISCAL_PERIOD_ID]
	  ,COALESCE(agt.[AGENT_SKILL_LOCATION_ID],-1) AS AGENT_SKILL_LOCATION_ID 
      ,COALESCE(agt.SK_PERSON_HIER_ID,-1) AS PERSON_HIER_ID
      , COALESCE(agt.AGENT_TENURE_HIER_ID,-1) AS AGENT_TENURE_HIER_ID

      ,[NRDP_CALL_ATTRIBUTE_ID]
      ,[NRDP_CLV_ATTRIBUTE_ID]
      ,[TRANSFER_ORIGIN_AGENT_ID]
      ,[TRANSFER_ORIGIN_IACT_ID]
      ,[TENURE_ID]
      ,[BASE_RGU_PROFILE_ID]
      ,[NBX_M2M_ID]
      ,[SENTIMENT_QA_ID]
      ,[NRDP_CUST_MAP_ID]
	        ,-1 AS [AGENT_TRAINING_ID]

      ,[PRODCAT_EBB_ID]
      ,[CALL_DRIVER_GROUP1_ID]
      ,[CALL_DRIVER_GROUP2_ID]
      ,[CALL_DRIVER_GROUP3_ID]
      ,[SPEECH_QUERY_GROUP1_ID]
      ,[SPEECH_QUERY_GROUP2_ID]
      ,COALESCE([XM_LINE_DETAIL_ATTRIBUTE_ID],-1) AS XM_LINE_DETAIL_ATTRIBUTE_ID  --ADDED BY SS ON 11/5/2021
      ,[ADD_FLEX_CONTRIBUTION_CNT]
      ,[ADD_XSR_XFI_COMPLETE_CNT]
      ,[ADD_XSR_XI_SPEED_TIER_CNT]
      ,[ADD_XSR_XFI_GATEWAY_CNT]
      ,[ADD_XSR_XTV_PREFER_TIER_CNT]
      ,[ADD_XSR_XM_LINE_SOLD_CNT]
      ,[XM_LINE_CONTRIBUTION_REFERRAL_CNT]
      ,[XM_LINE_CONTRIBUTION_REFERRAL_PT_CNT]
      ,[XM_LINE_CONTRIBUTION_REFERRAL_CHATPT_CNT]
      ,[XM_LINE_CONTRIBUTION_REFERRAL_R2R_CNT]
	  ,CASE WHEN [XM_LINE_CONTRIBUTION_REFERRAL_CNT] > 0 THEN 1 
		WHEN [ADD_XSR_XM_LINE_SOLD_CNT] >0 THEN 1 ELSE 0 END AS TOTAL_XM_LINE_CONTRIBUTION_CNT
      ,CASE WHEN [ADD_FLEX_CONTRIBUTION_CNT] > 0 AND F.PERNR_NUM > 0 THEN F.PERNR_NUM ELSE NULL END AS ADD_FLEX_CONTRIBUTION_PERNR
      ,CASE WHEN [ADD_XSR_XFI_COMPLETE_CNT] > 0 AND F.PERNR_NUM > 0 THEN F.PERNR_NUM ELSE NULL END AS ADD_XSR_XFI_COMPLETE_PERNR
      ,CASE WHEN [ADD_XSR_XI_SPEED_TIER_CNT] > 0 AND F.PERNR_NUM > 0 THEN F.PERNR_NUM ELSE NULL END AS ADD_XSR_XI_SPEED_TIER_PERNR
      ,CASE WHEN [ADD_XSR_XFI_GATEWAY_CNT] > 0 AND F.PERNR_NUM > 0 THEN F.PERNR_NUM ELSE NULL END AS ADD_XSR_XFI_GATEWAY_PERNR
      ,CASE WHEN [ADD_XSR_XTV_PREFER_TIER_CNT] > 0 AND F.PERNR_NUM > 0 THEN F.PERNR_NUM ELSE NULL END AS ADD_XSR_XTV_PREFER_TIER_PERNR
      ,CASE WHEN [ADD_XSR_XM_LINE_SOLD_CNT] > 0 AND F.PERNR_NUM > 0 THEN F.PERNR_NUM ELSE NULL END AS ADD_XSR_XM_LINE_SOLD_PERNR
      ,CASE WHEN [XM_LINE_CONTRIBUTION_REFERRAL_CNT] > 0 AND F.PERNR_NUM > 0 THEN F.PERNR_NUM ELSE NULL END AS XM_LINE_CONTRIBUTION_REFERRAL_PERNR
      ,CASE WHEN [XM_LINE_CONTRIBUTION_REFERRAL_PT_CNT] > 0 AND F.PERNR_NUM > 0 THEN F.PERNR_NUM ELSE NULL END XM_LINE_CONTRIBUTION_REFERRAL_PT_PERNR
      ,CASE WHEN [XM_LINE_CONTRIBUTION_REFERRAL_CHATPT_CNT] > 0 AND F.PERNR_NUM > 0 THEN F.PERNR_NUM ELSE NULL END XM_LINE_CONTRIBUTION_REFERRAL_CHATPT_PERNR
      ,CASE WHEN [XM_LINE_CONTRIBUTION_REFERRAL_R2R_CNT] > 0 AND F.PERNR_NUM > 0 THEN F.PERNR_NUM ELSE NULL END AS XM_LINE_CONTRIBUTION_REFERRAL_R2R_PERNR
	  ,CASE WHEN F.PERNR_NUM > 0 THEN 
		  CASE WHEN [XM_LINE_CONTRIBUTION_REFERRAL_CNT] > 0 THEN  F.PERNR_NUM
		       WHEN [ADD_XSR_XM_LINE_SOLD_CNT] >0 THEN F.PERNR_NUM ELSE NULL END 
	   ELSE NULL END AS TOTAL_XM_LINE_CONTRIBUTION_CNT_PERNR
  FROM [NRDP_DM].[dbo].[FACT_XSR_ALL] F left join 
  DIM_CURRENT_TODATE D 
  ON F.CALENDAR_DATE = D.CALENDAR_DATE left join [DIM_TABULAR_AGENT_SKILL_LOCATION_LKP] agt with (nolock)
     on f.PERNR_NUM = AGT.PERNR_NUM  AND f.FISCAL_PERIOD_INT = AGT.FISCAL_PERIOD_INT
"
